node_id,observation_date,chlorophyll_mg_m3
GJ-VER-0001,2026-09-02,0.9976858496665956
GJ-VER-0002,2026-09-02,1.0659770965576172
GJ-VER-0003,2026-09-02,1.116815209388733
GJ-VER-0004,2026-09-02,1.1085821390151978
GJ-VER-0005,2026-09-02,1.3167309761047363
GJ-VER-0006,2026-09-02,1.3642562627792358
GJ-VER-0007,2026-09-02,0.8812825083732605
GJ-VER-0008,2026-09-02,1.0171316862106323
GJ-VER-0009,2026-09-02,0.966502010822296
GJ-VER-0010,2026-09-02,1.1248960494995115
GJ-VER-0011,2026-09-02,1.2543995380401611
GJ-VER-0012,2026-09-02,1.361348032951355
GJ-VER-0013,2026-09-02,0.8360466361045837
GJ-VER-0014,2026-09-02,0.8814844489097595
GJ-VER-0015,2026-09-02,1.0443168878555298
GJ-VER-0016,2026-09-02,1.0819674730300903
GJ-VER-0017,2026-09-02,1.4671745300292969
GJ-VER-0018,2026-09-02,1.285736322402954
GJ-VER-0019,2026-09-02,0.8443185091018677
GJ-VER-0020,2026-09-02,0.9356619715690612
GJ-VER-0021,2026-09-02,1.1529321670532229
GJ-VER-0022,2026-09-02,1.2997753620147705
GJ-VER-0023,2026-09-02,1.3997046947479248
GJ-VER-0024,2026-09-02,0.7959508299827576
GJ-VER-0025,2026-09-02,0.8481509685516357
GJ-VER-0026,2026-09-02,0.965758979320526
GJ-VER-0027,2026-09-02,1.313065528869629
GJ-VER-0028,2026-09-02,1.4760149717330933
GJ-VER-0029,2026-09-02,0.7541444301605225
GJ-VER-0030,2026-09-02,0.8072871565818787
GJ-VER-0031,2026-09-02,0.9468429088592528
GJ-VER-0032,2026-09-02,0.971834659576416
GJ-VER-0033,2026-09-02,1.3846627473831177
GJ-VER-0034,2026-09-02,
GJ-VER-0035,2026-09-02,0.7417622208595276
GJ-VER-0036,2026-09-02,0.8458750247955322
GJ-VER-0037,2026-09-02,0.833497941493988
GJ-VER-0038,2026-09-02,0.9356619715690612
GJ-VER-0039,2026-09-02,0.965758979320526
GJ-VER-0040,2026-09-02,0.8754172325134277
GJ-VER-0041,2026-09-02,0.8519454598426819
GJ-VER-0042,2026-09-02,0.9654844403266908
GJ-VER-0043,2026-09-02,0.8369343280792236
GJ-VER-0044,2026-09-02,0.8952673673629761
GJ-VER-0045,2026-09-02,0.7667053937911987
GJ-VER-0046,2026-09-02,0.8168237805366516
GJ-VER-0047,2026-09-02,0.9395951628684998
GJ-VER-0048,2026-09-02,0.9707279205322266
GJ-VER-0049,2026-09-02,1.0324881076812744
GJ-VER-0050,2026-09-02,
GJ-VER-0051,2026-09-02,0.8277037739753723
GJ-VER-0052,2026-09-02,0.9937403202056884
GJ-VER-0053,2026-09-02,1.0380793809890747
GJ-VER-0054,2026-09-02,0.991789698600769
GJ-VER-0055,2026-09-02,1.0710020065307615
GJ-VER-0056,2026-09-02,0.8552948832511902
GJ-VER-0057,2026-09-02,0.9820170402526855
GJ-VER-0058,2026-09-02,0.9987224340438844
GJ-VER-0059,2026-09-02,1.0752170085906982
GJ-VER-0060,2026-09-02,0.8532065153121948
GJ-VER-0061,2026-09-02,0.93583482503891
GJ-VER-0062,2026-09-02,1.0380793809890747
GJ-VER-0063,2026-09-02,1.0886396169662476
GJ-VER-0064,2026-09-02,1.1740800142288208
GJ-VER-0065,2026-09-02,0.9227526783943176
GJ-VER-0066,2026-09-02,1.0057555437088013
GJ-VER-0067,2026-09-02,1.0040556192398071
GJ-VER-0068,2026-09-02,1.4617594480514526
GJ-VER-0069,2026-09-02,
GJ-VER-0070,2026-09-02,1.0432524681091309
GJ-VER-0071,2026-09-02,1.0527384281158447
GJ-VER-0072,2026-09-02,1.0057555437088013
GJ-VER-0073,2026-09-02,1.5987430810928345
GJ-VER-0074,2026-09-02,1.4617594480514526
GJ-VER-0075,2026-09-02,1.1604666709899902
GJ-VER-0076,2026-09-02,1.3999606370925903
GJ-VER-0077,2026-09-02,1.5505958795547483
GJ-VER-0078,2026-09-02,2.1206037998199463
GJ-VER-0079,2026-09-02,
GJ-VER-0080,2026-09-02,1.3017665147781372
GJ-VER-0081,2026-09-02,1.419792890548706
GJ-VER-0082,2026-09-02,1.787787675857544
GJ-VER-0083,2026-09-02,2.0005123615264893
GJ-VER-0084,2026-09-02,1.4925438165664673
GJ-VER-0085,2026-09-02,1.7704421281814575
GJ-VER-0086,2026-09-02,2.1681149005889893
GJ-VER-0087,2026-09-02,2.425586938858032
GJ-VER-0088,2026-09-02,1.6751574277877808
GJ-VER-0089,2026-09-02,2.095655918121338
GJ-VER-0090,2026-09-02,2.453751802444458
GJ-VER-0091,2026-09-02,2.79897141456604
GJ-VER-0092,2026-09-02,1.9240131378173828
GJ-VER-0093,2026-09-02,2.3223214149475098
GJ-VER-0094,2026-09-02,2.7568650245666504
GJ-VER-0095,2026-09-02,3.164860725402832
GJ-VER-0096,2026-09-02,2.199859619140625
GJ-VER-0097,2026-09-02,2.898088216781616
GJ-VER-0098,2026-09-02,3.305960893630981
GJ-VER-0099,2026-09-02,3.596169948577881
GJ-VER-0100,2026-09-02,2.740662336349488
GJ-VER-0101,2026-09-02,3.487623929977417
GJ-VER-0102,2026-09-02,3.829177618026733
GJ-VER-0103,2026-09-02,3.997056722640991
GJ-VER-0104,2026-09-02,4.016729831695557
GJ-VER-0105,2026-09-02,2.9712564945220947
GJ-VER-0106,2026-09-02,3.7244274616241455
GJ-VER-0107,2026-09-02,4.189610004425049
GJ-VER-0108,2026-09-02,4.319082736968994
GJ-VER-0109,2026-09-02,5.633960247039795
GJ-VER-0110,2026-09-02,3.824016571044922
GJ-VER-0111,2026-09-02,4.305691719055176
GJ-VER-0112,2026-09-02,4.494582176208496
GJ-VER-0113,2026-09-02,5.758037090301514
GJ-VER-0114,2026-09-02,4.272680282592773
GJ-VER-0115,2026-09-02,4.543137550354004
GJ-VER-0116,2026-09-02,4.637766361236572
GJ-VER-0117,2026-09-02,5.994619846343994
GJ-VER-0118,2026-09-02,5.359565258026123
GJ-VER-0119,2026-09-02,4.556163787841797
GJ-VER-0120,2026-09-02,4.728764057159424
GJ-VER-0121,2026-09-02,4.866060256958008
GJ-VER-0122,2026-09-02,6.285869598388672
GJ-VER-0123,2026-09-02,5.261858940124512
GJ-VER-0124,2026-09-02,4.851425647735596
GJ-VER-0125,2026-09-02,4.92381477355957
GJ-VER-0126,2026-09-02,4.866832256317139
GJ-VER-0127,2026-09-02,4.765015125274658
GJ-VER-0128,2026-09-02,4.910953521728516
GJ-VER-0129,2026-09-02,4.923474788665772
GJ-VER-0130,2026-09-02,4.977240562438965
GJ-VER-0131,2026-09-02,5.037670135498047
GJ-VER-0132,2026-09-02,5.048965930938721
GJ-VER-0133,2026-09-02,4.882189750671387
GJ-VER-0134,2026-09-02,5.27110767364502
GJ-VER-0135,2026-09-02,4.716950416564941
GJ-VER-0136,2026-09-02,4.882189750671387
GJ-VER-0137,2026-09-02,3.6504428386688232
GJ-VER-0138,2026-09-02,3.578898429870605
GJ-VER-0139,2026-09-02,3.383795499801636
GJ-VER-0140,2026-09-02,3.1911840438842773
GJ-VER-0001,2026-09-03,0.9744095802307128
GJ-VER-0002,2026-09-03,1.1252801418304443
GJ-VER-0003,2026-09-03,1.3138281106948853
GJ-VER-0004,2026-09-03,1.5240647792816162
GJ-VER-0005,2026-09-03,0.9287169575691224
GJ-VER-0006,2026-09-03,1.7519903182983398
GJ-VER-0007,2026-09-03,0.9975998997688292
GJ-VER-0008,2026-09-03,1.1026204824447632
GJ-VER-0009,2026-09-03,1.2424359321594238
GJ-VER-0010,2026-09-03,1.3284294605255127
GJ-VER-0011,2026-09-03,1.2892231941223145
GJ-VER-0012,2026-09-03,1.0003567934036257
GJ-VER-0013,2026-09-03,1.0936602354049685
GJ-VER-0014,2026-09-03,1.4498544931411743
GJ-VER-0015,2026-09-03,1.5403088331222534
GJ-VER-0016,2026-09-03,1.5373201370239258
GJ-VER-0017,2026-09-03,1.4314662218093872
GJ-VER-0018,2026-09-03,1.6605098247528076
GJ-VER-0019,2026-09-03,1.504883050918579
GJ-VER-0020,2026-09-03,1.443445086479187
GJ-VER-0021,2026-09-03,3.7856810092926025
GJ-VER-0022,2026-09-03,3.210585355758667
GJ-VER-0023,2026-09-03,1.7287421226501465
GJ-VER-0024,2026-09-03,1.3720319271087646
GJ-VER-0025,2026-09-03,1.9200557470321653
GJ-VER-0026,2026-09-03,2.749474048614502
GJ-VER-0027,2026-09-03,4.120059013366699
GJ-VER-0028,2026-09-03,4.910272121429443
GJ-VER-0029,2026-09-03,0.7255021333694458
GJ-VER-0030,2026-09-03,1.5649728775024414
GJ-VER-0031,2026-09-03,2.1733312606811523
GJ-VER-0032,2026-09-03,4.075602054595947
GJ-VER-0033,2026-09-03,5.8961100578308105
GJ-VER-0034,2026-09-03,
GJ-VER-0035,2026-09-03,0.7019246220588684
GJ-VER-0036,2026-09-03,1.4533320665359497
GJ-VER-0037,2026-09-03,2.482346296310425
GJ-VER-0038,2026-09-03,6.070454120635986
GJ-VER-0039,2026-09-03,5.597284317016602
GJ-VER-0040,2026-09-03,0.7626379132270813
GJ-VER-0041,2026-09-03,0.6096779704093933
GJ-VER-0042,2026-09-03,0.8862795829772949
GJ-VER-0043,2026-09-03,2.1601312160491943
GJ-VER-0044,2026-09-03,8.126665115356445
GJ-VER-0045,2026-09-03,0.584540605545044
GJ-VER-0046,2026-09-03,0.6166827082633972
GJ-VER-0047,2026-09-03,0.5964099764823914
GJ-VER-0048,2026-09-03,2.1499760150909424
GJ-VER-0049,2026-09-03,2.73738694190979
GJ-VER-0050,2026-09-03,
GJ-VER-0051,2026-09-03,0.5664312243461609
GJ-VER-0052,2026-09-03,0.6202754974365234
GJ-VER-0053,2026-09-03,1.4115819931030271
GJ-VER-0054,2026-09-03,2.6931045055389404
GJ-VER-0055,2026-09-03,2.1849889755249023
GJ-VER-0056,2026-09-03,0.5393539667129517
GJ-VER-0057,2026-09-03,0.622445821762085
GJ-VER-0058,2026-09-03,2.5017435550689697
GJ-VER-0059,2026-09-03,3.841841220855713
GJ-VER-0060,2026-09-03,0.5220907330513
GJ-VER-0061,2026-09-03,0.8132970929145813
GJ-VER-0062,2026-09-03,1.125195860862732
GJ-VER-0063,2026-09-03,3.27807354927063
GJ-VER-0064,2026-09-03,3.5031323432922363
GJ-VER-0065,2026-09-03,0.7423847913742065
GJ-VER-0066,2026-09-03,0.8874368071556091
GJ-VER-0067,2026-09-03,1.2399497032165527
GJ-VER-0068,2026-09-03,3.271022081375122
GJ-VER-0069,2026-09-03,
GJ-VER-0070,2026-09-03,0.5871436595916748
GJ-VER-0071,2026-09-03,0.9239931702613832
GJ-VER-0072,2026-09-03,1.0337098836898804
GJ-VER-0073,2026-09-03,1.224310040473938
GJ-VER-0074,2026-09-03,3.324735164642334
GJ-VER-0075,2026-09-03,0.88588947057724
GJ-VER-0076,2026-09-03,1.27275550365448
GJ-VER-0077,2026-09-03,1.8035037517547607
GJ-VER-0078,2026-09-03,1.4387632608413696
GJ-VER-0079,2026-09-03,
GJ-VER-0080,2026-09-03,1.1281607151031494
GJ-VER-0081,2026-09-03,1.5457249879837036
GJ-VER-0082,2026-09-03,2.670208215713501
GJ-VER-0083,2026-09-03,3.0175514221191406
GJ-VER-0084,2026-09-03,1.1287271976470947
GJ-VER-0085,2026-09-03,1.592823147773743
GJ-VER-0086,2026-09-03,2.351745843887329
GJ-VER-0087,2026-09-03,2.75827956199646
GJ-VER-0088,2026-09-03,1.314987063407898
GJ-VER-0089,2026-09-03,1.2083005905151367
GJ-VER-0090,2026-09-03,2.2306909561157227
GJ-VER-0091,2026-09-03,2.9940285682678223
GJ-VER-0092,2026-09-03,1.055675983428955
GJ-VER-0093,2026-09-03,1.207408428192139
GJ-VER-0094,2026-09-03,2.2371766567230225
GJ-VER-0095,2026-09-03,2.768272876739502
GJ-VER-0096,2026-09-03,1.1106908321380615
GJ-VER-0097,2026-09-03,1.9156584739685056
GJ-VER-0098,2026-09-03,2.1835145950317383
GJ-VER-0099,2026-09-03,2.647930383682251
GJ-VER-0100,2026-09-03,1.6239216327667236
GJ-VER-0101,2026-09-03,2.122756242752075
GJ-VER-0102,2026-09-03,2.2803571224212646
GJ-VER-0103,2026-09-03,2.283046007156372
GJ-VER-0104,2026-09-03,2.4056761264801025
GJ-VER-0105,2026-09-03,1.7159804105758667
GJ-VER-0106,2026-09-03,2.288491725921631
GJ-VER-0107,2026-09-03,2.5097672939300537
GJ-VER-0108,2026-09-03,2.8012149333953857
GJ-VER-0109,2026-09-03,3.2963790893554688
GJ-VER-0110,2026-09-03,2.5893399715423584
GJ-VER-0111,2026-09-03,2.8823347091674805
GJ-VER-0112,2026-09-03,3.131951093673706
GJ-VER-0113,2026-09-03,3.748351573944092
GJ-VER-0114,2026-09-03,2.9504919052124023
GJ-VER-0115,2026-09-03,3.2679946422576904
GJ-VER-0116,2026-09-03,3.45393967628479
GJ-VER-0117,2026-09-03,4.159072399139404
GJ-VER-0118,2026-09-03,4.057478904724121
GJ-VER-0119,2026-09-03,3.521812438964844
GJ-VER-0120,2026-09-03,3.6392340660095215
GJ-VER-0121,2026-09-03,3.81339955329895
GJ-VER-0122,2026-09-03,4.653244018554688
GJ-VER-0123,2026-09-03,4.319140434265137
GJ-VER-0124,2026-09-03,4.134358882904053
GJ-VER-0125,2026-09-03,4.127328872680664
GJ-VER-0126,2026-09-03,4.198497772216797
GJ-VER-0127,2026-09-03,4.360057353973389
GJ-VER-0128,2026-09-03,4.477959156036377
GJ-VER-0129,2026-09-03,4.424269199371338
GJ-VER-0130,2026-09-03,4.435989856719971
GJ-VER-0131,2026-09-03,4.5495147705078125
GJ-VER-0132,2026-09-03,4.685445785522461
GJ-VER-0133,2026-09-03,4.726269245147705
GJ-VER-0134,2026-09-03,5.106617450714111
GJ-VER-0135,2026-09-03,5.194492816925049
GJ-VER-0136,2026-09-03,4.974055767059326
GJ-VER-0137,2026-09-03,4.201481819152832
GJ-VER-0138,2026-09-03,4.269041538238525
GJ-VER-0139,2026-09-03,4.132177829742432
GJ-VER-0140,2026-09-03,3.959655284881592
GJ-VER-0001,2026-09-04,1.0731362104415894
GJ-VER-0002,2026-09-04,1.2046949863433838
GJ-VER-0003,2026-09-04,1.3686803579330444
GJ-VER-0004,2026-09-04,1.533132553100586
GJ-VER-0005,2026-09-04,1.0665000677108765
GJ-VER-0006,2026-09-04,1.6664395332336426
GJ-VER-0007,2026-09-04,1.1118528842926023
GJ-VER-0008,2026-09-04,1.216203212738037
GJ-VER-0009,2026-09-04,1.3354113101959229
GJ-VER-0010,2026-09-04,1.407644271850586
GJ-VER-0011,2026-09-04,1.38922119140625
GJ-VER-0012,2026-09-04,1.1603591442108154
GJ-VER-0013,2026-09-04,1.2163718938827517
GJ-VER-0014,2026-09-04,1.5683130025863647
GJ-VER-0015,2026-09-04,1.6786234378814695
GJ-VER-0016,2026-09-04,1.6778126955032349
GJ-VER-0017,2026-09-04,1.5770949125289917
GJ-VER-0018,2026-09-04,1.7350658178329468
GJ-VER-0019,2026-09-04,1.6206014156341553
GJ-VER-0020,2026-09-04,1.5815165042877195
GJ-VER-0021,2026-09-04,3.709873676300049
GJ-VER-0022,2026-09-04,3.2780580520629883
GJ-VER-0023,2026-09-04,1.812878966331482
GJ-VER-0024,2026-09-04,1.4656318426132202
GJ-VER-0025,2026-09-04,1.9869173765182493
GJ-VER-0026,2026-09-04,2.7669639587402344
GJ-VER-0027,2026-09-04,3.9670660495758057
GJ-VER-0028,2026-09-04,4.723698139190674
GJ-VER-0029,2026-09-04,0.8992025852203369
GJ-VER-0030,2026-09-04,1.6140915155410769
GJ-VER-0031,2026-09-04,2.234327793121338
GJ-VER-0032,2026-09-04,3.90223240852356
GJ-VER-0033,2026-09-04,5.381296634674072
GJ-VER-0034,2026-09-04,
GJ-VER-0035,2026-09-04,0.9059236645698548
GJ-VER-0036,2026-09-04,1.5329313278198242
GJ-VER-0037,2026-09-04,2.4758095741271973
GJ-VER-0038,2026-09-04,5.558112621307373
GJ-VER-0039,2026-09-04,5.15089750289917
GJ-VER-0040,2026-09-04,1.020018458366394
GJ-VER-0041,2026-09-04,0.8870728611946106
GJ-VER-0042,2026-09-04,1.1286168098449707
GJ-VER-0043,2026-09-04,2.192434787750244
GJ-VER-0044,2026-09-04,6.529555797576904
GJ-VER-0045,2026-09-04,0.8975018262863159
GJ-VER-0046,2026-09-04,1.0032800436019895
GJ-VER-0047,2026-09-04,0.8943650126457214
GJ-VER-0048,2026-09-04,2.0394492149353027
GJ-VER-0049,2026-09-04,2.4640581607818604
GJ-VER-0050,2026-09-04,
GJ-VER-0051,2026-09-04,0.8997728824615479
GJ-VER-0052,2026-09-04,0.8418133854866028
GJ-VER-0053,2026-09-04,1.2396262884140017
GJ-VER-0054,2026-09-04,2.2272043228149414
GJ-VER-0055,2026-09-04,2.1071479320526123
GJ-VER-0056,2026-09-04,0.868000328540802
GJ-VER-0057,2026-09-04,1.0678220987319946
GJ-VER-0058,2026-09-04,1.2270041704177856
GJ-VER-0059,2026-09-04,2.509925842285156
GJ-VER-0060,2026-09-04,0.7107810974121094
GJ-VER-0061,2026-09-04,0.9261599779129028
GJ-VER-0062,2026-09-04,1.1192649602890017
GJ-VER-0063,2026-09-04,1.4857672452926636
GJ-VER-0064,2026-09-04,2.297470808029175
GJ-VER-0065,2026-09-04,0.8582907319068909
GJ-VER-0066,2026-09-04,0.9947773814201356
GJ-VER-0067,2026-09-04,1.30535888671875
GJ-VER-0068,2026-09-04,2.014344453811645
GJ-VER-0069,2026-09-04,
GJ-VER-0070,2026-09-04,0.7656251788139343
GJ-VER-0071,2026-09-04,1.0349819660186768
GJ-VER-0072,2026-09-04,1.1109085083007812
GJ-VER-0073,2026-09-04,1.7021113634109497
GJ-VER-0074,2026-09-04,2.154623508453369
GJ-VER-0075,2026-09-04,0.9839552640914916
GJ-VER-0076,2026-09-04,1.1194385290145874
GJ-VER-0077,2026-09-04,1.198878526687622
GJ-VER-0078,2026-09-04,1.7224787473678589
GJ-VER-0079,2026-09-04,
GJ-VER-0080,2026-09-04,1.1630878448486328
GJ-VER-0081,2026-09-04,1.421600580215454
GJ-VER-0082,2026-09-04,1.3172017335891724
GJ-VER-0083,2026-09-04,2.188131332397461
GJ-VER-0084,2026-09-04,1.2056963443756104
GJ-VER-0085,2026-09-04,1.5570179224014282
GJ-VER-0086,2026-09-04,1.9991544485092163
GJ-VER-0087,2026-09-04,2.2937004566192627
GJ-VER-0088,2026-09-04,1.3363704681396484
GJ-VER-0089,2026-09-04,1.6889331340789795
GJ-VER-0090,2026-09-04,2.5542643070220947
GJ-VER-0091,2026-09-04,2.4842216968536377
GJ-VER-0092,2026-09-04,1.4689346551895142
GJ-VER-0093,2026-09-04,1.886529803276062
GJ-VER-0094,2026-09-04,2.8443782329559326
GJ-VER-0095,2026-09-04,3.4823544025421143
GJ-VER-0096,2026-09-04,1.7025233507156372
GJ-VER-0097,2026-09-04,2.8602421283721924
GJ-VER-0098,2026-09-04,3.241973638534546
GJ-VER-0099,2026-09-04,3.959442853927612
GJ-VER-0100,2026-09-04,2.417048931121826
GJ-VER-0101,2026-09-04,3.6508677005767822
GJ-VER-0102,2026-09-04,4.0518903732299805
GJ-VER-0103,2026-09-04,4.56419849395752
GJ-VER-0104,2026-09-04,6.340033531188965
GJ-VER-0105,2026-09-04,2.758014917373657
GJ-VER-0106,2026-09-04,3.9351260662078857
GJ-VER-0107,2026-09-04,4.415635108947754
GJ-VER-0108,2026-09-04,5.166189670562744
GJ-VER-0109,2026-09-04,6.887620449066162
GJ-VER-0110,2026-09-04,4.352856159210205
GJ-VER-0111,2026-09-04,4.920083522796631
GJ-VER-0112,2026-09-04,5.497404098510742
GJ-VER-0113,2026-09-04,7.143944263458252
GJ-VER-0114,2026-09-04,5.148117542266846
GJ-VER-0115,2026-09-04,5.591619491577148
GJ-VER-0116,2026-09-04,6.170071125030518
GJ-VER-0117,2026-09-04,7.605128288269043
GJ-VER-0118,2026-09-04,8.904226303100586
GJ-VER-0119,2026-09-04,5.659206390380859
GJ-VER-0120,2026-09-04,6.120200157165527
GJ-VER-0121,2026-09-04,6.951283931732178
GJ-VER-0122,2026-09-04,7.655801296234131
GJ-VER-0123,2026-09-04,9.10183334350586
GJ-VER-0124,2026-09-04,6.437004566192627
GJ-VER-0125,2026-09-04,7.588909149169922
GJ-VER-0126,2026-09-04,7.647087097167969
GJ-VER-0127,2026-09-04,9.044246673583984
GJ-VER-0128,2026-09-04,9.420992851257324
GJ-VER-0129,2026-09-04,6.959190845489502
GJ-VER-0130,2026-09-04,8.040563583374023
GJ-VER-0131,2026-09-04,7.987781524658203
GJ-VER-0132,2026-09-04,8.605778694152832
GJ-VER-0133,2026-09-04,9.417033195495604
GJ-VER-0134,2026-09-04,7.348629474639893
GJ-VER-0135,2026-09-04,7.348629474639893
GJ-VER-0136,2026-09-04,8.449501991271973
GJ-VER-0137,2026-09-04,7.072339057922363
GJ-VER-0138,2026-09-04,6.987682819366455
GJ-VER-0139,2026-09-04,6.835398197174072
GJ-VER-0140,2026-09-04,6.663645267486572
GJ-VER-0001,2026-09-05,1.073135495185852
GJ-VER-0002,2026-09-05,1.2046946287155151
GJ-VER-0003,2026-09-05,1.3686803579330444
GJ-VER-0004,2026-09-05,1.533132553100586
GJ-VER-0005,2026-09-05,1.0665000677108765
GJ-VER-0006,2026-09-05,1.6664395332336426
GJ-VER-0007,2026-09-05,1.1118534803390503
GJ-VER-0008,2026-09-05,1.2162011861801147
GJ-VER-0009,2026-09-05,1.3354086875915527
GJ-VER-0010,2026-09-05,1.407644271850586
GJ-VER-0011,2026-09-05,1.38922119140625
GJ-VER-0012,2026-09-05,1.1603591442108154
GJ-VER-0013,2026-09-05,1.2163710594177246
GJ-VER-0014,2026-09-05,1.5683130025863647
GJ-VER-0015,2026-09-05,1.6786197423934937
GJ-VER-0016,2026-09-05,1.6778126955032349
GJ-VER-0017,2026-09-05,1.5770940780639648
GJ-VER-0018,2026-09-05,1.735065460205078
GJ-VER-0019,2026-09-05,1.6206002235412598
GJ-VER-0020,2026-09-05,1.5815160274505615
GJ-VER-0021,2026-09-05,3.709868669509888
GJ-VER-0022,2026-09-05,3.2780580520629883
GJ-VER-0023,2026-09-05,1.7283836603164673
GJ-VER-0024,2026-09-05,1.4656305313110352
GJ-VER-0025,2026-09-05,1.9869155883789065
GJ-VER-0026,2026-09-05,2.7669620513916016
GJ-VER-0027,2026-09-05,3.96706223487854
GJ-VER-0028,2026-09-05,4.723696231842041
GJ-VER-0029,2026-09-05,0.8992014527320862
GJ-VER-0030,2026-09-05,1.6140886545181274
GJ-VER-0031,2026-09-05,2.234325647354126
GJ-VER-0032,2026-09-05,3.902229070663452
GJ-VER-0033,2026-09-05,5.381288528442383
GJ-VER-0034,2026-09-05,
GJ-VER-0035,2026-09-05,0.9059184193611144
GJ-VER-0036,2026-09-05,1.5329289436340332
GJ-VER-0037,2026-09-05,2.475805759429932
GJ-VER-0038,2026-09-05,5.558098316192627
GJ-VER-0039,2026-09-05,5.1508893966674805
GJ-VER-0040,2026-09-05,1.020018458366394
GJ-VER-0041,2026-09-05,0.8870728611946106
GJ-VER-0042,2026-09-05,1.128616213798523
GJ-VER-0043,2026-09-05,2.192432165145874
GJ-VER-0044,2026-09-05,6.529543399810791
GJ-VER-0045,2026-09-05,0.8975029587745667
GJ-VER-0046,2026-09-05,1.0032806396484375
GJ-VER-0047,2026-09-05,0.8943650126457214
GJ-VER-0048,2026-09-05,2.0394508838653564
GJ-VER-0049,2026-09-05,2.4640581607818604
GJ-VER-0050,2026-09-05,
GJ-VER-0051,2026-09-05,0.8997740149497986
GJ-VER-0052,2026-09-05,0.8418170809745789
GJ-VER-0053,2026-09-05,1.2396275997161863
GJ-VER-0054,2026-09-05,2.227210283279419
GJ-VER-0055,2026-09-05,2.107144832611084
GJ-VER-0056,2026-09-05,0.8680019974708557
GJ-VER-0057,2026-09-05,1.0678240060806274
GJ-VER-0058,2026-09-05,1.2270060777664185
GJ-VER-0059,2026-09-05,2.509925842285156
GJ-VER-0060,2026-09-05,0.7107837796211243
GJ-VER-0061,2026-09-05,0.9261623620986938
GJ-VER-0062,2026-09-05,1.119267821311951
GJ-VER-0063,2026-09-05,1.4857702255249023
GJ-VER-0064,2026-09-05,2.297476291656494
GJ-VER-0065,2026-09-05,0.8582956790924072
GJ-VER-0066,2026-09-05,0.9947843551635742
GJ-VER-0067,2026-09-05,1.3053630590438845
GJ-VER-0068,2026-09-05,2.014354944229126
GJ-VER-0069,2026-09-05,
GJ-VER-0070,2026-09-05,0.7656315565109253
GJ-VER-0071,2026-09-05,1.0349860191345217
GJ-VER-0072,2026-09-05,1.110916256904602
GJ-VER-0073,2026-09-05,1.7021172046661377
GJ-VER-0074,2026-09-05,2.154635429382324
GJ-VER-0075,2026-09-05,0.9839646816253662
GJ-VER-0076,2026-09-05,1.1194428205490112
GJ-VER-0077,2026-09-05,1.198882222175598
GJ-VER-0078,2026-09-05,1.806785464286804
GJ-VER-0079,2026-09-05,
GJ-VER-0080,2026-09-05,1.1630946397781372
GJ-VER-0081,2026-09-05,1.4216063022613523
GJ-VER-0082,2026-09-05,1.3172045946121216
GJ-VER-0083,2026-09-05,2.188140392303467
GJ-VER-0084,2026-09-05,1.2056978940963743
GJ-VER-0085,2026-09-05,1.5570201873779297
GJ-VER-0086,2026-09-05,1.999162197113037
GJ-VER-0087,2026-09-05,2.293707847595215
GJ-VER-0088,2026-09-05,1.336368441581726
GJ-VER-0089,2026-09-05,1.6889309883117676
GJ-VER-0090,2026-09-05,2.5542635917663574
GJ-VER-0091,2026-09-05,2.4842262268066406
GJ-VER-0092,2026-09-05,1.468928337097168
GJ-VER-0093,2026-09-05,1.886521816253662
GJ-VER-0094,2026-09-05,2.8443706035614014
GJ-VER-0095,2026-09-05,3.482348680496216
GJ-VER-0096,2026-09-05,1.7025097608566284
GJ-VER-0097,2026-09-05,2.8602240085601807
GJ-VER-0098,2026-09-05,3.241957187652588
GJ-VER-0099,2026-09-05,3.959425926208496
GJ-VER-0100,2026-09-05,2.3533759117126465
GJ-VER-0101,2026-09-05,3.65082311630249
GJ-VER-0102,2026-09-05,4.051850318908691
GJ-VER-0103,2026-09-05,4.564169883728027
GJ-VER-0104,2026-09-05,6.3399977684021
GJ-VER-0105,2026-09-05,2.646263360977173
GJ-VER-0106,2026-09-05,3.935065269470215
GJ-VER-0107,2026-09-05,4.41557502746582
GJ-VER-0108,2026-09-05,5.166135787963867
GJ-VER-0109,2026-09-05,6.8875579833984375
GJ-VER-0110,2026-09-05,4.352766036987305
GJ-VER-0111,2026-09-05,4.919998645782471
GJ-VER-0112,2026-09-05,5.497335433959961
GJ-VER-0113,2026-09-05,7.1438703536987305
GJ-VER-0114,2026-09-05,5.147995948791504
GJ-VER-0115,2026-09-05,5.591516494750977
GJ-VER-0116,2026-09-05,6.169979572296143
GJ-VER-0117,2026-09-05,7.605030536651611
GJ-VER-0118,2026-09-05,8.904120445251465
GJ-VER-0119,2026-09-05,5.659060955047607
GJ-VER-0120,2026-09-05,6.1200785636901855
GJ-VER-0121,2026-09-05,6.951161861419678
GJ-VER-0122,2026-09-05,7.655683517456055
GJ-VER-0123,2026-09-05,9.10170078277588
GJ-VER-0124,2026-09-05,6.436851501464844
GJ-VER-0125,2026-09-05,7.588764190673828
GJ-VER-0126,2026-09-05,7.646945476531982
GJ-VER-0127,2026-09-05,9.04408073425293
GJ-VER-0128,2026-09-05,9.420796394348145
GJ-VER-0129,2026-09-05,6.958726406097412
GJ-VER-0130,2026-09-05,8.040400505065918
GJ-VER-0131,2026-09-05,7.987624645233154
GJ-VER-0132,2026-09-05,8.605568885803223
GJ-VER-0133,2026-09-05,9.41678237915039
GJ-VER-0134,2026-09-05,7.388081073760986
GJ-VER-0135,2026-09-05,7.348143100738525
GJ-VER-0136,2026-09-05,8.449244499206543
GJ-VER-0137,2026-09-05,7.266153812408447
GJ-VER-0138,2026-09-05,6.987146377563477
GJ-VER-0139,2026-09-05,6.834868431091309
GJ-VER-0140,2026-09-05,6.663223743438721
GJ-VER-0001,2026-09-06,1.0083208084106443
GJ-VER-0002,2026-09-06,1.1376221179962158
GJ-VER-0003,2026-09-06,1.286184549331665
GJ-VER-0004,2026-09-06,1.4020048379898071
GJ-VER-0005,2026-09-06,1.1398454904556274
GJ-VER-0006,2026-09-06,1.6536260843276978
GJ-VER-0007,2026-09-06,1.1047865152359009
GJ-VER-0008,2026-09-06,1.1184425354003906
GJ-VER-0009,2026-09-06,1.2358908653259275
GJ-VER-0010,2026-09-06,1.3128278255462646
GJ-VER-0011,2026-09-06,1.3167343139648438
GJ-VER-0012,2026-09-06,1.1620274782180786
GJ-VER-0013,2026-09-06,1.1744794845581057
GJ-VER-0014,2026-09-06,1.397130012512207
GJ-VER-0015,2026-09-06,1.4577667713165283
GJ-VER-0016,2026-09-06,1.4778122901916504
GJ-VER-0017,2026-09-06,1.4217867851257324
GJ-VER-0018,2026-09-06,1.5390301942825315
GJ-VER-0019,2026-09-06,1.3074116706848145
GJ-VER-0020,2026-09-06,1.3688324689865112
GJ-VER-0021,2026-09-06,2.585487365722656
GJ-VER-0022,2026-09-06,2.624102830886841
GJ-VER-0023,2026-09-06,1.5489366054534912
GJ-VER-0024,2026-09-06,1.046180248260498
GJ-VER-0025,2026-09-06,1.410300850868225
GJ-VER-0026,2026-09-06,1.797363042831421
GJ-VER-0027,2026-09-06,2.5589077472686768
GJ-VER-0028,2026-09-06,3.1236467361450195
GJ-VER-0029,2026-09-06,0.9282901287078856
GJ-VER-0030,2026-09-06,1.0602054595947266
GJ-VER-0031,2026-09-06,1.5769081115722656
GJ-VER-0032,2026-09-06,2.0091333389282227
GJ-VER-0033,2026-09-06,2.70652437210083
GJ-VER-0034,2026-09-06,
GJ-VER-0035,2026-09-06,0.9356410503387452
GJ-VER-0036,2026-09-06,1.154722809791565
GJ-VER-0037,2026-09-06,1.4982695579528809
GJ-VER-0038,2026-09-06,2.1021041870117188
GJ-VER-0039,2026-09-06,2.564020156860352
GJ-VER-0040,2026-09-06,0.8542566299438477
GJ-VER-0041,2026-09-06,0.9114677309989928
GJ-VER-0042,2026-09-06,1.2042479515075684
GJ-VER-0043,2026-09-06,1.4087021350860596
GJ-VER-0044,2026-09-06,2.162694931030273
GJ-VER-0045,2026-09-06,0.6778770089149475
GJ-VER-0046,2026-09-06,0.8498618602752686
GJ-VER-0047,2026-09-06,0.929340124130249
GJ-VER-0048,2026-09-06,1.0959606170654297
GJ-VER-0049,2026-09-06,1.1873670816421509
GJ-VER-0050,2026-09-06,
GJ-VER-0051,2026-09-06,0.6762902736663818
GJ-VER-0052,2026-09-06,0.8033781051635742
GJ-VER-0053,2026-09-06,0.9074368476867676
GJ-VER-0054,2026-09-06,1.0538532733917236
GJ-VER-0055,2026-09-06,1.169219732284546
GJ-VER-0056,2026-09-06,0.6637968420982361
GJ-VER-0057,2026-09-06,0.6898240447044373
GJ-VER-0058,2026-09-06,0.8095287680625916
GJ-VER-0059,2026-09-06,1.0499895811080933
GJ-VER-0060,2026-09-06,0.6487345695495605
GJ-VER-0061,2026-09-06,0.6595231890678406
GJ-VER-0062,2026-09-06,0.6913962960243225
GJ-VER-0063,2026-09-06,0.9133451581001282
GJ-VER-0064,2026-09-06,1.047371745109558
GJ-VER-0065,2026-09-06,0.6373223066329956
GJ-VER-0066,2026-09-06,0.6448423266410828
GJ-VER-0067,2026-09-06,0.8814133405685425
GJ-VER-0068,2026-09-06,0.9250046610832214
GJ-VER-0069,2026-09-06,
GJ-VER-0070,2026-09-06,0.7630437016487122
GJ-VER-0071,2026-09-06,0.8694396018981934
GJ-VER-0072,2026-09-06,0.6882783770561218
GJ-VER-0073,2026-09-06,1.043129324913025
GJ-VER-0074,2026-09-06,1.056358814239502
GJ-VER-0075,2026-09-06,0.8271472454071045
GJ-VER-0076,2026-09-06,0.9518640041351318
GJ-VER-0077,2026-09-06,1.3902205228805542
GJ-VER-0078,2026-09-06,1.3942866325378418
GJ-VER-0079,2026-09-06,
GJ-VER-0080,2026-09-06,0.9024490118026732
GJ-VER-0081,2026-09-06,1.052596926689148
GJ-VER-0082,2026-09-06,1.4713157415390017
GJ-VER-0083,2026-09-06,1.3942866325378418
GJ-VER-0084,2026-09-06,1.0601588487625122
GJ-VER-0085,2026-09-06,1.3074913024902344
GJ-VER-0086,2026-09-06,1.784456491470337
GJ-VER-0087,2026-09-06,2.212228775024414
GJ-VER-0088,2026-09-06,1.207613229751587
GJ-VER-0089,2026-09-06,1.520171284675598
GJ-VER-0090,2026-09-06,2.0190720558166504
GJ-VER-0091,2026-09-06,2.35962438583374
GJ-VER-0092,2026-09-06,1.454526424407959
GJ-VER-0093,2026-09-06,1.772187113761902
GJ-VER-0094,2026-09-06,2.267153024673462
GJ-VER-0095,2026-09-06,2.652022123336792
GJ-VER-0096,2026-09-06,1.6919878721237185
GJ-VER-0097,2026-09-06,2.352743625640869
GJ-VER-0098,2026-09-06,2.6119372844696045
GJ-VER-0099,2026-09-06,3.356825351715088
GJ-VER-0100,2026-09-06,2.1750171184539795
GJ-VER-0101,2026-09-06,3.521820545196533
GJ-VER-0102,2026-09-06,3.906708002090454
GJ-VER-0103,2026-09-06,4.06801700592041
GJ-VER-0104,2026-09-06,5.306467056274414
GJ-VER-0105,2026-09-06,2.796430826187134
GJ-VER-0106,2026-09-06,3.9526331424713135
GJ-VER-0107,2026-09-06,4.433902740478516
GJ-VER-0108,2026-09-06,5.140671253204346
GJ-VER-0109,2026-09-06,6.505029678344727
GJ-VER-0110,2026-09-06,4.48620080947876
GJ-VER-0111,2026-09-06,5.05931282043457
GJ-VER-0112,2026-09-06,5.638032913208008
GJ-VER-0113,2026-09-06,7.0536088943481445
GJ-VER-0114,2026-09-06,5.348689556121826
GJ-VER-0115,2026-09-06,5.832468986511231
GJ-VER-0116,2026-09-06,6.425739765167236
GJ-VER-0117,2026-09-06,7.767284393310547
GJ-VER-0118,2026-09-06,9.025343894958496
GJ-VER-0119,2026-09-06,5.986918926239014
GJ-VER-0120,2026-09-06,6.520648002624512
GJ-VER-0121,2026-09-06,7.357183933258057
GJ-VER-0122,2026-09-06,8.116372108459473
GJ-VER-0123,2026-09-06,9.499424934387209
GJ-VER-0124,2026-09-06,7.017989158630371
GJ-VER-0125,2026-09-06,8.25081729888916
GJ-VER-0126,2026-09-06,8.42496109008789
GJ-VER-0127,2026-09-06,9.936203002929688
GJ-VER-0128,2026-09-06,10.546751976013184
GJ-VER-0129,2026-09-06,8.087374687194824
GJ-VER-0130,2026-09-06,8.929607391357422
GJ-VER-0131,2026-09-06,9.110986709594728
GJ-VER-0132,2026-09-06,10.093253135681152
GJ-VER-0133,2026-09-06,11.084390640258787
GJ-VER-0134,2026-09-06,9.392618179321287
GJ-VER-0135,2026-09-06,9.170476913452148
GJ-VER-0136,2026-09-06,10.166512489318848
GJ-VER-0137,2026-09-06,9.400952339172363
GJ-VER-0138,2026-09-06,8.379842758178711
GJ-VER-0139,2026-09-06,8.30783462524414
GJ-VER-0140,2026-09-06,9.128371238708496
GJ-VER-0001,2026-09-07,1.2020714282989502
GJ-VER-0002,2026-09-07,1.470216989517212
GJ-VER-0003,2026-09-07,1.6684060096740725
GJ-VER-0004,2026-09-07,2.0165212154388428
GJ-VER-0005,2026-09-07,1.995964765548706
GJ-VER-0006,2026-09-07,2.1664834022521973
GJ-VER-0007,2026-09-07,0.968041181564331
GJ-VER-0008,2026-09-07,1.280359983444214
GJ-VER-0009,2026-09-07,1.4163941144943235
GJ-VER-0010,2026-09-07,1.599686861038208
GJ-VER-0011,2026-09-07,1.7285447120666504
GJ-VER-0012,2026-09-07,2.02449917793274
GJ-VER-0013,2026-09-07,0.991377592086792
GJ-VER-0014,2026-09-07,0.9918758273124696
GJ-VER-0015,2026-09-07,1.3319772481918335
GJ-VER-0016,2026-09-07,1.395282506942749
GJ-VER-0017,2026-09-07,1.7524253129959106
GJ-VER-0018,2026-09-07,1.6407139301300049
GJ-VER-0019,2026-09-07,1.032221436500549
GJ-VER-0020,2026-09-07,1.1403270959854126
GJ-VER-0021,2026-09-07,1.315083384513855
GJ-VER-0022,2026-09-07,1.411618709564209
GJ-VER-0023,2026-09-07,1.795400619506836
GJ-VER-0024,2026-09-07,0.8084916472434998
GJ-VER-0025,2026-09-07,1.0245486497879028
GJ-VER-0026,2026-09-07,1.1441891193389893
GJ-VER-0027,2026-09-07,1.3400908708572388
GJ-VER-0028,2026-09-07,1.5300893783569336
GJ-VER-0029,2026-09-07,0.7536312937736511
GJ-VER-0030,2026-09-07,0.7939098477363586
GJ-VER-0031,2026-09-07,1.0124104022979736
GJ-VER-0032,2026-09-07,1.2955865859985352
GJ-VER-0033,2026-09-07,1.395953893661499
GJ-VER-0034,2026-09-07,
GJ-VER-0035,2026-09-07,0.7591172456741333
GJ-VER-0036,2026-09-07,0.9066489338874816
GJ-VER-0037,2026-09-07,1.029674768447876
GJ-VER-0038,2026-09-07,1.2445311546325684
GJ-VER-0039,2026-09-07,1.4815568923950195
GJ-VER-0040,2026-09-07,0.7233288884162903
GJ-VER-0041,2026-09-07,0.7680726051330566
GJ-VER-0042,2026-09-07,0.939585506916046
GJ-VER-0043,2026-09-07,1.0507004261016846
GJ-VER-0044,2026-09-07,1.2391725778579712
GJ-VER-0045,2026-09-07,0.6086359024047852
GJ-VER-0046,2026-09-07,0.7282613515853882
GJ-VER-0047,2026-09-07,0.7889015674591064
GJ-VER-0048,2026-09-07,0.9092147946357728
GJ-VER-0049,2026-09-07,0.9700194001197816
GJ-VER-0050,2026-09-07,
GJ-VER-0051,2026-09-07,0.6203293800354004
GJ-VER-0052,2026-09-07,0.7542067766189575
GJ-VER-0053,2026-09-07,0.7932645678520203
GJ-VER-0054,2026-09-07,0.8952547311782837
GJ-VER-0055,2026-09-07,0.9774361252784728
GJ-VER-0056,2026-09-07,0.6242678165435791
GJ-VER-0057,2026-09-07,0.6478797793388367
GJ-VER-0058,2026-09-07,0.7373456954956055
GJ-VER-0059,2026-09-07,0.9190930128097534
GJ-VER-0060,2026-09-07,0.6224717497825623
GJ-VER-0061,2026-09-07,0.6365418434143066
GJ-VER-0062,2026-09-07,0.6647400856018066
GJ-VER-0063,2026-09-07,0.8404757976531982
GJ-VER-0064,2026-09-07,0.940465807914734
GJ-VER-0065,2026-09-07,0.6285083293914795
GJ-VER-0066,2026-09-07,0.6395159959793091
GJ-VER-0067,2026-09-07,0.818153977394104
GJ-VER-0068,2026-09-07,0.8719828724861145
GJ-VER-0069,2026-09-07,
GJ-VER-0070,2026-09-07,0.7709466814994812
GJ-VER-0071,2026-09-07,0.8625727295875549
GJ-VER-0072,2026-09-07,0.6981993913650513
GJ-VER-0073,2026-09-07,0.962619423866272
GJ-VER-0074,2026-09-07,0.9855050444602966
GJ-VER-0075,2026-09-07,0.8389554619789124
GJ-VER-0076,2026-09-07,0.9473356008529664
GJ-VER-0077,2026-09-07,1.2755849361419678
GJ-VER-0078,2026-09-07,1.348393201828003
GJ-VER-0079,2026-09-07,
GJ-VER-0080,2026-09-07,0.9091339707374572
GJ-VER-0081,2026-09-07,1.031195878982544
GJ-VER-0082,2026-09-07,1.329851508140564
GJ-VER-0083,2026-09-07,1.2803826332092283
GJ-VER-0084,2026-09-07,1.200001835823059
GJ-VER-0085,2026-09-07,1.3556218147277832
GJ-VER-0086,2026-09-07,1.5533024072647097
GJ-VER-0087,2026-09-07,1.839567303657532
GJ-VER-0088,2026-09-07,1.3933640718460083
GJ-VER-0089,2026-09-07,1.5793942213058472
GJ-VER-0090,2026-09-07,1.688252568244934
GJ-VER-0091,2026-09-07,1.9404572248458865
GJ-VER-0092,2026-09-07,1.3651069402694702
GJ-VER-0093,2026-09-07,1.6276092529296875
GJ-VER-0094,2026-09-07,2.087531566619873
GJ-VER-0095,2026-09-07,2.125396013259888
GJ-VER-0096,2026-09-07,1.3269718885421753
GJ-VER-0097,2026-09-07,1.94194769859314
GJ-VER-0098,2026-09-07,2.393827199935913
GJ-VER-0099,2026-09-07,2.755466222763061
GJ-VER-0100,2026-09-07,1.2686411142349243
GJ-VER-0101,2026-09-07,2.7958197593688965
GJ-VER-0102,2026-09-07,3.0997090339660645
GJ-VER-0103,2026-09-07,3.043107509613037
GJ-VER-0104,2026-09-07,3.0451560020446777
GJ-VER-0105,2026-09-07,1.3021790981292725
GJ-VER-0106,2026-09-07,3.21738862991333
GJ-VER-0107,2026-09-07,3.35968279838562
GJ-VER-0108,2026-09-07,3.540741443634033
GJ-VER-0109,2026-09-07,3.531668186187744
GJ-VER-0110,2026-09-07,3.582855701446533
GJ-VER-0111,2026-09-07,3.615199089050293
GJ-VER-0112,2026-09-07,3.863867044448853
GJ-VER-0113,2026-09-07,3.843329906463623
GJ-VER-0114,2026-09-07,3.7236833572387695
GJ-VER-0115,2026-09-07,4.119520664215088
GJ-VER-0116,2026-09-07,4.742900848388672
GJ-VER-0117,2026-09-07,6.608691692352295
GJ-VER-0118,2026-09-07,4.800334930419922
GJ-VER-0119,2026-09-07,3.9542317390441895
GJ-VER-0120,2026-09-07,4.449553489685059
GJ-VER-0121,2026-09-07,5.938570022583008
GJ-VER-0122,2026-09-07,6.694000720977783
GJ-VER-0123,2026-09-07,4.217082977294922
GJ-VER-0124,2026-09-07,4.614559173583984
GJ-VER-0125,2026-09-07,6.913837432861328
GJ-VER-0126,2026-09-07,7.251699924468994
GJ-VER-0127,2026-09-07,5.194100856781006
GJ-VER-0128,2026-09-07,5.752669334411621
GJ-VER-0129,2026-09-07,5.067811012268066
GJ-VER-0130,2026-09-07,7.658681869506836
GJ-VER-0131,2026-09-07,7.680134296417236
GJ-VER-0132,2026-09-07,6.819333076477051
GJ-VER-0133,2026-09-07,5.892300605773926
GJ-VER-0134,2026-09-07,7.854978561401367
GJ-VER-0135,2026-09-07,7.971607208251953
GJ-VER-0136,2026-09-07,7.454318046569824
GJ-VER-0137,2026-09-07,6.148553371429443
GJ-VER-0138,2026-09-07,7.051112651824951
GJ-VER-0139,2026-09-07,6.8328375816345215
GJ-VER-0140,2026-09-07,7.2194390296936035
GJ-VER-0001,2026-09-09,1.138016939163208
GJ-VER-0002,2026-09-09,1.2716951370239258
GJ-VER-0003,2026-09-09,1.3603132963180542
GJ-VER-0004,2026-09-09,1.587085485458374
GJ-VER-0005,2026-09-09,1.7222583293914795
GJ-VER-0006,2026-09-09,1.891740322113037
GJ-VER-0007,2026-09-09,0.8509820103645325
GJ-VER-0008,2026-09-09,1.081123948097229
GJ-VER-0009,2026-09-09,1.2060104608535769
GJ-VER-0010,2026-09-09,1.331212282180786
GJ-VER-0011,2026-09-09,1.46815288066864
GJ-VER-0012,2026-09-09,1.720357060432434
GJ-VER-0013,2026-09-09,0.8706592917442322
GJ-VER-0014,2026-09-09,0.8887621164321899
GJ-VER-0015,2026-09-09,1.1948378086090088
GJ-VER-0016,2026-09-09,1.254844307899475
GJ-VER-0017,2026-09-09,1.5992889404296875
GJ-VER-0018,2026-09-09,1.5992889404296875
GJ-VER-0019,2026-09-09,0.8985153436660767
GJ-VER-0020,2026-09-09,1.0450185537338257
GJ-VER-0021,2026-09-09,1.2018401622772217
GJ-VER-0022,2026-09-09,1.2943522930145264
GJ-VER-0023,2026-09-09,1.6734200716018677
GJ-VER-0024,2026-09-09,0.7588730454444885
GJ-VER-0025,2026-09-09,0.9618743658065796
GJ-VER-0026,2026-09-09,1.07118558883667
GJ-VER-0027,2026-09-09,1.2559351921081543
GJ-VER-0028,2026-09-09,1.4361668825149536
GJ-VER-0029,2026-09-09,0.7217483520507812
GJ-VER-0030,2026-09-09,0.7612311244010925
GJ-VER-0031,2026-09-09,1.0628488063812256
GJ-VER-0032,2026-09-09,1.2790544033050537
GJ-VER-0033,2026-09-09,1.3361436128616333
GJ-VER-0034,2026-09-09,
GJ-VER-0035,2026-09-09,0.7448511719703674
GJ-VER-0036,2026-09-09,0.8860045671463013
GJ-VER-0037,2026-09-09,1.0628488063812256
GJ-VER-0038,2026-09-09,1.2790544033050537
GJ-VER-0039,2026-09-09,1.3361436128616333
GJ-VER-0040,2026-09-09,0.7501391172409058
GJ-VER-0041,2026-09-09,0.7571479678153992
GJ-VER-0042,2026-09-09,0.9417537450790404
GJ-VER-0043,2026-09-09,1.0126267671585083
GJ-VER-0044,2026-09-09,1.11942720413208
GJ-VER-0045,2026-09-09,0.6563265919685364
GJ-VER-0046,2026-09-09,0.7732346057891846
GJ-VER-0047,2026-09-09,0.842365562915802
GJ-VER-0048,2026-09-09,0.9707508087158204
GJ-VER-0049,2026-09-09,1.0964021682739258
GJ-VER-0050,2026-09-09,
GJ-VER-0051,2026-09-09,0.6855465173721313
GJ-VER-0052,2026-09-09,0.7732346057891846
GJ-VER-0053,2026-09-09,0.862208902835846
GJ-VER-0054,2026-09-09,0.9873567223548888
GJ-VER-0055,2026-09-09,1.0744818449020386
GJ-VER-0056,2026-09-09,0.7149758338928223
GJ-VER-0057,2026-09-09,0.7594943642616272
GJ-VER-0058,2026-09-09,0.8517687320709229
GJ-VER-0059,2026-09-09,1.032991886138916
GJ-VER-0060,2026-09-09,0.7499857544898987
GJ-VER-0061,2026-09-09,0.7600460648536682
GJ-VER-0062,2026-09-09,0.8120246529579163
GJ-VER-0063,2026-09-09,0.9818960428237916
GJ-VER-0064,2026-09-09,1.1486544609069824
GJ-VER-0065,2026-09-09,0.7999393343925476
GJ-VER-0066,2026-09-09,0.8042062520980835
GJ-VER-0067,2026-09-09,0.9354640245437622
GJ-VER-0068,2026-09-09,1.0613386631011963
GJ-VER-0069,2026-09-09,
GJ-VER-0070,2026-09-09,0.9507101774215698
GJ-VER-0071,2026-09-09,1.064569115638733
GJ-VER-0072,2026-09-09,0.8943158388137817
GJ-VER-0073,2026-09-09,1.070358395576477
GJ-VER-0074,2026-09-09,1.1297039985656738
GJ-VER-0075,2026-09-09,1.0327757596969604
GJ-VER-0076,2026-09-09,1.1767836809158323
GJ-VER-0077,2026-09-09,1.299630641937256
GJ-VER-0078,2026-09-09,2.007397651672364
GJ-VER-0079,2026-09-09,
GJ-VER-0080,2026-09-09,0.9897233843803406
GJ-VER-0081,2026-09-09,1.201677322387695
GJ-VER-0082,2026-09-09,1.430377721786499
GJ-VER-0083,2026-09-09,2.9318230152130127
GJ-VER-0084,2026-09-09,0.9698874354362488
GJ-VER-0085,2026-09-09,1.1607931852340698
GJ-VER-0086,2026-09-09,2.803476572036743
GJ-VER-0087,2026-09-09,3.521368265151977
GJ-VER-0088,2026-09-09,1.0285794734954834
GJ-VER-0089,2026-09-09,1.300044059753418
GJ-VER-0090,2026-09-09,3.714695930480957
GJ-VER-0091,2026-09-09,4.276503562927246
GJ-VER-0092,2026-09-09,1.269694209098816
GJ-VER-0093,2026-09-09,1.9144814014434808
GJ-VER-0094,2026-09-09,4.023660182952881
GJ-VER-0095,2026-09-09,4.729337215423584
GJ-VER-0096,2026-09-09,1.750649333000183
GJ-VER-0097,2026-09-09,3.545651912689209
GJ-VER-0098,2026-09-09,3.963889360427856
GJ-VER-0099,2026-09-09,4.58328914642334
GJ-VER-0100,2026-09-09,2.0305416584014893
GJ-VER-0101,2026-09-09,3.5076725482940674
GJ-VER-0102,2026-09-09,3.80665922164917
GJ-VER-0103,2026-09-09,4.542297840118408
GJ-VER-0104,2026-09-09,4.393653392791748
GJ-VER-0105,2026-09-09,2.312472343444824
GJ-VER-0106,2026-09-09,3.6108717918396
GJ-VER-0107,2026-09-09,3.939537286758423
GJ-VER-0108,2026-09-09,4.4981865882873535
GJ-VER-0109,2026-09-09,5.936960697174072
GJ-VER-0110,2026-09-09,3.851898431777954
GJ-VER-0111,2026-09-09,4.161406517028809
GJ-VER-0112,2026-09-09,4.815573215484619
GJ-VER-0113,2026-09-09,5.010745048522949
GJ-VER-0114,2026-09-09,4.171532154083252
GJ-VER-0115,2026-09-09,4.744156837463379
GJ-VER-0116,2026-09-09,5.770608425140381
GJ-VER-0117,2026-09-09,7.051940441131592
GJ-VER-0118,2026-09-09,5.404043197631836
GJ-VER-0119,2026-09-09,4.425004482269287
GJ-VER-0120,2026-09-09,5.314651966094971
GJ-VER-0121,2026-09-09,6.53306245803833
GJ-VER-0122,2026-09-09,6.478587627410889
GJ-VER-0123,2026-09-09,5.008697986602783
GJ-VER-0124,2026-09-09,5.483920574188232
GJ-VER-0125,2026-09-09,6.346055030822754
GJ-VER-0126,2026-09-09,6.871663570404053
GJ-VER-0127,2026-09-09,7.192813396453857
GJ-VER-0128,2026-09-09,6.3227715492248535
GJ-VER-0129,2026-09-09,5.711067199707031
GJ-VER-0130,2026-09-09,6.130280494689941
GJ-VER-0131,2026-09-09,6.874222755432129
GJ-VER-0132,2026-09-09,6.993556976318359
GJ-VER-0133,2026-09-09,6.3444366455078125
GJ-VER-0134,2026-09-09,6.851409912109375
GJ-VER-0135,2026-09-09,6.859209060668945
GJ-VER-0136,2026-09-09,7.443418025970459
GJ-VER-0137,2026-09-09,9.077430725097656
GJ-VER-0138,2026-09-09,6.773181915283203
GJ-VER-0139,2026-09-09,8.371535301208496
GJ-VER-0140,2026-09-09,7.329013824462891
GJ-VER-0001,2026-09-10,1.1395747661590576
GJ-VER-0002,2026-09-10,1.1494945287704468
GJ-VER-0003,2026-09-10,1.8684396743774407
GJ-VER-0004,2026-09-10,2.265188217163086
GJ-VER-0005,2026-09-10,1.3464815616607666
GJ-VER-0006,2026-09-10,1.4474574327468872
GJ-VER-0007,2026-09-10,1.3094123601913452
GJ-VER-0008,2026-09-10,1.2426263093948364
GJ-VER-0009,2026-09-10,1.067388892173767
GJ-VER-0010,2026-09-10,1.5916365385055542
GJ-VER-0011,2026-09-10,1.8441563844680784
GJ-VER-0012,2026-09-10,1.252246618270874
GJ-VER-0013,2026-09-10,1.035300850868225
GJ-VER-0014,2026-09-10,1.3571804761886597
GJ-VER-0015,2026-09-10,1.0484235286712646
GJ-VER-0016,2026-09-10,1.5011805295944214
GJ-VER-0017,2026-09-10,1.9865868091583248
GJ-VER-0018,2026-09-10,1.99048113822937
GJ-VER-0019,2026-09-10,1.1155264377593994
GJ-VER-0020,2026-09-10,1.0530866384506226
GJ-VER-0021,2026-09-10,1.204278588294983
GJ-VER-0022,2026-09-10,1.7563135623931885
GJ-VER-0023,2026-09-10,2.044799566268921
GJ-VER-0024,2026-09-10,0.8811900019645691
GJ-VER-0025,2026-09-10,1.031352400779724
GJ-VER-0026,2026-09-10,1.1456568241119385
GJ-VER-0027,2026-09-10,1.3147636651992798
GJ-VER-0028,2026-09-10,1.9122949838638303
GJ-VER-0029,2026-09-10,0.8018127679824829
GJ-VER-0030,2026-09-10,0.8451451659202576
GJ-VER-0031,2026-09-10,1.131383180618286
GJ-VER-0032,2026-09-10,1.2797670364379885
GJ-VER-0033,2026-09-10,1.668342113494873
GJ-VER-0034,2026-09-10,
GJ-VER-0035,2026-09-10,1.1893399953842163
GJ-VER-0036,2026-09-10,1.2900561094284058
GJ-VER-0037,2026-09-10,1.287990927696228
GJ-VER-0038,2026-09-10,1.84185004234314
GJ-VER-0039,2026-09-10,3.0153725147247314
GJ-VER-0040,2026-09-10,1.275418996810913
GJ-VER-0041,2026-09-10,0.7330160737037659
GJ-VER-0042,2026-09-10,1.3470336198806765
GJ-VER-0043,2026-09-10,1.8792471885681152
GJ-VER-0044,2026-09-10,3.8743584156036377
GJ-VER-0045,2026-09-10,0.9660378694534302
GJ-VER-0046,2026-09-10,1.248812556266785
GJ-VER-0047,2026-09-10,0.7429850101470947
GJ-VER-0048,2026-09-10,3.512026071548462
GJ-VER-0049,2026-09-10,3.47554349899292
GJ-VER-0050,2026-09-10,
GJ-VER-0051,2026-09-10,1.0351601839065552
GJ-VER-0052,2026-09-10,1.851764678955078
GJ-VER-0053,2026-09-10,3.7318928241729736
GJ-VER-0054,2026-09-10,3.742320537567138
GJ-VER-0055,2026-09-10,3.66621446609497
GJ-VER-0056,2026-09-10,1.3809053897857666
GJ-VER-0057,2026-09-10,2.7789466381073
GJ-VER-0058,2026-09-10,3.642114162445069
GJ-VER-0059,2026-09-10,4.034366607666016
GJ-VER-0060,2026-09-10,1.439162254333496
GJ-VER-0061,2026-09-10,2.146525859832764
GJ-VER-0062,2026-09-10,3.522377014160156
GJ-VER-0063,2026-09-10,4.401571273803711
GJ-VER-0064,2026-09-10,4.317790985107422
GJ-VER-0065,2026-09-10,1.8883272409439087
GJ-VER-0066,2026-09-10,1.7010036706924438
GJ-VER-0067,2026-09-10,2.8873097896575928
GJ-VER-0068,2026-09-10,4.581930160522461
GJ-VER-0069,2026-09-10,
GJ-VER-0070,2026-09-10,1.2648417949676514
GJ-VER-0071,2026-09-10,1.7609137296676636
GJ-VER-0072,2026-09-10,1.40069580078125
GJ-VER-0073,2026-09-10,3.5827090740203857
GJ-VER-0074,2026-09-10,4.28461217880249
GJ-VER-0075,2026-09-10,1.1475249528884888
GJ-VER-0076,2026-09-10,1.366283655166626
GJ-VER-0077,2026-09-10,1.3662285804748535
GJ-VER-0078,2026-09-10,4.973847389221191
GJ-VER-0079,2026-09-10,
GJ-VER-0080,2026-09-10,0.8378385901451111
GJ-VER-0081,2026-09-10,1.1925256252288818
GJ-VER-0082,2026-09-10,1.4934284687042236
GJ-VER-0083,2026-09-10,4.708834648132324
GJ-VER-0084,2026-09-10,0.9209858179092408
GJ-VER-0085,2026-09-10,1.248342990875244
GJ-VER-0086,2026-09-10,3.622259616851807
GJ-VER-0087,2026-09-10,4.982786655426025
GJ-VER-0088,2026-09-10,1.0693131685256958
GJ-VER-0089,2026-09-10,2.0691728591918945
GJ-VER-0090,2026-09-10,3.477837562561035
GJ-VER-0091,2026-09-10,4.828725814819336
GJ-VER-0092,2026-09-10,1.5206619501113892
GJ-VER-0093,2026-09-10,3.1067585945129395
GJ-VER-0094,2026-09-10,3.207406044006348
GJ-VER-0095,2026-09-10,4.808227062225342
GJ-VER-0096,2026-09-10,2.6224822998046875
GJ-VER-0097,2026-09-10,3.416973114013672
GJ-VER-0098,2026-09-10,3.456077337265014
GJ-VER-0099,2026-09-10,4.680977821350098
GJ-VER-0100,2026-09-10,5.021984100341797
GJ-VER-0101,2026-09-10,4.053816318511963
GJ-VER-0102,2026-09-10,3.7592055797576895
GJ-VER-0103,2026-09-10,4.416605472564697
GJ-VER-0104,2026-09-10,7.046400547027588
GJ-VER-0105,2026-09-10,4.990199089050293
GJ-VER-0106,2026-09-10,4.082272529602051
GJ-VER-0107,2026-09-10,3.947169780731201
GJ-VER-0108,2026-09-10,4.273904323577881
GJ-VER-0109,2026-09-10,5.512001514434815
GJ-VER-0110,2026-09-10,3.886063098907471
GJ-VER-0111,2026-09-10,4.13735818862915
GJ-VER-0112,2026-09-10,4.347775936126709
GJ-VER-0113,2026-09-10,5.404280185699463
GJ-VER-0114,2026-09-10,3.864065408706665
GJ-VER-0115,2026-09-10,4.139301300048828
GJ-VER-0116,2026-09-10,4.373248100280762
GJ-VER-0117,2026-09-10,4.916021823883057
GJ-VER-0118,2026-09-10,6.485500335693359
GJ-VER-0119,2026-09-10,3.784153699874878
GJ-VER-0120,2026-09-10,4.067634582519531
GJ-VER-0121,2026-09-10,4.480784893035889
GJ-VER-0122,2026-09-10,4.968210697174072
GJ-VER-0123,2026-09-10,5.48685359954834
GJ-VER-0124,2026-09-10,4.171199321746826
GJ-VER-0125,2026-09-10,4.589100360870361
GJ-VER-0126,2026-09-10,5.15305757522583
GJ-VER-0127,2026-09-10,6.729110240936279
GJ-VER-0128,2026-09-10,11.51201629638672
GJ-VER-0129,2026-09-10,4.179543972015381
GJ-VER-0130,2026-09-10,4.922739505767822
GJ-VER-0131,2026-09-10,5.016135215759277
GJ-VER-0132,2026-09-10,6.26749849319458
GJ-VER-0133,2026-09-10,9.759236335754396
GJ-VER-0134,2026-09-10,5.75392484664917
GJ-VER-0135,2026-09-10,5.460148811340332
GJ-VER-0136,2026-09-10,5.662850856781006
GJ-VER-0137,2026-09-10,8.273921966552734
GJ-VER-0138,2026-09-10,6.836173057556152
GJ-VER-0139,2026-09-10,7.310251235961914
GJ-VER-0140,2026-09-10,9.698737144470217
GJ-VER-0001,2026-09-11,0.9951374530792236
GJ-VER-0002,2026-09-11,1.2640786170959473
GJ-VER-0003,2026-09-11,2.4231269359588623
GJ-VER-0004,2026-09-11,1.80240261554718
GJ-VER-0005,2026-09-11,1.2986974716186523
GJ-VER-0006,2026-09-11,2.911947727203369
GJ-VER-0007,2026-09-11,0.8914169669151306
GJ-VER-0008,2026-09-11,0.8015338778495789
GJ-VER-0009,2026-09-11,1.0928900241851809
GJ-VER-0010,2026-09-11,2.2711312770843506
GJ-VER-0011,2026-09-11,1.4751414060592651
GJ-VER-0012,2026-09-11,2.1512367725372314
GJ-VER-0013,2026-09-11,0.8705913424491882
GJ-VER-0014,2026-09-11,0.8753696084022522
GJ-VER-0015,2026-09-11,0.8002806901931763
GJ-VER-0016,2026-09-11,1.1652672290802002
GJ-VER-0017,2026-09-11,2.1472575664520264
GJ-VER-0018,2026-09-11,2.641103029251098
GJ-VER-0019,2026-09-11,0.9846428036689758
GJ-VER-0020,2026-09-11,0.8566914200782776
GJ-VER-0021,2026-09-11,0.8072447776794434
GJ-VER-0022,2026-09-11,1.8135952949523928
GJ-VER-0023,2026-09-11,3.121666431427002
GJ-VER-0024,2026-09-11,1.0791633129119873
GJ-VER-0025,2026-09-11,1.1438019275665283
GJ-VER-0026,2026-09-11,0.832138180732727
GJ-VER-0027,2026-09-11,1.232747197151184
GJ-VER-0028,2026-09-11,2.9934537410736084
GJ-VER-0029,2026-09-11,0.8196343183517456
GJ-VER-0030,2026-09-11,0.6395999193191528
GJ-VER-0031,2026-09-11,0.8353267312049866
GJ-VER-0032,2026-09-11,1.2054762840270996
GJ-VER-0033,2026-09-11,2.1700401306152344
GJ-VER-0034,2026-09-11,
GJ-VER-0035,2026-09-11,0.7233112454414368
GJ-VER-0036,2026-09-11,0.6563480496406555
GJ-VER-0037,2026-09-11,0.9443365931510924
GJ-VER-0038,2026-09-11,1.9607974290847776
GJ-VER-0039,2026-09-11,3.555393695831299
GJ-VER-0040,2026-09-11,0.6077767610549927
GJ-VER-0041,2026-09-11,0.6590849161148071
GJ-VER-0042,2026-09-11,0.68355792760849
GJ-VER-0043,2026-09-11,1.5463998317718506
GJ-VER-0044,2026-09-11,2.384294986724853
GJ-VER-0045,2026-09-11,0.578917920589447
GJ-VER-0046,2026-09-11,0.7040098309516907
GJ-VER-0047,2026-09-11,1.2178137302398682
GJ-VER-0048,2026-09-11,1.3034366369247437
GJ-VER-0049,2026-09-11,1.4620829820632937
GJ-VER-0050,2026-09-11,
GJ-VER-0051,2026-09-11,0.5885795950889587
GJ-VER-0052,2026-09-11,0.774848222732544
GJ-VER-0053,2026-09-11,3.109260082244873
GJ-VER-0054,2026-09-11,1.4270817041397097
GJ-VER-0055,2026-09-11,1.6341198682785034
GJ-VER-0056,2026-09-11,0.7512904405593872
GJ-VER-0057,2026-09-11,2.107611656188965
GJ-VER-0058,2026-09-11,4.77700138092041
GJ-VER-0059,2026-09-11,7.270632743835449
GJ-VER-0060,2026-09-11,0.8588481545448303
GJ-VER-0061,2026-09-11,1.3164373636245728
GJ-VER-0062,2026-09-11,2.917832612991333
GJ-VER-0063,2026-09-11,9.18519401550293
GJ-VER-0064,2026-09-11,7.332432746887207
GJ-VER-0065,2026-09-11,1.4505630731582642
GJ-VER-0066,2026-09-11,2.853846311569214
GJ-VER-0067,2026-09-11,2.44612717628479
GJ-VER-0068,2026-09-11,6.9977240562438965
GJ-VER-0069,2026-09-11,
GJ-VER-0070,2026-09-11,0.9463752508163452
GJ-VER-0071,2026-09-11,1.083675503730774
GJ-VER-0072,2026-09-11,1.5805647373199463
GJ-VER-0073,2026-09-11,3.979220151901245
GJ-VER-0074,2026-09-11,8.158539772033691
GJ-VER-0075,2026-09-11,1.048208475112915
GJ-VER-0076,2026-09-11,1.179618239402771
GJ-VER-0077,2026-09-11,1.4021326303482056
GJ-VER-0078,2026-09-11,6.105626583099365
GJ-VER-0079,2026-09-11,
GJ-VER-0080,2026-09-11,1.334101915359497
GJ-VER-0081,2026-09-11,1.185343623161316
GJ-VER-0082,2026-09-11,2.562076568603516
GJ-VER-0083,2026-09-11,5.543150901794434
GJ-VER-0084,2026-09-11,1.3758245706558228
GJ-VER-0085,2026-09-11,1.232148051261902
GJ-VER-0086,2026-09-11,4.773913383483887
GJ-VER-0087,2026-09-11,5.944878578186035
GJ-VER-0088,2026-09-11,1.0700401067733765
GJ-VER-0089,2026-09-11,2.7547175884246826
GJ-VER-0090,2026-09-11,5.626105308532715
GJ-VER-0091,2026-09-11,4.79670524597168
GJ-VER-0092,2026-09-11,1.5718077421188354
GJ-VER-0093,2026-09-11,7.88276481628418
GJ-VER-0094,2026-09-11,7.511561393737793
GJ-VER-0095,2026-09-11,6.175135612487793
GJ-VER-0096,2026-09-11,6.579719543457031
GJ-VER-0097,2026-09-11,9.587027549743652
GJ-VER-0098,2026-09-11,8.130485534667969
GJ-VER-0099,2026-09-11,6.698077201843262
GJ-VER-0100,2026-09-11,12.244685173034668
GJ-VER-0101,2026-09-11,4.876889228820801
GJ-VER-0102,2026-09-11,5.013060092926025
GJ-VER-0103,2026-09-11,5.62529993057251
GJ-VER-0104,2026-09-11,5.17857551574707
GJ-VER-0105,2026-09-11,7.339972019195557
GJ-VER-0106,2026-09-11,4.363868713378906
GJ-VER-0107,2026-09-11,4.43858814239502
GJ-VER-0108,2026-09-11,5.579492092132568
GJ-VER-0109,2026-09-11,5.860610485076904
GJ-VER-0110,2026-09-11,4.562529563903809
GJ-VER-0111,2026-09-11,4.501031875610352
GJ-VER-0112,2026-09-11,5.464020729064941
GJ-VER-0113,2026-09-11,6.96229362487793
GJ-VER-0114,2026-09-11,4.042237281799316
GJ-VER-0115,2026-09-11,4.4550604820251465
GJ-VER-0116,2026-09-11,5.664133548736572
GJ-VER-0117,2026-09-11,6.7676520347595215
GJ-VER-0118,2026-09-11,8.172417640686035
GJ-VER-0119,2026-09-11,3.776588201522827
GJ-VER-0120,2026-09-11,4.3528032302856445
GJ-VER-0121,2026-09-11,5.318511962890625
GJ-VER-0122,2026-09-11,6.734376430511475
GJ-VER-0123,2026-09-11,7.830732822418213
GJ-VER-0124,2026-09-11,4.455343723297119
GJ-VER-0125,2026-09-11,5.569543838500977
GJ-VER-0126,2026-09-11,7.76922607421875
GJ-VER-0127,2026-09-11,9.057510375976562
GJ-VER-0128,2026-09-11,10.57363986968994
GJ-VER-0129,2026-09-11,5.000712394714356
GJ-VER-0130,2026-09-11,6.20911169052124
GJ-VER-0131,2026-09-11,7.781613349914551
GJ-VER-0132,2026-09-11,7.82490873336792
GJ-VER-0133,2026-09-11,9.40860366821289
GJ-VER-0134,2026-09-11,8.461102485656738
GJ-VER-0135,2026-09-11,6.068143367767334
GJ-VER-0136,2026-09-11,7.870778083801269
GJ-VER-0137,2026-09-11,8.499895095825195
GJ-VER-0138,2026-09-11,10.62101936340332
GJ-VER-0139,2026-09-11,9.693695068359377
GJ-VER-0140,2026-09-11,9.002532958984375
GJ-VER-0001,2026-09-12,1.5513535737991333
GJ-VER-0002,2026-09-12,1.8118411302566528
GJ-VER-0003,2026-09-12,2.000591516494751
GJ-VER-0004,2026-09-12,2.1085546016693115
GJ-VER-0005,2026-09-12,2.323247194290161
GJ-VER-0006,2026-09-12,3.339473485946656
GJ-VER-0007,2026-09-12,1.381597638130188
GJ-VER-0008,2026-09-12,1.3249045610427856
GJ-VER-0009,2026-09-12,1.902976155281067
GJ-VER-0010,2026-09-12,1.9669512510299685
GJ-VER-0011,2026-09-12,2.084507465362549
GJ-VER-0012,2026-09-12,2.5765366554260254
GJ-VER-0013,2026-09-12,1.3383477926254272
GJ-VER-0014,2026-09-12,1.373293399810791
GJ-VER-0015,2026-09-12,1.2957032918930054
GJ-VER-0016,2026-09-12,1.8762311935424805
GJ-VER-0017,2026-09-12,2.508252143859864
GJ-VER-0018,2026-09-12,2.9265575408935547
GJ-VER-0019,2026-09-12,1.4298279285430908
GJ-VER-0020,2026-09-12,1.334080457687378
GJ-VER-0021,2026-09-12,1.2927963733673096
GJ-VER-0022,2026-09-12,2.213657855987549
GJ-VER-0023,2026-09-12,3.318132162094116
GJ-VER-0024,2026-09-12,1.4242931604385376
GJ-VER-0025,2026-09-12,1.5599077939987185
GJ-VER-0026,2026-09-12,1.3207676410675049
GJ-VER-0027,2026-09-12,1.7273825407028198
GJ-VER-0028,2026-09-12,3.236134052276612
GJ-VER-0029,2026-09-12,1.2037949562072754
GJ-VER-0030,2026-09-12,1.094360589981079
GJ-VER-0031,2026-09-12,1.3538706302642822
GJ-VER-0032,2026-09-12,1.6982223987579346
GJ-VER-0033,2026-09-12,2.550879955291748
GJ-VER-0034,2026-09-12,
GJ-VER-0035,2026-09-12,1.157670497894287
GJ-VER-0036,2026-09-12,1.1480861902236938
GJ-VER-0037,2026-09-12,1.462621569633484
GJ-VER-0038,2026-09-12,2.380960702896118
GJ-VER-0039,2026-09-12,3.879455804824829
GJ-VER-0040,2026-09-12,1.0860801935195925
GJ-VER-0041,2026-09-12,1.1669327020645142
GJ-VER-0042,2026-09-12,1.2016745805740356
GJ-VER-0043,2026-09-12,1.967280864715576
GJ-VER-0044,2026-09-12,2.732608795166016
GJ-VER-0045,2026-09-12,1.005881428718567
GJ-VER-0046,2026-09-12,1.1377009153366089
GJ-VER-0047,2026-09-12,1.4583030939102173
GJ-VER-0048,2026-09-12,2.337568044662476
GJ-VER-0049,2026-09-12,2.407400131225586
GJ-VER-0050,2026-09-12,
GJ-VER-0051,2026-09-12,1.0371869802474976
GJ-VER-0052,2026-09-12,1.203102469444275
GJ-VER-0053,2026-09-12,2.0367777347564697
GJ-VER-0054,2026-09-12,2.4443867206573486
GJ-VER-0055,2026-09-12,2.744316816329956
GJ-VER-0056,2026-09-12,1.116435408592224
GJ-VER-0057,2026-09-12,1.64967942237854
GJ-VER-0058,2026-09-12,2.419743061065674
GJ-VER-0059,2026-09-12,2.8233752250671387
GJ-VER-0060,2026-09-12,1.1188124418258667
GJ-VER-0061,2026-09-12,1.360013127326965
GJ-VER-0062,2026-09-12,1.886337399482727
GJ-VER-0063,2026-09-12,2.886082410812378
GJ-VER-0064,2026-09-12,3.85725212097168
GJ-VER-0065,2026-09-12,1.296224594116211
GJ-VER-0066,2026-09-12,1.7172678709030151
GJ-VER-0067,2026-09-12,1.4743788242340088
GJ-VER-0068,2026-09-12,2.7595977783203125
GJ-VER-0069,2026-09-12,
GJ-VER-0070,2026-09-12,1.2337130308151243
GJ-VER-0071,2026-09-12,1.2092797756195068
GJ-VER-0072,2026-09-12,1.6513855457305908
GJ-VER-0073,2026-09-12,2.4127092361450195
GJ-VER-0074,2026-09-12,2.921808958053589
GJ-VER-0075,2026-09-12,1.2752645015716553
GJ-VER-0076,2026-09-12,1.3264217376708984
GJ-VER-0077,2026-09-12,1.493765115737915
GJ-VER-0078,2026-09-12,4.090548515319824
GJ-VER-0079,2026-09-12,
GJ-VER-0080,2026-09-12,1.3322426080703735
GJ-VER-0081,2026-09-12,1.34458327293396
GJ-VER-0082,2026-09-12,2.2126262187957764
GJ-VER-0083,2026-09-12,4.288077831268311
GJ-VER-0084,2026-09-12,1.30439031124115
GJ-VER-0085,2026-09-12,1.6054599285125732
GJ-VER-0086,2026-09-12,5.529115200042725
GJ-VER-0087,2026-09-12,4.562324523925781
GJ-VER-0088,2026-09-12,1.4099725484848022
GJ-VER-0089,2026-09-12,2.8438336849212646
GJ-VER-0090,2026-09-12,7.214398384094238
GJ-VER-0091,2026-09-12,3.375354766845703
GJ-VER-0092,2026-09-12,2.1900835037231445
GJ-VER-0093,2026-09-12,4.309823036193848
GJ-VER-0094,2026-09-12,7.313042163848877
GJ-VER-0095,2026-09-12,5.600862979888916
GJ-VER-0096,2026-09-12,4.101683139801025
GJ-VER-0097,2026-09-12,5.400739669799805
GJ-VER-0098,2026-09-12,5.9980974197387695
GJ-VER-0099,2026-09-12,5.818779468536377
GJ-VER-0100,2026-09-12,4.356801986694336
GJ-VER-0101,2026-09-12,4.562972545623779
GJ-VER-0102,2026-09-12,5.650199890136719
GJ-VER-0103,2026-09-12,6.0895094871521
GJ-VER-0104,2026-09-12,5.359924793243408
GJ-VER-0105,2026-09-12,3.700294017791748
GJ-VER-0106,2026-09-12,4.884341239929199
GJ-VER-0107,2026-09-12,5.608582019805908
GJ-VER-0108,2026-09-12,5.465672969818115
GJ-VER-0109,2026-09-12,5.834836483001709
GJ-VER-0110,2026-09-12,5.0048604011535645
GJ-VER-0111,2026-09-12,5.709689140319824
GJ-VER-0112,2026-09-12,5.589921474456787
GJ-VER-0113,2026-09-12,6.285037040710449
GJ-VER-0114,2026-09-12,4.772866249084473
GJ-VER-0115,2026-09-12,5.163946151733398
GJ-VER-0116,2026-09-12,5.844537734985352
GJ-VER-0117,2026-09-12,6.4976067543029785
GJ-VER-0118,2026-09-12,7.43782901763916
GJ-VER-0119,2026-09-12,4.766857624053955
GJ-VER-0120,2026-09-12,5.1886138916015625
GJ-VER-0121,2026-09-12,5.863950729370117
GJ-VER-0122,2026-09-12,6.770811557769775
GJ-VER-0123,2026-09-12,7.686455249786377
GJ-VER-0124,2026-09-12,5.30823278427124
GJ-VER-0125,2026-09-12,6.130456447601318
GJ-VER-0126,2026-09-12,7.603760242462158
GJ-VER-0127,2026-09-12,8.674151420593262
GJ-VER-0128,2026-09-12,10.244651794433594
GJ-VER-0129,2026-09-12,5.7618255615234375
GJ-VER-0130,2026-09-12,6.590848922729492
GJ-VER-0131,2026-09-12,7.835524082183838
GJ-VER-0132,2026-09-12,8.104141235351562
GJ-VER-0133,2026-09-12,9.684391975402832
GJ-VER-0134,2026-09-12,8.32070255279541
GJ-VER-0135,2026-09-12,6.777241230010986
GJ-VER-0136,2026-09-12,8.421334266662598
GJ-VER-0137,2026-09-12,9.228985786437988
GJ-VER-0138,2026-09-12,11.235217094421388
GJ-VER-0139,2026-09-12,10.661874771118164
GJ-VER-0140,2026-09-12,10.167396545410156
GJ-VER-0001,2026-09-13,1.551353096961975
GJ-VER-0002,2026-09-13,1.8118406534194944
GJ-VER-0003,2026-09-13,2.0005877017974854
GJ-VER-0004,2026-09-13,2.1085517406463623
GJ-VER-0005,2026-09-13,2.323244333267212
GJ-VER-0006,2026-09-13,3.3394720554351807
GJ-VER-0007,2026-09-13,1.381597638130188
GJ-VER-0008,2026-09-13,1.324904203414917
GJ-VER-0009,2026-09-13,1.9029747247695925
GJ-VER-0010,2026-09-13,1.9669500589370728
GJ-VER-0011,2026-09-13,2.084505796432495
GJ-VER-0012,2026-09-13,2.576534986495972
GJ-VER-0013,2026-09-13,1.3383477926254272
GJ-VER-0014,2026-09-13,1.3732929229736328
GJ-VER-0015,2026-09-13,1.2957028150558472
GJ-VER-0016,2026-09-13,1.8762305974960327
GJ-VER-0017,2026-09-13,2.508252143859864
GJ-VER-0018,2026-09-13,2.9265575408935547
GJ-VER-0019,2026-09-13,1.4298279285430908
GJ-VER-0020,2026-09-13,1.3340801000595093
GJ-VER-0021,2026-09-13,1.2927963733673096
GJ-VER-0022,2026-09-13,2.2136569023132324
GJ-VER-0023,2026-09-13,3.318132162094116
GJ-VER-0024,2026-09-13,1.4242925643920898
GJ-VER-0025,2026-09-13,1.5599074363708496
GJ-VER-0026,2026-09-13,1.3207672834396362
GJ-VER-0027,2026-09-13,1.7273825407028198
GJ-VER-0028,2026-09-13,3.236133337020874
GJ-VER-0029,2026-09-13,1.2037949562072754
GJ-VER-0030,2026-09-13,1.094359278678894
GJ-VER-0031,2026-09-13,1.3538706302642822
GJ-VER-0032,2026-09-13,1.6982219219207764
GJ-VER-0033,2026-09-13,2.550879955291748
GJ-VER-0034,2026-09-13,
GJ-VER-0035,2026-09-13,1.157670497894287
GJ-VER-0036,2026-09-13,1.1480861902236938
GJ-VER-0037,2026-09-13,1.462621569633484
GJ-VER-0038,2026-09-13,2.3809597492218018
GJ-VER-0039,2026-09-13,3.879455804824829
GJ-VER-0040,2026-09-13,1.0860801935195925
GJ-VER-0041,2026-09-13,1.1669327020645142
GJ-VER-0042,2026-09-13,1.201674222946167
GJ-VER-0043,2026-09-13,1.967280864715576
GJ-VER-0044,2026-09-13,2.732608795166016
GJ-VER-0045,2026-09-13,1.005881428718567
GJ-VER-0046,2026-09-13,1.1377002000808716
GJ-VER-0047,2026-09-13,1.4583030939102173
GJ-VER-0048,2026-09-13,2.3375675678253174
GJ-VER-0049,2026-09-13,2.4073994159698486
GJ-VER-0050,2026-09-13,
GJ-VER-0051,2026-09-13,1.0371862649917605
GJ-VER-0052,2026-09-13,1.203102469444275
GJ-VER-0053,2026-09-13,2.0367770195007324
GJ-VER-0054,2026-09-13,2.444386005401612
GJ-VER-0055,2026-09-13,2.744316339492798
GJ-VER-0056,2026-09-13,1.116435408592224
GJ-VER-0057,2026-09-13,1.6496790647506714
GJ-VER-0058,2026-09-13,2.419742584228516
GJ-VER-0059,2026-09-13,2.8233745098114014
GJ-VER-0060,2026-09-13,1.1188124418258667
GJ-VER-0061,2026-09-13,1.360013127326965
GJ-VER-0062,2026-09-13,1.8863364458084104
GJ-VER-0063,2026-09-13,2.886080741882324
GJ-VER-0064,2026-09-13,3.857250928878784
GJ-VER-0065,2026-09-13,1.296224594116211
GJ-VER-0066,2026-09-13,1.7172671556472778
GJ-VER-0067,2026-09-13,1.4743781089782717
GJ-VER-0068,2026-09-13,2.759596347808838
GJ-VER-0069,2026-09-13,
GJ-VER-0070,2026-09-13,1.2337130308151243
GJ-VER-0071,2026-09-13,1.2092795372009275
GJ-VER-0072,2026-09-13,1.6513850688934326
GJ-VER-0073,2026-09-13,2.4127092361450195
GJ-VER-0074,2026-09-13,2.9218075275421143
GJ-VER-0075,2026-09-13,1.2752645015716553
GJ-VER-0076,2026-09-13,1.3264217376708984
GJ-VER-0077,2026-09-13,1.493765115737915
GJ-VER-0078,2026-09-13,4.090548515319824
GJ-VER-0079,2026-09-13,
GJ-VER-0080,2026-09-13,1.3322426080703735
GJ-VER-0081,2026-09-13,1.34458327293396
GJ-VER-0082,2026-09-13,2.2126262187957764
GJ-VER-0083,2026-09-13,4.288076400756836
GJ-VER-0084,2026-09-13,1.30439031124115
GJ-VER-0085,2026-09-13,1.6054599285125732
GJ-VER-0086,2026-09-13,5.529115200042725
GJ-VER-0087,2026-09-13,4.562324523925781
GJ-VER-0088,2026-09-13,1.4099725484848022
GJ-VER-0089,2026-09-13,2.8438336849212646
GJ-VER-0090,2026-09-13,7.214398384094238
GJ-VER-0091,2026-09-13,3.375354766845703
GJ-VER-0092,2026-09-13,2.1900835037231445
GJ-VER-0093,2026-09-13,4.309823036193848
GJ-VER-0094,2026-09-13,7.313042163848877
GJ-VER-0095,2026-09-13,5.600862979888916
GJ-VER-0096,2026-09-13,4.101683139801025
GJ-VER-0097,2026-09-13,5.400739669799805
GJ-VER-0098,2026-09-13,5.9980974197387695
GJ-VER-0099,2026-09-13,5.818779468536377
GJ-VER-0100,2026-09-13,4.356801986694336
GJ-VER-0101,2026-09-13,4.562972545623779
GJ-VER-0102,2026-09-13,5.650199890136719
GJ-VER-0103,2026-09-13,6.0895094871521
GJ-VER-0104,2026-09-13,5.359924793243408
GJ-VER-0105,2026-09-13,3.700294017791748
GJ-VER-0106,2026-09-13,4.884341239929199
GJ-VER-0107,2026-09-13,5.608582019805908
GJ-VER-0108,2026-09-13,5.465672969818115
GJ-VER-0109,2026-09-13,5.834836483001709
GJ-VER-0110,2026-09-13,5.0048604011535645
GJ-VER-0111,2026-09-13,5.709689140319824
GJ-VER-0112,2026-09-13,5.589921474456787
GJ-VER-0113,2026-09-13,6.285037040710449
GJ-VER-0114,2026-09-13,4.772866249084473
GJ-VER-0115,2026-09-13,5.163946151733398
GJ-VER-0116,2026-09-13,5.844537734985352
GJ-VER-0117,2026-09-13,6.4976067543029785
GJ-VER-0118,2026-09-13,7.43782901763916
GJ-VER-0119,2026-09-13,4.766857624053955
GJ-VER-0120,2026-09-13,5.1886138916015625
GJ-VER-0121,2026-09-13,5.863950729370117
GJ-VER-0122,2026-09-13,6.770811557769775
GJ-VER-0123,2026-09-13,7.686455249786377
GJ-VER-0124,2026-09-13,5.30823278427124
GJ-VER-0125,2026-09-13,6.130456447601318
GJ-VER-0126,2026-09-13,7.603760242462158
GJ-VER-0127,2026-09-13,8.674151420593262
GJ-VER-0128,2026-09-13,10.244651794433594
GJ-VER-0129,2026-09-13,5.7618255615234375
GJ-VER-0130,2026-09-13,6.590848922729492
GJ-VER-0131,2026-09-13,7.835524082183838
GJ-VER-0132,2026-09-13,8.104141235351562
GJ-VER-0133,2026-09-13,9.684391975402832
GJ-VER-0134,2026-09-13,8.32070255279541
GJ-VER-0135,2026-09-13,6.777241230010986
GJ-VER-0136,2026-09-13,8.421334266662598
GJ-VER-0137,2026-09-13,9.228985786437988
GJ-VER-0138,2026-09-13,11.23521327972412
GJ-VER-0139,2026-09-13,10.661874771118164
GJ-VER-0140,2026-09-13,10.167396545410156
GJ-VER-0001,2026-09-14,1.5513535737991333
GJ-VER-0002,2026-09-14,1.8118411302566528
GJ-VER-0003,2026-09-14,2.0005900859832764
GJ-VER-0004,2026-09-14,2.108553409576416
GJ-VER-0005,2026-09-14,2.3232462406158447
GJ-VER-0006,2026-09-14,3.214442729949951
GJ-VER-0007,2026-09-14,1.381597638130188
GJ-VER-0008,2026-09-14,1.3249045610427856
GJ-VER-0009,2026-09-14,1.9029754400253296
GJ-VER-0010,2026-09-14,1.9669506549835205
GJ-VER-0011,2026-09-14,2.08450698852539
GJ-VER-0012,2026-09-14,2.5765366554260254
GJ-VER-0013,2026-09-14,1.3383477926254272
GJ-VER-0014,2026-09-14,1.3732929229736328
GJ-VER-0015,2026-09-14,1.2957028150558472
GJ-VER-0016,2026-09-14,1.8762305974960327
GJ-VER-0017,2026-09-14,2.617418050765991
GJ-VER-0018,2026-09-14,2.9265575408935547
GJ-VER-0019,2026-09-14,1.5043736696243286
GJ-VER-0020,2026-09-14,1.3340801000595093
GJ-VER-0021,2026-09-14,1.2927963733673096
GJ-VER-0022,2026-09-14,2.213657855987549
GJ-VER-0023,2026-09-14,3.318132162094116
GJ-VER-0024,2026-09-14,1.4242922067642212
GJ-VER-0025,2026-09-14,1.639296293258667
GJ-VER-0026,2026-09-14,1.3207672834396362
GJ-VER-0027,2026-09-14,1.7273825407028198
GJ-VER-0028,2026-09-14,3.236134052276612
GJ-VER-0029,2026-09-14,1.2037947177886963
GJ-VER-0030,2026-09-14,1.1553491353988647
GJ-VER-0031,2026-09-14,1.3538706302642822
GJ-VER-0032,2026-09-14,1.6982219219207764
GJ-VER-0033,2026-09-14,2.550879955291748
GJ-VER-0034,2026-09-14,
GJ-VER-0035,2026-09-14,1.157670497894287
GJ-VER-0036,2026-09-14,1.1480861902236938
GJ-VER-0037,2026-09-14,1.538408637046814
GJ-VER-0038,2026-09-14,2.3809597492218018
GJ-VER-0039,2026-09-14,3.879455804824829
GJ-VER-0040,2026-09-14,1.1467138528823853
GJ-VER-0041,2026-09-14,1.1060655117034912
GJ-VER-0042,2026-09-14,1.201674222946167
GJ-VER-0043,2026-09-14,1.967280864715576
GJ-VER-0044,2026-09-14,2.847621440887451
GJ-VER-0045,2026-09-14,1.0058807134628296
GJ-VER-0046,2026-09-14,1.1377002000808716
GJ-VER-0047,2026-09-14,1.4583027362823486
GJ-VER-0048,2026-09-14,2.3375675678253174
GJ-VER-0049,2026-09-14,2.4073989391326904
GJ-VER-0050,2026-09-14,
GJ-VER-0051,2026-09-14,1.0371862649917605
GJ-VER-0052,2026-09-14,1.203102469444275
GJ-VER-0053,2026-09-14,2.0367770195007324
GJ-VER-0054,2026-09-14,2.444386005401612
GJ-VER-0055,2026-09-14,2.744316339492798
GJ-VER-0056,2026-09-14,1.116435408592224
GJ-VER-0057,2026-09-14,1.6496785879135132
GJ-VER-0058,2026-09-14,2.419742584228516
GJ-VER-0059,2026-09-14,2.8233745098114014
GJ-VER-0060,2026-09-14,1.1188124418258667
GJ-VER-0061,2026-09-14,1.3600125312805176
GJ-VER-0062,2026-09-14,1.8863364458084104
GJ-VER-0063,2026-09-14,2.886080741882324
GJ-VER-0064,2026-09-14,3.857250928878784
GJ-VER-0065,2026-09-14,1.2962241172790527
GJ-VER-0066,2026-09-14,1.7172671556472778
GJ-VER-0067,2026-09-14,1.4743781089782717
GJ-VER-0068,2026-09-14,2.759596347808838
GJ-VER-0069,2026-09-14,
GJ-VER-0070,2026-09-14,1.2337130308151243
GJ-VER-0071,2026-09-14,1.2092795372009275
GJ-VER-0072,2026-09-14,1.6513850688934326
GJ-VER-0073,2026-09-14,2.4127092361450195
GJ-VER-0074,2026-09-14,2.9218075275421143
GJ-VER-0075,2026-09-14,1.2752645015716553
GJ-VER-0076,2026-09-14,1.3264217376708984
GJ-VER-0077,2026-09-14,1.493765115737915
GJ-VER-0078,2026-09-14,4.090548515319824
GJ-VER-0079,2026-09-14,
GJ-VER-0080,2026-09-14,1.3322426080703735
GJ-VER-0081,2026-09-14,1.34458327293396
GJ-VER-0082,2026-09-14,2.2126262187957764
GJ-VER-0083,2026-09-14,4.288076400756836
GJ-VER-0084,2026-09-14,1.30439031124115
GJ-VER-0085,2026-09-14,1.6054599285125732
GJ-VER-0086,2026-09-14,5.529115200042725
GJ-VER-0087,2026-09-14,4.562324523925781
GJ-VER-0088,2026-09-14,1.4099725484848022
GJ-VER-0089,2026-09-14,2.8438336849212646
GJ-VER-0090,2026-09-14,7.214398384094238
GJ-VER-0091,2026-09-14,3.375354766845703
GJ-VER-0092,2026-09-14,2.1900835037231445
GJ-VER-0093,2026-09-14,4.309823036193848
GJ-VER-0094,2026-09-14,7.313042163848877
GJ-VER-0095,2026-09-14,5.600862979888916
GJ-VER-0096,2026-09-14,4.101683139801025
GJ-VER-0097,2026-09-14,5.400739669799805
GJ-VER-0098,2026-09-14,5.9980974197387695
GJ-VER-0099,2026-09-14,5.818779468536377
GJ-VER-0100,2026-09-14,4.356801986694336
GJ-VER-0101,2026-09-14,4.562972545623779
GJ-VER-0102,2026-09-14,5.650199890136719
GJ-VER-0103,2026-09-14,6.0895094871521
GJ-VER-0104,2026-09-14,5.359924793243408
GJ-VER-0105,2026-09-14,3.700294017791748
GJ-VER-0106,2026-09-14,4.884341239929199
GJ-VER-0107,2026-09-14,5.608582019805908
GJ-VER-0108,2026-09-14,5.465672969818115
GJ-VER-0109,2026-09-14,5.834836483001709
GJ-VER-0110,2026-09-14,5.0048604011535645
GJ-VER-0111,2026-09-14,5.709689140319824
GJ-VER-0112,2026-09-14,5.589921474456787
GJ-VER-0113,2026-09-14,6.285037040710449
GJ-VER-0114,2026-09-14,4.772866249084473
GJ-VER-0115,2026-09-14,5.004377365112305
GJ-VER-0116,2026-09-14,5.844537734985352
GJ-VER-0117,2026-09-14,6.4976067543029785
GJ-VER-0118,2026-09-14,7.43782901763916
GJ-VER-0119,2026-09-14,4.766857624053955
GJ-VER-0120,2026-09-14,5.028627395629883
GJ-VER-0121,2026-09-14,5.863950729370117
GJ-VER-0122,2026-09-14,6.770811557769775
GJ-VER-0123,2026-09-14,7.889464378356934
GJ-VER-0124,2026-09-14,5.30823278427124
GJ-VER-0125,2026-09-14,6.130456447601318
GJ-VER-0126,2026-09-14,7.4067230224609375
GJ-VER-0127,2026-09-14,8.462615013122559
GJ-VER-0128,2026-09-14,10.244651794433594
GJ-VER-0129,2026-09-14,5.7618255615234375
GJ-VER-0130,2026-09-14,6.590848922729492
GJ-VER-0131,2026-09-14,7.635263919830322
GJ-VER-0132,2026-09-14,7.900209903717041
GJ-VER-0133,2026-09-14,9.684391975402832
GJ-VER-0134,2026-09-14,8.532465934753418
GJ-VER-0135,2026-09-14,6.777241230010986
GJ-VER-0136,2026-09-14,8.634452819824219
GJ-VER-0137,2026-09-14,9.228985786437988
GJ-VER-0138,2026-09-14,11.23521327972412
GJ-VER-0139,2026-09-14,10.661874771118164
GJ-VER-0140,2026-09-14,9.937077522277832
GJ-VER-0001,2026-09-15,1.5513535737991333
GJ-VER-0002,2026-09-15,1.8118411302566528
GJ-VER-0003,2026-09-15,2.0005903244018555
GJ-VER-0004,2026-09-15,2.206243991851806
GJ-VER-0005,2026-09-15,2.323247194290161
GJ-VER-0006,2026-09-15,3.2144432067871094
GJ-VER-0007,2026-09-15,1.381597638130188
GJ-VER-0008,2026-09-15,1.3249045610427856
GJ-VER-0009,2026-09-15,1.9029754400253296
GJ-VER-0010,2026-09-15,1.9669512510299685
GJ-VER-0011,2026-09-15,2.1814606189727783
GJ-VER-0012,2026-09-15,2.5765366554260254
GJ-VER-0013,2026-09-15,1.3383477926254272
GJ-VER-0014,2026-09-15,1.4456660747528076
GJ-VER-0015,2026-09-15,1.2957028150558472
GJ-VER-0016,2026-09-15,1.8762305974960327
GJ-VER-0017,2026-09-15,2.508252143859864
GJ-VER-0018,2026-09-15,2.9265575408935547
GJ-VER-0019,2026-09-15,1.3587490320205688
GJ-VER-0020,2026-09-15,1.3340801000595093
GJ-VER-0021,2026-09-15,1.2927963733673096
GJ-VER-0022,2026-09-15,2.213657855987549
GJ-VER-0023,2026-09-15,3.318132162094116
GJ-VER-0024,2026-09-15,1.4242922067642212
GJ-VER-0025,2026-09-15,1.5599069595336914
GJ-VER-0026,2026-09-15,1.3207672834396362
GJ-VER-0027,2026-09-15,1.7273825407028198
GJ-VER-0028,2026-09-15,3.113327980041504
GJ-VER-0029,2026-09-15,1.2037947177886963
GJ-VER-0030,2026-09-15,1.094359278678894
GJ-VER-0031,2026-09-15,1.425487041473389
GJ-VER-0032,2026-09-15,1.6982219219207764
GJ-VER-0033,2026-09-15,2.550879955291748
GJ-VER-0034,2026-09-15,
GJ-VER-0035,2026-09-15,1.1576696634292605
GJ-VER-0036,2026-09-15,1.1480861902236938
GJ-VER-0037,2026-09-15,1.462621569633484
GJ-VER-0038,2026-09-15,2.3809597492218018
GJ-VER-0039,2026-09-15,3.879455804824829
GJ-VER-0040,2026-09-15,1.0860793590545654
GJ-VER-0041,2026-09-15,1.2309963703155518
GJ-VER-0042,2026-09-15,1.201674222946167
GJ-VER-0043,2026-09-15,1.8778104782104488
GJ-VER-0044,2026-09-15,2.732608795166016
GJ-VER-0045,2026-09-15,0.9517399072647096
GJ-VER-0046,2026-09-15,1.1377002000808716
GJ-VER-0047,2026-09-15,1.4583027362823486
GJ-VER-0048,2026-09-15,2.337566614151001
GJ-VER-0049,2026-09-15,2.304936647415161
GJ-VER-0050,2026-09-15,
GJ-VER-0051,2026-09-15,1.0956956148147583
GJ-VER-0052,2026-09-15,1.203102469444275
GJ-VER-0053,2026-09-15,2.036776542663574
GJ-VER-0054,2026-09-15,2.340906381607056
GJ-VER-0055,2026-09-15,2.6329824924468994
GJ-VER-0056,2026-09-15,1.1164346933364868
GJ-VER-0057,2026-09-15,1.6496785879135132
GJ-VER-0058,2026-09-15,2.4197418689727783
GJ-VER-0059,2026-09-15,2.823373556137085
GJ-VER-0060,2026-09-15,1.1188104152679443
GJ-VER-0061,2026-09-15,1.3600105047225952
GJ-VER-0062,2026-09-15,1.8863341808319087
GJ-VER-0063,2026-09-15,2.8860788345336914
GJ-VER-0064,2026-09-15,3.857248783111572
GJ-VER-0065,2026-09-15,1.2302162647247314
GJ-VER-0066,2026-09-15,1.7172582149505615
GJ-VER-0067,2026-09-15,1.4743714332580566
GJ-VER-0068,2026-09-15,2.759573459625244
GJ-VER-0069,2026-09-15,
GJ-VER-0070,2026-09-15,1.170120120048523
GJ-VER-0071,2026-09-15,1.2092430591583252
GJ-VER-0072,2026-09-15,1.651352047920227
GJ-VER-0073,2026-09-15,2.4126696586608887
GJ-VER-0074,2026-09-15,3.0414137840271
GJ-VER-0075,2026-09-15,1.275188446044922
GJ-VER-0076,2026-09-15,1.3263438940048218
GJ-VER-0077,2026-09-15,1.4936819076538086
GJ-VER-0078,2026-09-15,4.090328216552734
GJ-VER-0079,2026-09-15,
GJ-VER-0080,2026-09-15,1.3320854902267456
GJ-VER-0081,2026-09-15,1.3444284200668335
GJ-VER-0082,2026-09-15,2.2123565673828125
GJ-VER-0083,2026-09-15,4.143655776977539
GJ-VER-0084,2026-09-15,1.3040976524353027
GJ-VER-0085,2026-09-15,1.6051061153411863
GJ-VER-0086,2026-09-15,5.52806282043457
GJ-VER-0087,2026-09-15,4.714641571044922
GJ-VER-0088,2026-09-15,1.4094181060791016
GJ-VER-0089,2026-09-15,2.842702627182007
GJ-VER-0090,2026-09-15,7.2117919921875
GJ-VER-0091,2026-09-15,3.37160587310791
GJ-VER-0092,2026-09-15,2.288547992706299
GJ-VER-0093,2026-09-15,4.306619644165039
GJ-VER-0094,2026-09-15,7.30780553817749
GJ-VER-0095,2026-09-15,5.596216678619385
GJ-VER-0096,2026-09-15,4.096758365631104
GJ-VER-0097,2026-09-15,5.561008930206299
GJ-VER-0098,2026-09-15,6.166721343994141
GJ-VER-0099,2026-09-15,5.638729095458984
GJ-VER-0100,2026-09-15,4.342806339263916
GJ-VER-0101,2026-09-15,4.543741226196289
GJ-VER-0102,2026-09-15,5.45650577545166
GJ-VER-0103,2026-09-15,5.896491050720215
GJ-VER-0104,2026-09-15,5.335494041442871
GJ-VER-0105,2026-09-15,3.5485572814941406
GJ-VER-0106,2026-09-15,4.69766092300415
GJ-VER-0107,2026-09-15,5.73730993270874
GJ-VER-0108,2026-09-15,5.415634632110596
GJ-VER-0109,2026-09-15,5.77806568145752
GJ-VER-0110,2026-09-15,4.953006267547607
GJ-VER-0111,2026-09-15,5.641323089599609
GJ-VER-0112,2026-09-15,5.5000901222229
GJ-VER-0113,2026-09-15,6.2049078941345215
GJ-VER-0114,2026-09-15,4.69718074798584
GJ-VER-0115,2026-09-15,5.069393634796143
GJ-VER-0116,2026-09-15,5.694693088531494
GJ-VER-0117,2026-09-15,6.39397668838501
GJ-VER-0118,2026-09-15,7.299830436706543
GJ-VER-0119,2026-09-15,4.666861057281494
GJ-VER-0120,2026-09-15,5.068728923797607
GJ-VER-0121,2026-09-15,5.67823600769043
GJ-VER-0122,2026-09-15,6.6362786293029785
GJ-VER-0123,2026-09-15,7.468625068664551
GJ-VER-0124,2026-09-15,5.134171485900879
GJ-VER-0125,2026-09-15,5.891058444976807
GJ-VER-0126,2026-09-15,7.362405300140381
GJ-VER-0127,2026-09-15,8.433089256286621
GJ-VER-0128,2026-09-15,9.769615173339844
GJ-VER-0129,2026-09-15,5.455456256866455
GJ-VER-0130,2026-09-15,6.282363414764404
GJ-VER-0131,2026-09-15,7.50299596786499
GJ-VER-0132,2026-09-15,7.746841907501221
GJ-VER-0133,2026-09-15,9.218212127685549
GJ-VER-0134,2026-09-15,7.554492473602295
GJ-VER-0135,2026-09-15,6.202011585235596
GJ-VER-0136,2026-09-15,7.843616485595703
GJ-VER-0137,2026-09-15,8.846033096313477
GJ-VER-0138,2026-09-15,9.742387771606444
GJ-VER-0139,2026-09-15,9.550037384033203
GJ-VER-0140,2026-09-15,9.15322208404541
GJ-VER-0001,2026-09-16,1.467284917831421
GJ-VER-0002,2026-09-16,1.5112186670303345
GJ-VER-0003,2026-09-16,1.6121447086334229
GJ-VER-0004,2026-09-16,1.7240822315216064
GJ-VER-0005,2026-09-16,1.9119244813919067
GJ-VER-0006,2026-09-16,1.9674707651138303
GJ-VER-0007,2026-09-16,1.1265203952789309
GJ-VER-0008,2026-09-16,1.3941073417663574
GJ-VER-0009,2026-09-16,1.5023564100265503
GJ-VER-0010,2026-09-16,1.5896888971328735
GJ-VER-0011,2026-09-16,1.6213465929031372
GJ-VER-0012,2026-09-16,2.0824618339538574
GJ-VER-0013,2026-09-16,1.0259329080581665
GJ-VER-0014,2026-09-16,1.1297738552093506
GJ-VER-0015,2026-09-16,1.4142611026763916
GJ-VER-0016,2026-09-16,1.4983234405517578
GJ-VER-0017,2026-09-16,1.6664484739303589
GJ-VER-0018,2026-09-16,1.8212907314300537
GJ-VER-0019,2026-09-16,1.137872338294983
GJ-VER-0020,2026-09-16,1.3362971544265747
GJ-VER-0021,2026-09-16,1.459259867668152
GJ-VER-0022,2026-09-16,1.5852605104446411
GJ-VER-0023,2026-09-16,1.826129674911499
GJ-VER-0024,2026-09-16,1.0823386907577517
GJ-VER-0025,2026-09-16,1.30504047870636
GJ-VER-0026,2026-09-16,1.386003494262695
GJ-VER-0027,2026-09-16,1.52672278881073
GJ-VER-0028,2026-09-16,1.7443912029266355
GJ-VER-0029,2026-09-16,0.8613724708557129
GJ-VER-0030,2026-09-16,1.204147219657898
GJ-VER-0031,2026-09-16,1.4189690351486206
GJ-VER-0032,2026-09-16,1.5522245168685913
GJ-VER-0033,2026-09-16,1.890865445137024
GJ-VER-0034,2026-09-16,
GJ-VER-0035,2026-09-16,1.0107511281967163
GJ-VER-0036,2026-09-16,1.2060655355453491
GJ-VER-0037,2026-09-16,1.525183916091919
GJ-VER-0038,2026-09-16,2.0059618949890137
GJ-VER-0039,2026-09-16,2.405836820602417
GJ-VER-0040,2026-09-16,0.9054155349731444
GJ-VER-0041,2026-09-16,1.1048040390014648
GJ-VER-0042,2026-09-16,1.2915257215499878
GJ-VER-0043,2026-09-16,2.054438352584839
GJ-VER-0044,2026-09-16,2.5828793048858643
GJ-VER-0045,2026-09-16,0.8228549957275391
GJ-VER-0046,2026-09-16,0.9144808650016784
GJ-VER-0047,2026-09-16,1.1132628917694092
GJ-VER-0048,2026-09-16,2.280357837677002
GJ-VER-0049,2026-09-16,3.1277377605438232
GJ-VER-0050,2026-09-16,
GJ-VER-0051,2026-09-16,0.8335854411125183
GJ-VER-0052,2026-09-16,0.8466548323631287
GJ-VER-0053,2026-09-16,1.1704440116882324
GJ-VER-0054,2026-09-16,2.802633285522461
GJ-VER-0055,2026-09-16,3.4420647621154785
GJ-VER-0056,2026-09-16,0.7378515601158142
GJ-VER-0057,2026-09-16,0.931437611579895
GJ-VER-0058,2026-09-16,1.3877286911010742
GJ-VER-0059,2026-09-16,3.5598349571228027
GJ-VER-0060,2026-09-16,0.7031572461128235
GJ-VER-0061,2026-09-16,0.7346117496490479
GJ-VER-0062,2026-09-16,1.1480950117111206
GJ-VER-0063,2026-09-16,3.042986392974853
GJ-VER-0064,2026-09-16,4.238903045654297
GJ-VER-0065,2026-09-16,0.6638035774230957
GJ-VER-0066,2026-09-16,0.772186815738678
GJ-VER-0067,2026-09-16,1.3838385343551636
GJ-VER-0068,2026-09-16,3.742106914520264
GJ-VER-0069,2026-09-16,
GJ-VER-0070,2026-09-16,0.654525876045227
GJ-VER-0071,2026-09-16,0.9297829270362854
GJ-VER-0072,2026-09-16,1.0723764896392822
GJ-VER-0073,2026-09-16,2.472334623336792
GJ-VER-0074,2026-09-16,3.8104734420776367
GJ-VER-0075,2026-09-16,0.6235342621803284
GJ-VER-0076,2026-09-16,0.9594150185585022
GJ-VER-0077,2026-09-16,1.2333334684371948
GJ-VER-0078,2026-09-16,3.094917058944702
GJ-VER-0079,2026-09-16,
GJ-VER-0080,2026-09-16,0.625104546546936
GJ-VER-0081,2026-09-16,1.0161679983139038
GJ-VER-0082,2026-09-16,1.7714111804962158
GJ-VER-0083,2026-09-16,1.514850616455078
GJ-VER-0084,2026-09-16,0.6553391218185425
GJ-VER-0085,2026-09-16,1.12240469455719
GJ-VER-0086,2026-09-16,2.105130434036255
GJ-VER-0087,2026-09-16,1.7697570323944092
GJ-VER-0088,2026-09-16,1.1138088703155518
GJ-VER-0089,2026-09-16,1.2736804485321045
GJ-VER-0090,2026-09-16,2.154325246810913
GJ-VER-0091,2026-09-16,3.077306032180786
GJ-VER-0092,2026-09-16,1.2218033075332642
GJ-VER-0093,2026-09-16,1.4024397134780884
GJ-VER-0094,2026-09-16,2.349264144897461
GJ-VER-0095,2026-09-16,4.29752779006958
GJ-VER-0096,2026-09-16,1.340803623199463
GJ-VER-0097,2026-09-16,2.247966289520264
GJ-VER-0098,2026-09-16,2.9915621280670166
GJ-VER-0099,2026-09-16,4.521616458892822
GJ-VER-0100,2026-09-16,1.740167260169983
GJ-VER-0101,2026-09-16,2.6675522327423096
GJ-VER-0102,2026-09-16,3.117415189743042
GJ-VER-0103,2026-09-16,4.5705246925354
GJ-VER-0104,2026-09-16,4.4347004890441895
GJ-VER-0105,2026-09-16,1.994996666908264
GJ-VER-0106,2026-09-16,3.281754732131958
GJ-VER-0107,2026-09-16,3.531868457794189
GJ-VER-0108,2026-09-16,3.8817250728607178
GJ-VER-0109,2026-09-16,5.059915065765381
GJ-VER-0110,2026-09-16,3.628211736679077
GJ-VER-0111,2026-09-16,3.736538648605346
GJ-VER-0112,2026-09-16,3.8817250728607178
GJ-VER-0113,2026-09-16,6.407803058624268
GJ-VER-0114,2026-09-16,4.004961490631104
GJ-VER-0115,2026-09-16,4.203593254089356
GJ-VER-0116,2026-09-16,5.426664352416992
GJ-VER-0117,2026-09-16,7.2414045333862305
GJ-VER-0118,2026-09-16,5.83791971206665
GJ-VER-0119,2026-09-16,4.227147579193115
GJ-VER-0120,2026-09-16,4.727992534637451
GJ-VER-0121,2026-09-16,5.948680877685547
GJ-VER-0122,2026-09-16,7.044172763824463
GJ-VER-0123,2026-09-16,6.950317859649658
GJ-VER-0124,2026-09-16,5.247766494750977
GJ-VER-0125,2026-09-16,6.913929462432861
GJ-VER-0126,2026-09-16,6.8005805015563965
GJ-VER-0127,2026-09-16,6.494076728820801
GJ-VER-0128,2026-09-16,4.806480407714844
GJ-VER-0129,2026-09-16,5.850858688354492
GJ-VER-0130,2026-09-16,6.482096195220947
GJ-VER-0131,2026-09-16,5.797333717346191
GJ-VER-0132,2026-09-16,5.418126106262207
GJ-VER-0133,2026-09-16,4.7666192054748535
GJ-VER-0134,2026-09-16,5.833065509796143
GJ-VER-0135,2026-09-16,4.977180480957031
GJ-VER-0136,2026-09-16,5.220083713531494
GJ-VER-0137,2026-09-16,5.005681991577148
GJ-VER-0138,2026-09-16,2.5128698348999023
GJ-VER-0139,2026-09-16,4.31248950958252
GJ-VER-0140,2026-09-16,3.316994428634644
GJ-VER-0001,2026-09-17,1.1211024522781372
GJ-VER-0002,2026-09-17,1.172108173370361
GJ-VER-0003,2026-09-17,1.218852400779724
GJ-VER-0004,2026-09-17,1.2462257146835327
GJ-VER-0005,2026-09-17,1.2480942010879517
GJ-VER-0006,2026-09-17,1.3947066068649292
GJ-VER-0007,2026-09-17,0.9956997632980348
GJ-VER-0008,2026-09-17,1.1518789529800415
GJ-VER-0009,2026-09-17,1.111031413078308
GJ-VER-0010,2026-09-17,1.218852400779724
GJ-VER-0011,2026-09-17,1.2665547132492063
GJ-VER-0012,2026-09-17,1.356081247329712
GJ-VER-0013,2026-09-17,0.9371039867401124
GJ-VER-0014,2026-09-17,1.024158000946045
GJ-VER-0015,2026-09-17,1.2463871240615845
GJ-VER-0016,2026-09-17,1.2994483709335327
GJ-VER-0017,2026-09-17,1.4209240674972534
GJ-VER-0018,2026-09-17,1.5112282037734983
GJ-VER-0019,2026-09-17,1.05468487739563
GJ-VER-0020,2026-09-17,1.2240595817565918
GJ-VER-0021,2026-09-17,1.3223187923431396
GJ-VER-0022,2026-09-17,1.4238661527633667
GJ-VER-0023,2026-09-17,1.616469383239746
GJ-VER-0024,2026-09-17,1.0116149187088013
GJ-VER-0025,2026-09-17,1.230242371559143
GJ-VER-0026,2026-09-17,1.291982650756836
GJ-VER-0027,2026-09-17,1.4124367237091064
GJ-VER-0028,2026-09-17,1.6078094244003296
GJ-VER-0029,2026-09-17,0.8199462890625
GJ-VER-0030,2026-09-17,1.1401019096374512
GJ-VER-0031,2026-09-17,1.3477314710617063
GJ-VER-0032,2026-09-17,1.4533687829971311
GJ-VER-0033,2026-09-17,1.7690311670303345
GJ-VER-0034,2026-09-17,
GJ-VER-0035,2026-09-17,0.9520057439804076
GJ-VER-0036,2026-09-17,1.141011357307434
GJ-VER-0037,2026-09-17,1.4497257471084597
GJ-VER-0038,2026-09-17,1.9080712795257568
GJ-VER-0039,2026-09-17,2.288149118423462
GJ-VER-0040,2026-09-17,0.8358485698699951
GJ-VER-0041,2026-09-17,1.0211485624313354
GJ-VER-0042,2026-09-17,1.2092913389205933
GJ-VER-0043,2026-09-17,1.9221854209899905
GJ-VER-0044,2026-09-17,2.441325664520264
GJ-VER-0045,2026-09-17,0.7449900507926941
GJ-VER-0046,2026-09-17,0.8313097357749939
GJ-VER-0047,2026-09-17,1.015710473060608
GJ-VER-0048,2026-09-17,2.0553367137908936
GJ-VER-0049,2026-09-17,2.819446086883545
GJ-VER-0050,2026-09-17,
GJ-VER-0051,2026-09-17,0.7526224851608276
GJ-VER-0052,2026-09-17,0.7752108573913574
GJ-VER-0053,2026-09-17,1.05223548412323
GJ-VER-0054,2026-09-17,2.411135196685791
GJ-VER-0055,2026-09-17,3.031292676925659
GJ-VER-0056,2026-09-17,0.683043897151947
GJ-VER-0057,2026-09-17,0.8410508632659912
GJ-VER-0058,2026-09-17,1.2130177021026611
GJ-VER-0059,2026-09-17,2.910290479660034
GJ-VER-0060,2026-09-17,0.6442227959632874
GJ-VER-0061,2026-09-17,0.6856247186660767
GJ-VER-0062,2026-09-17,0.9920334815979004
GJ-VER-0063,2026-09-17,2.3647940158843994
GJ-VER-0064,2026-09-17,3.4570555686950684
GJ-VER-0065,2026-09-17,0.6313497424125671
GJ-VER-0066,2026-09-17,0.7254775166511536
GJ-VER-0067,2026-09-17,1.1335999965667725
GJ-VER-0068,2026-09-17,2.7277653217315674
GJ-VER-0069,2026-09-17,
GJ-VER-0070,2026-09-17,0.6345486640930176
GJ-VER-0071,2026-09-17,0.8088838458061218
GJ-VER-0072,2026-09-17,0.9134544134140016
GJ-VER-0073,2026-09-17,1.7727442979812622
GJ-VER-0074,2026-09-17,2.68410062789917
GJ-VER-0075,2026-09-17,0.6591992974281311
GJ-VER-0076,2026-09-17,0.8516650199890137
GJ-VER-0077,2026-09-17,1.0120577812194824
GJ-VER-0078,2026-09-17,1.9649056196212769
GJ-VER-0079,2026-09-17,
GJ-VER-0080,2026-09-17,0.8495239615440369
GJ-VER-0081,2026-09-17,0.9181172251701356
GJ-VER-0082,2026-09-17,1.2350192070007324
GJ-VER-0083,2026-09-17,1.4190852642059326
GJ-VER-0084,2026-09-17,0.95383620262146
GJ-VER-0085,2026-09-17,1.0664150714874268
GJ-VER-0086,2026-09-17,1.482088565826416
GJ-VER-0087,2026-09-17,1.4942246675491333
GJ-VER-0088,2026-09-17,1.0063012838363647
GJ-VER-0089,2026-09-17,1.1919562816619873
GJ-VER-0090,2026-09-17,1.5518252849578855
GJ-VER-0091,2026-09-17,1.9143961668014529
GJ-VER-0092,2026-09-17,1.1554299592971802
GJ-VER-0093,2026-09-17,1.3304499387741089
GJ-VER-0094,2026-09-17,1.7111554145812988
GJ-VER-0095,2026-09-17,2.1737828254699707
GJ-VER-0096,2026-09-17,1.1786599159240725
GJ-VER-0097,2026-09-17,1.7424653768539429
GJ-VER-0098,2026-09-17,1.984414339065552
GJ-VER-0099,2026-09-17,2.9279778003692627
GJ-VER-0100,2026-09-17,2.0283164978027344
GJ-VER-0101,2026-09-17,2.2245430946350098
GJ-VER-0102,2026-09-17,2.4177122116088867
GJ-VER-0103,2026-09-17,3.2352752685546875
GJ-VER-0104,2026-09-17,3.244534969329834
GJ-VER-0105,2026-09-17,2.2094502449035645
GJ-VER-0106,2026-09-17,2.4006495475769043
GJ-VER-0107,2026-09-17,2.700557231903076
GJ-VER-0108,2026-09-17,3.6303670406341553
GJ-VER-0109,2026-09-17,4.402624130249023
GJ-VER-0110,2026-09-17,3.7352454662323
GJ-VER-0111,2026-09-17,3.4894120693206787
GJ-VER-0112,2026-09-17,3.976100206375122
GJ-VER-0113,2026-09-17,4.62156343460083
GJ-VER-0114,2026-09-17,3.8895089626312256
GJ-VER-0115,2026-09-17,3.951287508010864
GJ-VER-0116,2026-09-17,4.177646636962891
GJ-VER-0117,2026-09-17,4.96210527420044
GJ-VER-0118,2026-09-17,4.70929479598999
GJ-VER-0119,2026-09-17,4.001245021820068
GJ-VER-0120,2026-09-17,4.285218238830566
GJ-VER-0121,2026-09-17,4.449239253997803
GJ-VER-0122,2026-09-17,4.952938079833984
GJ-VER-0123,2026-09-17,5.149613857269287
GJ-VER-0124,2026-09-17,4.711905479431152
GJ-VER-0125,2026-09-17,4.968808650970459
GJ-VER-0126,2026-09-17,5.17605447769165
GJ-VER-0127,2026-09-17,5.35386323928833
GJ-VER-0128,2026-09-17,3.27881407737732
GJ-VER-0129,2026-09-17,5.178829669952393
GJ-VER-0130,2026-09-17,5.2878098487854
GJ-VER-0131,2026-09-17,5.253966331481934
GJ-VER-0132,2026-09-17,5.597133636474609
GJ-VER-0133,2026-09-17,3.648653745651245
GJ-VER-0134,2026-09-17,5.783226490020752
GJ-VER-0135,2026-09-17,5.894650459289551
GJ-VER-0136,2026-09-17,5.559568405151367
GJ-VER-0137,2026-09-17,4.397744178771973
GJ-VER-0138,2026-09-17,5.230352401733398
GJ-VER-0139,2026-09-17,5.441168308258057
GJ-VER-0140,2026-09-17,3.928008556365967
GJ-VER-0001,2026-09-18,1.166313648223877
GJ-VER-0002,2026-09-18,1.220523238182068
GJ-VER-0003,2026-09-18,1.3675154447555542
GJ-VER-0004,2026-09-18,1.3886061906814575
GJ-VER-0005,2026-09-18,1.515211820602417
GJ-VER-0006,2026-09-18,1.7007712125778198
GJ-VER-0007,2026-09-18,0.9867851138114928
GJ-VER-0008,2026-09-18,1.166313648223877
GJ-VER-0009,2026-09-18,1.1575007438659668
GJ-VER-0010,2026-09-18,1.2980997562408447
GJ-VER-0011,2026-09-18,1.3856425285339355
GJ-VER-0012,2026-09-18,1.515211820602417
GJ-VER-0013,2026-09-18,0.9206560254096984
GJ-VER-0014,2026-09-18,1.0072712898254397
GJ-VER-0015,2026-09-18,1.230886697769165
GJ-VER-0016,2026-09-18,1.2915387153625488
GJ-VER-0017,2026-09-18,1.4193291664123535
GJ-VER-0018,2026-09-18,1.3786035776138306
GJ-VER-0019,2026-09-18,1.0307317972183228
GJ-VER-0020,2026-09-18,1.19566011428833
GJ-VER-0021,2026-09-18,1.2906628847122192
GJ-VER-0022,2026-09-18,1.3948302268981934
GJ-VER-0023,2026-09-18,1.5756834745407104
GJ-VER-0024,2026-09-18,0.9872400760650636
GJ-VER-0025,2026-09-18,1.184758186340332
GJ-VER-0026,2026-09-18,1.255894899368286
GJ-VER-0027,2026-09-18,1.371030569076538
GJ-VER-0028,2026-09-18,1.5562307834625244
GJ-VER-0029,2026-09-18,0.7936376929283142
GJ-VER-0030,2026-09-18,1.0941648483276367
GJ-VER-0031,2026-09-18,1.295654535293579
GJ-VER-0032,2026-09-18,1.41258704662323
GJ-VER-0033,2026-09-18,1.70277202129364
GJ-VER-0034,2026-09-18,
GJ-VER-0035,2026-09-18,0.9165953397750854
GJ-VER-0036,2026-09-18,1.091143012046814
GJ-VER-0037,2026-09-18,1.3886961936950684
GJ-VER-0038,2026-09-18,1.8225188255310056
GJ-VER-0039,2026-09-18,2.1625723838806152
GJ-VER-0040,2026-09-18,0.7923638224601746
GJ-VER-0041,2026-09-18,0.9648345708847046
GJ-VER-0042,2026-09-18,1.1494441032409668
GJ-VER-0043,2026-09-18,1.822898745536804
GJ-VER-0044,2026-09-18,2.312664270401001
GJ-VER-0045,2026-09-18,0.6944763660430908
GJ-VER-0046,2026-09-18,0.7769694328308105
GJ-VER-0047,2026-09-18,0.9499905109405518
GJ-VER-0048,2026-09-18,1.926123142242432
GJ-VER-0049,2026-09-18,2.6419789791107178
GJ-VER-0050,2026-09-18,
GJ-VER-0051,2026-09-18,0.6940003633499146
GJ-VER-0052,2026-09-18,0.7162787914276123
GJ-VER-0053,2026-09-18,0.9712438583374025
GJ-VER-0054,2026-09-18,2.2400927543640137
GJ-VER-0055,2026-09-18,2.8340206146240234
GJ-VER-0056,2026-09-18,0.6269313097000122
GJ-VER-0057,2026-09-18,0.7701057195663452
GJ-VER-0058,2026-09-18,1.09942626953125
GJ-VER-0059,2026-09-18,2.688517808914185
GJ-VER-0060,2026-09-18,0.5847625732421875
GJ-VER-0061,2026-09-18,0.6226390600204468
GJ-VER-0062,2026-09-18,0.8967177867889404
GJ-VER-0063,2026-09-18,2.1514687538146973
GJ-VER-0064,2026-09-18,3.233203172683716
GJ-VER-0065,2026-09-18,0.5691825151443481
GJ-VER-0066,2026-09-18,0.6528856158256531
GJ-VER-0067,2026-09-18,1.022225022315979
GJ-VER-0068,2026-09-18,2.471118450164795
GJ-VER-0069,2026-09-18,
GJ-VER-0070,2026-09-18,0.5632059574127197
GJ-VER-0071,2026-09-18,0.7164638042449951
GJ-VER-0072,2026-09-18,0.8163099884986877
GJ-VER-0073,2026-09-18,1.5974918603897097
GJ-VER-0074,2026-09-18,2.449083089828491
GJ-VER-0075,2026-09-18,0.5824561715126038
GJ-VER-0076,2026-09-18,0.7531489729881287
GJ-VER-0077,2026-09-18,0.8917878270149231
GJ-VER-0078,2026-09-18,1.7585740089416504
GJ-VER-0079,2026-09-18,
GJ-VER-0080,2026-09-18,0.7548455595970154
GJ-VER-0081,2026-09-18,0.8104587197303772
GJ-VER-0082,2026-09-18,1.087271809577942
GJ-VER-0083,2026-09-18,1.2514989376068115
GJ-VER-0084,2026-09-18,0.8434138894081116
GJ-VER-0085,2026-09-18,0.9425004720687866
GJ-VER-0086,2026-09-18,1.3151053190231323
GJ-VER-0087,2026-09-18,1.3262230157852173
GJ-VER-0088,2026-09-18,0.8895404934883118
GJ-VER-0089,2026-09-18,1.0489455461502075
GJ-VER-0090,2026-09-18,1.3777961730957031
GJ-VER-0091,2026-09-18,1.6956993341445925
GJ-VER-0092,2026-09-18,1.025328516960144
GJ-VER-0093,2026-09-18,1.180006742477417
GJ-VER-0094,2026-09-18,1.51994526386261
GJ-VER-0095,2026-09-18,1.9253803491592407
GJ-VER-0096,2026-09-18,1.0547178983688354
GJ-VER-0097,2026-09-18,1.5498124361038208
GJ-VER-0098,2026-09-18,1.7654374837875366
GJ-VER-0099,2026-09-18,2.608469009399414
GJ-VER-0100,2026-09-18,1.7827576398849487
GJ-VER-0101,2026-09-18,1.9943230152130127
GJ-VER-0102,2026-09-18,2.174617290496826
GJ-VER-0103,2026-09-18,2.909903049468994
GJ-VER-0104,2026-09-18,2.943211793899536
GJ-VER-0105,2026-09-18,1.9678937196731567
GJ-VER-0106,2026-09-18,2.17098355293274
GJ-VER-0107,2026-09-18,2.4469456672668457
GJ-VER-0108,2026-09-18,3.310875654220581
GJ-VER-0109,2026-09-18,4.042520999908447
GJ-VER-0110,2026-09-18,3.3477001190185547
GJ-VER-0111,2026-09-18,3.16892409324646
GJ-VER-0112,2026-09-18,3.646665334701538
GJ-VER-0113,2026-09-18,4.276990413665772
GJ-VER-0114,2026-09-18,3.510321140289306
GJ-VER-0115,2026-09-18,3.606010913848877
GJ-VER-0116,2026-09-18,3.873694896697998
GJ-VER-0117,2026-09-18,4.645379543304443
GJ-VER-0118,2026-09-18,4.50473690032959
GJ-VER-0119,2026-09-18,3.6588876247406006
GJ-VER-0120,2026-09-18,3.9550702571868896
GJ-VER-0121,2026-09-18,4.1776323318481445
GJ-VER-0122,2026-09-18,4.675439834594727
GJ-VER-0123,2026-09-18,4.957123279571533
GJ-VER-0124,2026-09-18,4.358453273773193
GJ-VER-0125,2026-09-18,4.668614387512207
GJ-VER-0126,2026-09-18,4.915859699249268
GJ-VER-0127,2026-09-18,5.171389579772949
GJ-VER-0128,2026-09-18,3.3164327144622803
GJ-VER-0129,2026-09-18,4.759283065795898
GJ-VER-0130,2026-09-18,4.959225177764893
GJ-VER-0131,2026-09-18,5.013329982757568
GJ-VER-0132,2026-09-18,5.415684700012207
GJ-VER-0133,2026-09-18,3.692620277404785
GJ-VER-0134,2026-09-18,5.339377403259277
GJ-VER-0135,2026-09-18,5.567437648773193
GJ-VER-0136,2026-09-18,5.389556407928467
GJ-VER-0137,2026-09-18,4.410521984100342
GJ-VER-0138,2026-09-18,5.100006580352783
GJ-VER-0139,2026-09-18,5.313888549804688
GJ-VER-0140,2026-09-18,3.963924169540405
GJ-VER-0001,2026-09-19,0.7448611855506897
GJ-VER-0002,2026-09-19,1.2243622541427612
GJ-VER-0003,2026-09-19,1.7184377908706665
GJ-VER-0004,2026-09-19,2.0278923511505127
GJ-VER-0005,2026-09-19,2.265349864959717
GJ-VER-0006,2026-09-19,2.489104986190796
GJ-VER-0007,2026-09-19,2.2211294174194336
GJ-VER-0008,2026-09-19,1.368203043937683
GJ-VER-0009,2026-09-19,2.198132276535034
GJ-VER-0010,2026-09-19,2.234935522079468
GJ-VER-0011,2026-09-19,2.1356239318847656
GJ-VER-0012,2026-09-19,2.4573416709899902
GJ-VER-0013,2026-09-19,2.0726916790008545
GJ-VER-0014,2026-09-19,2.2356274127960205
GJ-VER-0015,2026-09-19,1.5869855880737305
GJ-VER-0016,2026-09-19,1.6126642227172852
GJ-VER-0017,2026-09-19,2.3230679035186768
GJ-VER-0018,2026-09-19,2.701434135437012
GJ-VER-0019,2026-09-19,2.255948305130005
GJ-VER-0020,2026-09-19,2.612231492996216
GJ-VER-0021,2026-09-19,2.252736806869507
GJ-VER-0022,2026-09-19,2.429530620574951
GJ-VER-0023,2026-09-19,2.965383529663086
GJ-VER-0024,2026-09-19,1.1053404808044434
GJ-VER-0025,2026-09-19,2.479758977890014
GJ-VER-0026,2026-09-19,2.7746353149414062
GJ-VER-0027,2026-09-19,3.2501745223999023
GJ-VER-0028,2026-09-19,3.07837986946106
GJ-VER-0029,2026-09-19,0.96198308467865
GJ-VER-0030,2026-09-19,1.221942901611328
GJ-VER-0031,2026-09-19,2.165844440460205
GJ-VER-0032,2026-09-19,2.6913981437683105
GJ-VER-0033,2026-09-19,3.809956789016724
GJ-VER-0034,2026-09-19,
GJ-VER-0035,2026-09-19,0.9765077829360962
GJ-VER-0036,2026-09-19,1.41595196723938
GJ-VER-0037,2026-09-19,2.3795299530029297
GJ-VER-0038,2026-09-19,2.916840076446533
GJ-VER-0039,2026-09-19,4.007003307342529
GJ-VER-0040,2026-09-19,1.077608942985535
GJ-VER-0041,2026-09-19,1.575985550880432
GJ-VER-0042,2026-09-19,1.7776966094970703
GJ-VER-0043,2026-09-19,2.509406805038452
GJ-VER-0044,2026-09-19,3.274878978729248
GJ-VER-0045,2026-09-19,1.0760278701782229
GJ-VER-0046,2026-09-19,1.274019479751587
GJ-VER-0047,2026-09-19,1.9212589263916016
GJ-VER-0048,2026-09-19,2.3372998237609863
GJ-VER-0049,2026-09-19,3.072949171066284
GJ-VER-0050,2026-09-19,
GJ-VER-0051,2026-09-19,1.1366395950317385
GJ-VER-0052,2026-09-19,1.3494329452514648
GJ-VER-0053,2026-09-19,1.8559880256652832
GJ-VER-0054,2026-09-19,3.501160144805908
GJ-VER-0055,2026-09-19,3.3220016956329346
GJ-VER-0056,2026-09-19,1.268832087516785
GJ-VER-0057,2026-09-19,1.590161919593811
GJ-VER-0058,2026-09-19,1.8001192808151243
GJ-VER-0059,2026-09-19,4.345804214477539
GJ-VER-0060,2026-09-19,1.3799452781677246
GJ-VER-0061,2026-09-19,1.4155861139297483
GJ-VER-0062,2026-09-19,1.7856611013412476
GJ-VER-0063,2026-09-19,3.777166128158569
GJ-VER-0064,2026-09-19,4.7793803215026855
GJ-VER-0065,2026-09-19,1.2435147762298584
GJ-VER-0066,2026-09-19,1.4230663776397705
GJ-VER-0067,2026-09-19,2.4648525714874268
GJ-VER-0068,2026-09-19,4.094294548034668
GJ-VER-0069,2026-09-19,
GJ-VER-0070,2026-09-19,1.623063087463379
GJ-VER-0071,2026-09-19,2.6259961128234863
GJ-VER-0072,2026-09-19,2.278245687484741
GJ-VER-0073,2026-09-19,3.84253191947937
GJ-VER-0074,2026-09-19,4.407370090484619
GJ-VER-0075,2026-09-19,2.058369874954224
GJ-VER-0076,2026-09-19,2.3229215145111084
GJ-VER-0077,2026-09-19,2.731072425842285
GJ-VER-0078,2026-09-19,4.2871623039245605
GJ-VER-0079,2026-09-19,
GJ-VER-0080,2026-09-19,2.2552430629730225
GJ-VER-0081,2026-09-19,2.566239833831787
GJ-VER-0082,2026-09-19,3.2113494873046875
GJ-VER-0083,2026-09-19,4.567864894866943
GJ-VER-0084,2026-09-19,2.943600416183472
GJ-VER-0085,2026-09-19,3.3364741802215576
GJ-VER-0086,2026-09-19,4.012219429016113
GJ-VER-0087,2026-09-19,4.921693801879883
GJ-VER-0088,2026-09-19,3.5814008712768555
GJ-VER-0089,2026-09-19,3.767887830734253
GJ-VER-0090,2026-09-19,4.236242771148682
GJ-VER-0091,2026-09-19,3.958877086639404
GJ-VER-0092,2026-09-19,3.647437572479248
GJ-VER-0093,2026-09-19,3.803900718688965
GJ-VER-0094,2026-09-19,4.384685039520264
GJ-VER-0095,2026-09-19,5.02208948135376
GJ-VER-0096,2026-09-19,3.5052051544189453
GJ-VER-0097,2026-09-19,3.9970703125
GJ-VER-0098,2026-09-19,4.30329704284668
GJ-VER-0099,2026-09-19,5.1732940673828125
GJ-VER-0100,2026-09-19,3.299204111099243
GJ-VER-0101,2026-09-19,3.535221815109253
GJ-VER-0102,2026-09-19,4.214306354522705
GJ-VER-0103,2026-09-19,5.07179069519043
GJ-VER-0104,2026-09-19,5.090031623840332
GJ-VER-0105,2026-09-19,3.2917704582214355
GJ-VER-0106,2026-09-19,3.4976632595062256
GJ-VER-0107,2026-09-19,4.241097450256348
GJ-VER-0108,2026-09-19,4.825230598449707
GJ-VER-0109,2026-09-19,5.136454582214356
GJ-VER-0110,2026-09-19,3.664483547210693
GJ-VER-0111,2026-09-19,4.249205112457275
GJ-VER-0112,2026-09-19,4.648412704467773
GJ-VER-0113,2026-09-19,5.044910430908203
GJ-VER-0114,2026-09-19,3.762351512908936
GJ-VER-0115,2026-09-19,4.340256214141846
GJ-VER-0116,2026-09-19,4.67596960067749
GJ-VER-0117,2026-09-19,5.45322322845459
GJ-VER-0118,2026-09-19,5.927595138549805
GJ-VER-0119,2026-09-19,3.948249101638794
GJ-VER-0120,2026-09-19,4.460514068603516
GJ-VER-0121,2026-09-19,4.717284679412842
GJ-VER-0122,2026-09-19,5.35441780090332
GJ-VER-0123,2026-09-19,6.09202241897583
GJ-VER-0124,2026-09-19,4.290077209472656
GJ-VER-0125,2026-09-19,4.501960277557373
GJ-VER-0126,2026-09-19,5.093505382537842
GJ-VER-0127,2026-09-19,5.93386173248291
GJ-VER-0128,2026-09-19,6.219748497009277
GJ-VER-0129,2026-09-19,4.063296794891357
GJ-VER-0130,2026-09-19,4.389830112457275
GJ-VER-0131,2026-09-19,4.791964054107666
GJ-VER-0132,2026-09-19,5.492877006530762
GJ-VER-0133,2026-09-19,6.461839199066162
GJ-VER-0134,2026-09-19,4.413265705108643
GJ-VER-0135,2026-09-19,4.494509696960449
GJ-VER-0136,2026-09-19,5.188693523406982
GJ-VER-0137,2026-09-19,6.198132991790772
GJ-VER-0138,2026-09-19,4.727532386779785
GJ-VER-0139,2026-09-19,4.993438720703125
GJ-VER-0140,2026-09-19,5.688523769378662
GJ-VER-0001,2026-09-20,0.7422972917556763
GJ-VER-0002,2026-09-20,1.20953631401062
GJ-VER-0003,2026-09-20,1.6989216804504397
GJ-VER-0004,2026-09-20,2.003622055053711
GJ-VER-0005,2026-09-20,2.240748405456543
GJ-VER-0006,2026-09-20,2.4650702476501465
GJ-VER-0007,2026-09-20,2.172532558441162
GJ-VER-0008,2026-09-20,1.353156328201294
GJ-VER-0009,2026-09-20,2.173381090164185
GJ-VER-0010,2026-09-20,2.21212124824524
GJ-VER-0011,2026-09-20,2.1126649379730225
GJ-VER-0012,2026-09-20,2.429421901702881
GJ-VER-0013,2026-09-20,2.0344574451446533
GJ-VER-0014,2026-09-20,2.198203563690185
GJ-VER-0015,2026-09-20,1.571545958518982
GJ-VER-0016,2026-09-20,1.5959049463272097
GJ-VER-0017,2026-09-20,2.297270059585572
GJ-VER-0018,2026-09-20,2.669721364974976
GJ-VER-0019,2026-09-20,2.224038600921631
GJ-VER-0020,2026-09-20,2.587209701538086
GJ-VER-0021,2026-09-20,2.2296955585479736
GJ-VER-0022,2026-09-20,2.40306043624878
GJ-VER-0023,2026-09-20,2.9311392307281494
GJ-VER-0024,2026-09-20,1.0962263345718384
GJ-VER-0025,2026-09-20,2.4502511024475098
GJ-VER-0026,2026-09-20,2.7470808029174805
GJ-VER-0027,2026-09-20,3.232034683227539
GJ-VER-0028,2026-09-20,3.0601160526275635
GJ-VER-0029,2026-09-20,0.9547106027603148
GJ-VER-0030,2026-09-20,1.211415410041809
GJ-VER-0031,2026-09-20,2.1446533203125
GJ-VER-0032,2026-09-20,2.676535129547119
GJ-VER-0033,2026-09-20,3.788180351257324
GJ-VER-0034,2026-09-20,
GJ-VER-0035,2026-09-20,0.9683696031570436
GJ-VER-0036,2026-09-20,1.4032214879989624
GJ-VER-0037,2026-09-20,2.3668904304504395
GJ-VER-0038,2026-09-20,2.9032273292541504
GJ-VER-0039,2026-09-20,3.9911720752716064
GJ-VER-0040,2026-09-20,1.0744627714157104
GJ-VER-0041,2026-09-20,1.5710278749465942
GJ-VER-0042,2026-09-20,1.7690768241882324
GJ-VER-0043,2026-09-20,2.500243902206421
GJ-VER-0044,2026-09-20,3.265328884124756
GJ-VER-0045,2026-09-20,1.0744736194610596
GJ-VER-0046,2026-09-20,1.2720632553100586
GJ-VER-0047,2026-09-20,1.918089866638184
GJ-VER-0048,2026-09-20,2.335005760192871
GJ-VER-0049,2026-09-20,3.0697596073150635
GJ-VER-0050,2026-09-20,
GJ-VER-0051,2026-09-20,1.1357817649841309
GJ-VER-0052,2026-09-20,1.3483471870422363
GJ-VER-0053,2026-09-20,1.8543773889541624
GJ-VER-0054,2026-09-20,3.5009145736694336
GJ-VER-0055,2026-09-20,3.3217573165893555
GJ-VER-0056,2026-09-20,1.2688032388687134
GJ-VER-0057,2026-09-20,1.5901228189468384
GJ-VER-0058,2026-09-20,1.8000538349151611
GJ-VER-0059,2026-09-20,4.345664024353027
GJ-VER-0060,2026-09-20,1.3799197673797607
GJ-VER-0061,2026-09-20,1.4155579805374146
GJ-VER-0062,2026-09-20,1.7856242656707764
GJ-VER-0063,2026-09-20,3.777081489562988
GJ-VER-0064,2026-09-20,4.779324054718018
GJ-VER-0065,2026-09-20,1.2434794902801514
GJ-VER-0066,2026-09-20,1.4230235815048218
GJ-VER-0067,2026-09-20,2.464776039123535
GJ-VER-0068,2026-09-20,4.094123840332031
GJ-VER-0069,2026-09-20,
GJ-VER-0070,2026-09-20,1.622958064079285
GJ-VER-0071,2026-09-20,2.625755548477173
GJ-VER-0072,2026-09-20,2.2781121730804443
GJ-VER-0073,2026-09-20,3.8423821926116943
GJ-VER-0074,2026-09-20,4.407169818878174
GJ-VER-0075,2026-09-20,2.058271646499634
GJ-VER-0076,2026-09-20,2.3226678371429443
GJ-VER-0077,2026-09-20,2.730745315551758
GJ-VER-0078,2026-09-20,4.286627769470215
GJ-VER-0079,2026-09-20,
GJ-VER-0080,2026-09-20,2.255087614059448
GJ-VER-0081,2026-09-20,2.565723896026612
GJ-VER-0082,2026-09-20,3.210625171661377
GJ-VER-0083,2026-09-20,4.566617488861084
GJ-VER-0084,2026-09-20,2.942783832550049
GJ-VER-0085,2026-09-20,3.335402488708496
GJ-VER-0086,2026-09-20,4.010481834411621
GJ-VER-0087,2026-09-20,4.9192795753479
GJ-VER-0088,2026-09-20,3.5557382106781006
GJ-VER-0089,2026-09-20,3.7524025440216064
GJ-VER-0090,2026-09-20,4.233475208282471
GJ-VER-0091,2026-09-20,3.955743312835693
GJ-VER-0092,2026-09-20,3.5801095962524414
GJ-VER-0093,2026-09-20,3.728336811065674
GJ-VER-0094,2026-09-20,4.336275100708008
GJ-VER-0095,2026-09-20,4.989952087402344
GJ-VER-0096,2026-09-20,3.38996696472168
GJ-VER-0097,2026-09-20,3.8223087787628174
GJ-VER-0098,2026-09-20,4.126336097717285
GJ-VER-0099,2026-09-20,5.001968860626221
GJ-VER-0100,2026-09-20,3.084864616394043
GJ-VER-0101,2026-09-20,3.202239513397217
GJ-VER-0102,2026-09-20,3.7983572483062735
GJ-VER-0103,2026-09-20,4.741400718688965
GJ-VER-0104,2026-09-20,4.820479869842529
GJ-VER-0105,2026-09-20,3.007652521133423
GJ-VER-0106,2026-09-20,3.1237947940826416
GJ-VER-0107,2026-09-20,3.766783475875856
GJ-VER-0108,2026-09-20,4.271011352539063
GJ-VER-0109,2026-09-20,4.563663482666016
GJ-VER-0110,2026-09-20,3.2944817543029785
GJ-VER-0111,2026-09-20,3.7549660205841056
GJ-VER-0112,2026-09-20,4.100265026092529
GJ-VER-0113,2026-09-20,4.429076671600342
GJ-VER-0114,2026-09-20,3.340702533721924
GJ-VER-0115,2026-09-20,3.792997360229492
GJ-VER-0116,2026-09-20,4.09607458114624
GJ-VER-0117,2026-09-20,4.743871688842773
GJ-VER-0118,2026-09-20,5.153742790222168
GJ-VER-0119,2026-09-20,3.4611968994140625
GJ-VER-0120,2026-09-20,3.92313814163208
GJ-VER-0121,2026-09-20,4.081067562103272
GJ-VER-0122,2026-09-20,4.622705936431885
GJ-VER-0123,2026-09-20,5.240445613861084
GJ-VER-0124,2026-09-20,3.7285215854644775
GJ-VER-0125,2026-09-20,3.860201835632324
GJ-VER-0126,2026-09-20,4.349694728851318
GJ-VER-0127,2026-09-20,5.019712924957275
GJ-VER-0128,2026-09-20,5.215228080749512
GJ-VER-0129,2026-09-20,3.519472360610962
GJ-VER-0130,2026-09-20,3.680001020431519
GJ-VER-0131,2026-09-20,4.020287990570068
GJ-VER-0132,2026-09-20,4.599580764770508
GJ-VER-0133,2026-09-20,5.346425533294678
GJ-VER-0134,2026-09-20,3.60613226890564
GJ-VER-0135,2026-09-20,3.696061611175537
GJ-VER-0136,2026-09-20,4.312957763671875
GJ-VER-0137,2026-09-20,5.079137802124023
GJ-VER-0138,2026-09-20,3.892991065979004
GJ-VER-0139,2026-09-20,4.1264328956604
GJ-VER-0140,2026-09-20,4.656200885772705
GJ-VER-0001,2026-09-21,0.2798588871955871
GJ-VER-0002,2026-09-21,0.2999393343925476
GJ-VER-0003,2026-09-21,0.3387807011604309
GJ-VER-0004,2026-09-21,0.4035850763320923
GJ-VER-0005,2026-09-21,0.5437374711036682
GJ-VER-0006,2026-09-21,1.4839946031570437
GJ-VER-0007,2026-09-21,0.3989815711975097
GJ-VER-0008,2026-09-21,0.280221551656723
GJ-VER-0009,2026-09-21,0.283603310585022
GJ-VER-0010,2026-09-21,0.3638735115528106
GJ-VER-0011,2026-09-21,0.512135922908783
GJ-VER-0012,2026-09-21,1.1158918142318726
GJ-VER-0013,2026-09-21,0.6449508666992188
GJ-VER-0014,2026-09-21,0.4757320880889892
GJ-VER-0015,2026-09-21,0.5037108063697815
GJ-VER-0016,2026-09-21,0.4829872548580169
GJ-VER-0017,2026-09-21,0.6461686491966248
GJ-VER-0018,2026-09-21,1.23717999458313
GJ-VER-0019,2026-09-21,1.1543511152267456
GJ-VER-0020,2026-09-21,1.567874789237976
GJ-VER-0021,2026-09-21,1.1465559005737305
GJ-VER-0022,2026-09-21,1.180408000946045
GJ-VER-0023,2026-09-21,1.4152697324752808
GJ-VER-0024,2026-09-21,3.2704789638519287
GJ-VER-0025,2026-09-21,2.794157028198242
GJ-VER-0026,2026-09-21,2.1905086040496826
GJ-VER-0027,2026-09-21,2.5372393131256104
GJ-VER-0028,2026-09-21,3.01987361907959
GJ-VER-0029,2026-09-21,1.627706527709961
GJ-VER-0030,2026-09-21,4.912492752075195
GJ-VER-0031,2026-09-21,1.2733054161071775
GJ-VER-0032,2026-09-21,2.393649816513061
GJ-VER-0033,2026-09-21,3.848392963409424
GJ-VER-0034,2026-09-21,
GJ-VER-0035,2026-09-21,0.6977973580360413
GJ-VER-0036,2026-09-21,2.968555927276612
GJ-VER-0037,2026-09-21,1.009591579437256
GJ-VER-0038,2026-09-21,2.501774787902832
GJ-VER-0039,2026-09-21,4.620820045471191
GJ-VER-0040,2026-09-21,0.3672603964805603
GJ-VER-0041,2026-09-21,0.3656639456748962
GJ-VER-0042,2026-09-21,0.5126609802246094
GJ-VER-0043,2026-09-21,1.1256521940231323
GJ-VER-0044,2026-09-21,2.854308843612671
GJ-VER-0045,2026-09-21,0.3384363055229187
GJ-VER-0046,2026-09-21,0.3473969101905823
GJ-VER-0047,2026-09-21,0.4003235697746277
GJ-VER-0048,2026-09-21,0.9127313494682312
GJ-VER-0049,2026-09-21,2.941429853439331
GJ-VER-0050,2026-09-21,
GJ-VER-0051,2026-09-21,0.3427078127861023
GJ-VER-0052,2026-09-21,0.3706687688827514
GJ-VER-0053,2026-09-21,0.5725153088569641
GJ-VER-0054,2026-09-21,2.1682965755462646
GJ-VER-0055,2026-09-21,3.487698554992676
GJ-VER-0056,2026-09-21,0.3470768332481384
GJ-VER-0057,2026-09-21,0.451357901096344
GJ-VER-0058,2026-09-21,0.8038585186004639
GJ-VER-0059,2026-09-21,3.646948575973511
GJ-VER-0060,2026-09-21,0.4115151464939117
GJ-VER-0061,2026-09-21,0.4103979170322418
GJ-VER-0062,2026-09-21,0.5437090396881104
GJ-VER-0063,2026-09-21,2.1443145275115967
GJ-VER-0064,2026-09-21,6.3524274826049805
GJ-VER-0065,2026-09-21,0.4966748654842376
GJ-VER-0066,2026-09-21,0.5330202579498291
GJ-VER-0067,2026-09-21,0.8152920007705688
GJ-VER-0068,2026-09-21,3.5040786266326904
GJ-VER-0069,2026-09-21,
GJ-VER-0070,2026-09-21,0.4128114283084869
GJ-VER-0071,2026-09-21,0.8216277956962585
GJ-VER-0072,2026-09-21,0.6642995476722717
GJ-VER-0073,2026-09-21,2.532992362976074
GJ-VER-0074,2026-09-21,4.135088443756104
GJ-VER-0075,2026-09-21,0.6479577422142029
GJ-VER-0076,2026-09-21,2.25879454612732
GJ-VER-0077,2026-09-21,3.23405122756958
GJ-VER-0078,2026-09-21,4.475306987762451
GJ-VER-0079,2026-09-21,
GJ-VER-0080,2026-09-21,1.4864360094070437
GJ-VER-0081,2026-09-21,3.062490940093994
GJ-VER-0082,2026-09-21,3.388094902038574
GJ-VER-0083,2026-09-21,4.007686614990234
GJ-VER-0084,2026-09-21,2.4944982528686523
GJ-VER-0085,2026-09-21,2.5966551303863525
GJ-VER-0086,2026-09-21,4.083519458770752
GJ-VER-0087,2026-09-21,5.007421493530273
GJ-VER-0088,2026-09-21,3.307354688644409
GJ-VER-0089,2026-09-21,3.53943395614624
GJ-VER-0090,2026-09-21,4.7483015060424805
GJ-VER-0091,2026-09-21,5.107073783874512
GJ-VER-0092,2026-09-21,4.104910373687744
GJ-VER-0093,2026-09-21,4.326796531677246
GJ-VER-0094,2026-09-21,4.916289806365967
GJ-VER-0095,2026-09-21,4.811629772186279
GJ-VER-0096,2026-09-21,4.058764934539795
GJ-VER-0097,2026-09-21,4.588109493255615
GJ-VER-0098,2026-09-21,4.78632926940918
GJ-VER-0099,2026-09-21,4.729592323303223
GJ-VER-0100,2026-09-21,4.2585129737854
GJ-VER-0101,2026-09-21,4.743669509887695
GJ-VER-0102,2026-09-21,4.522205352783203
GJ-VER-0103,2026-09-21,4.8480610847473145
GJ-VER-0104,2026-09-21,5.455778121948242
GJ-VER-0105,2026-09-21,4.061124324798584
GJ-VER-0106,2026-09-21,4.553330421447754
GJ-VER-0107,2026-09-21,4.447240829467773
GJ-VER-0108,2026-09-21,4.930167675018311
GJ-VER-0109,2026-09-21,6.537168502807617
GJ-VER-0110,2026-09-21,4.199061870574951
GJ-VER-0111,2026-09-21,4.104097366333008
GJ-VER-0112,2026-09-21,5.015591621398926
GJ-VER-0113,2026-09-21,6.240400314331055
GJ-VER-0114,2026-09-21,4.219546318054199
GJ-VER-0115,2026-09-21,3.980769872665405
GJ-VER-0116,2026-09-21,4.915158748626709
GJ-VER-0117,2026-09-21,5.72088098526001
GJ-VER-0118,2026-09-21,5.077276706695557
GJ-VER-0119,2026-09-21,4.07875919342041
GJ-VER-0120,2026-09-21,3.4242401123046875
GJ-VER-0121,2026-09-21,4.608654499053955
GJ-VER-0122,2026-09-21,5.577671527862549
GJ-VER-0123,2026-09-21,5.490926742553711
GJ-VER-0124,2026-09-21,3.2555322647094727
GJ-VER-0125,2026-09-21,4.0755934715271
GJ-VER-0126,2026-09-21,5.351024627685547
GJ-VER-0127,2026-09-21,5.393832206726074
GJ-VER-0128,2026-09-21,5.314126014709473
GJ-VER-0129,2026-09-21,3.4340522289276123
GJ-VER-0130,2026-09-21,3.542902946472168
GJ-VER-0131,2026-09-21,4.871303081512451
GJ-VER-0132,2026-09-21,5.165975093841553
GJ-VER-0133,2026-09-21,5.196664333343506
GJ-VER-0134,2026-09-21,3.5452303886413574
GJ-VER-0135,2026-09-21,4.20218563079834
GJ-VER-0136,2026-09-21,4.752262115478516
GJ-VER-0137,2026-09-21,5.398319244384766
GJ-VER-0138,2026-09-21,5.259726047515869
GJ-VER-0139,2026-09-21,5.839664459228516
GJ-VER-0140,2026-09-21,7.559621334075928
GJ-VER-0001,2026-09-22,0.1630330234766006
GJ-VER-0002,2026-09-22,0.1710559576749801
GJ-VER-0003,2026-09-22,0.1775213778018951
GJ-VER-0004,2026-09-22,0.1845552176237106
GJ-VER-0005,2026-09-22,0.2018677443265915
GJ-VER-0006,2026-09-22,0.240275889635086
GJ-VER-0007,2026-09-22,0.151723101735115
GJ-VER-0008,2026-09-22,0.1590133756399154
GJ-VER-0009,2026-09-22,0.1647640466690063
GJ-VER-0010,2026-09-22,0.1704759895801544
GJ-VER-0011,2026-09-22,0.1768554896116256
GJ-VER-0012,2026-09-22,0.1921883672475814
GJ-VER-0013,2026-09-22,0.1592263281345367
GJ-VER-0014,2026-09-22,0.1510884016752243
GJ-VER-0015,2026-09-22,0.1580706238746643
GJ-VER-0016,2026-09-22,0.1638049334287643
GJ-VER-0017,2026-09-22,0.2282087355852127
GJ-VER-0018,2026-09-22,0.1732609719038009
GJ-VER-0019,2026-09-22,0.1595802456140518
GJ-VER-0020,2026-09-22,0.1578058302402496
GJ-VER-0021,2026-09-22,0.1759490668773651
GJ-VER-0022,2026-09-22,0.2253647744655609
GJ-VER-0023,2026-09-22,0.2787696719169616
GJ-VER-0024,2026-09-22,0.1972161382436752
GJ-VER-0025,2026-09-22,0.1788820028305053
GJ-VER-0026,2026-09-22,0.1951226890087127
GJ-VER-0027,2026-09-22,0.2150978147983551
GJ-VER-0028,2026-09-22,0.2426370978355407
GJ-VER-0029,2026-09-22,0.254891037940979
GJ-VER-0030,2026-09-22,0.2627569735050201
GJ-VER-0031,2026-09-22,0.2614795267581939
GJ-VER-0032,2026-09-22,0.3089087903499603
GJ-VER-0033,2026-09-22,0.2534191012382507
GJ-VER-0034,2026-09-22,
GJ-VER-0035,2026-09-22,0.2747636139392853
GJ-VER-0036,2026-09-22,0.2953680455684662
GJ-VER-0037,2026-09-22,0.3167256414890289
GJ-VER-0038,2026-09-22,0.4367025792598724
GJ-VER-0039,2026-09-22,0.2301831841468811
GJ-VER-0040,2026-09-22,0.1821754872798919
GJ-VER-0041,2026-09-22,0.3083130419254303
GJ-VER-0042,2026-09-22,0.3326737284660339
GJ-VER-0043,2026-09-22,0.3072898089885711
GJ-VER-0044,2026-09-22,0.4901208877563476
GJ-VER-0045,2026-09-22,0.1601388156414032
GJ-VER-0046,2026-09-22,0.1675695776939392
GJ-VER-0047,2026-09-22,0.2308098077774047
GJ-VER-0048,2026-09-22,0.2455037385225296
GJ-VER-0049,2026-09-22,0.2773365974426269
GJ-VER-0050,2026-09-22,
GJ-VER-0051,2026-09-22,0.1695273965597152
GJ-VER-0052,2026-09-22,0.1692745089530944
GJ-VER-0053,2026-09-22,0.1848245412111282
GJ-VER-0054,2026-09-22,0.2239724993705749
GJ-VER-0055,2026-09-22,0.4205751419067383
GJ-VER-0056,2026-09-22,0.1665576100349426
GJ-VER-0057,2026-09-22,0.1773396134376526
GJ-VER-0058,2026-09-22,0.2293651252985
GJ-VER-0059,2026-09-22,0.2728599011898041
GJ-VER-0060,2026-09-22,0.1737181991338729
GJ-VER-0061,2026-09-22,0.1857599914073944
GJ-VER-0062,2026-09-22,0.2683689594268799
GJ-VER-0063,2026-09-22,2.784409999847412
GJ-VER-0064,2026-09-22,0.2844405770301819
GJ-VER-0065,2026-09-22,0.1991482824087143
GJ-VER-0066,2026-09-22,0.2811664640903473
GJ-VER-0067,2026-09-22,0.9490935802459716
GJ-VER-0068,2026-09-22,4.375822067260742
GJ-VER-0069,2026-09-22,
GJ-VER-0070,2026-09-22,0.2371393293142318
GJ-VER-0071,2026-09-22,0.3528788387775421
GJ-VER-0072,2026-09-22,0.7313839793205261
GJ-VER-0073,2026-09-22,5.025881767272949
GJ-VER-0074,2026-09-22,4.358852863311768
GJ-VER-0075,2026-09-22,0.2737831771373749
GJ-VER-0076,2026-09-22,0.7731935381889343
GJ-VER-0077,2026-09-22,2.5550036430358887
GJ-VER-0078,2026-09-22,7.652792453765869
GJ-VER-0079,2026-09-22,
GJ-VER-0080,2026-09-22,0.3294873833656311
GJ-VER-0081,2026-09-22,1.3019280433654783
GJ-VER-0082,2026-09-22,3.2013163566589355
GJ-VER-0083,2026-09-22,6.685908794403076
GJ-VER-0084,2026-09-22,0.461890310049057
GJ-VER-0085,2026-09-22,1.7059340476989746
GJ-VER-0086,2026-09-22,4.705679416656494
GJ-VER-0087,2026-09-22,5.5165228843688965
GJ-VER-0088,2026-09-22,0.6148415803909302
GJ-VER-0089,2026-09-22,2.3678386211395264
GJ-VER-0090,2026-09-22,4.731496334075928
GJ-VER-0091,2026-09-22,6.320352554321289
GJ-VER-0092,2026-09-22,1.1646060943603516
GJ-VER-0093,2026-09-22,2.8545618057250977
GJ-VER-0094,2026-09-22,4.835180282592773
GJ-VER-0095,2026-09-22,7.332193374633789
GJ-VER-0096,2026-09-22,1.8422502279281616
GJ-VER-0097,2026-09-22,3.924741744995117
GJ-VER-0098,2026-09-22,4.952383518218994
GJ-VER-0099,2026-09-22,7.34486722946167
GJ-VER-0100,2026-09-22,2.3393027782440186
GJ-VER-0101,2026-09-22,3.765868902206421
GJ-VER-0102,2026-09-22,5.253152370452881
GJ-VER-0103,2026-09-22,7.451385498046875
GJ-VER-0104,2026-09-22,4.579876899719238
GJ-VER-0105,2026-09-22,2.8283793926239014
GJ-VER-0106,2026-09-22,3.6656277179718018
GJ-VER-0107,2026-09-22,5.655253410339356
GJ-VER-0108,2026-09-22,6.403589725494385
GJ-VER-0109,2026-09-22,5.850178718566895
GJ-VER-0110,2026-09-22,4.0745391845703125
GJ-VER-0111,2026-09-22,6.087433815002441
GJ-VER-0112,2026-09-22,7.484804153442383
GJ-VER-0113,2026-09-22,7.289738655090332
GJ-VER-0114,2026-09-22,4.406132221221924
GJ-VER-0115,2026-09-22,7.008501529693604
GJ-VER-0116,2026-09-22,9.079171180725098
GJ-VER-0117,2026-09-22,9.007704734802246
GJ-VER-0118,2026-09-22,9.312216758728027
GJ-VER-0119,2026-09-22,4.1933794021606445
GJ-VER-0120,2026-09-22,8.289047241210938
GJ-VER-0121,2026-09-22,8.07984447479248
GJ-VER-0122,2026-09-22,9.69990348815918
GJ-VER-0123,2026-09-22,9.142653465270996
GJ-VER-0124,2026-09-22,9.723790168762209
GJ-VER-0125,2026-09-22,7.147345066070557
GJ-VER-0126,2026-09-22,9.831398010253906
GJ-VER-0127,2026-09-22,12.504652976989746
GJ-VER-0128,2026-09-22,9.215600967407228
GJ-VER-0129,2026-09-22,11.151911735534668
GJ-VER-0130,2026-09-22,6.373294353485107
GJ-VER-0131,2026-09-22,2.880988359451294
GJ-VER-0132,2026-09-22,13.44292163848877
GJ-VER-0133,2026-09-22,7.770323276519775
GJ-VER-0134,2026-09-22,5.185241222381592
GJ-VER-0135,2026-09-22,7.52519416809082
GJ-VER-0136,2026-09-22,4.267829895019531
GJ-VER-0137,2026-09-22,7.905823707580566
GJ-VER-0138,2026-09-22,8.137389183044434
GJ-VER-0139,2026-09-22,12.522744178771973
GJ-VER-0140,2026-09-22,14.044679641723633
GJ-VER-0001,2026-09-23,0.3885865807533264
GJ-VER-0002,2026-09-23,0.4167221784591675
GJ-VER-0003,2026-09-23,0.4330445826053619
GJ-VER-0004,2026-09-23,0.430832177400589
GJ-VER-0005,2026-09-23,0.5499780774116516
GJ-VER-0006,2026-09-23,0.770207405090332
GJ-VER-0007,2026-09-23,0.3973855972290039
GJ-VER-0008,2026-09-23,0.4059641361236572
GJ-VER-0009,2026-09-23,0.4238788783550262
GJ-VER-0010,2026-09-23,0.4278551936149597
GJ-VER-0011,2026-09-23,0.4627014994621277
GJ-VER-0012,2026-09-23,0.5613373517990112
GJ-VER-0013,2026-09-23,0.4272931516170501
GJ-VER-0014,2026-09-23,0.4574981331825256
GJ-VER-0015,2026-09-23,0.4424644112586975
GJ-VER-0016,2026-09-23,0.450697660446167
GJ-VER-0017,2026-09-23,0.5594587922096252
GJ-VER-0018,2026-09-23,0.5995610356330872
GJ-VER-0019,2026-09-23,0.4966331720352173
GJ-VER-0020,2026-09-23,0.4784466028213501
GJ-VER-0021,2026-09-23,0.5227991342544556
GJ-VER-0022,2026-09-23,0.725795567035675
GJ-VER-0023,2026-09-23,1.3400524854660034
GJ-VER-0024,2026-09-23,0.5565018653869629
GJ-VER-0025,2026-09-23,0.5766023397445679
GJ-VER-0026,2026-09-23,0.5635538101196289
GJ-VER-0027,2026-09-23,0.8103019595146179
GJ-VER-0028,2026-09-23,1.518166184425354
GJ-VER-0029,2026-09-23,0.578374445438385
GJ-VER-0030,2026-09-23,0.843192994594574
GJ-VER-0031,2026-09-23,0.7848148941993713
GJ-VER-0032,2026-09-23,1.1482350826263428
GJ-VER-0033,2026-09-23,1.373833179473877
GJ-VER-0034,2026-09-23,
GJ-VER-0035,2026-09-23,0.6095539331436157
GJ-VER-0036,2026-09-23,0.9224175214767456
GJ-VER-0037,2026-09-23,1.336217164993286
GJ-VER-0038,2026-09-23,2.5506341457366943
GJ-VER-0039,2026-09-23,2.782788753509521
GJ-VER-0040,2026-09-23,0.578176736831665
GJ-VER-0041,2026-09-23,0.6430569887161255
GJ-VER-0042,2026-09-23,0.8263829946517944
GJ-VER-0043,2026-09-23,3.3426589965820312
GJ-VER-0044,2026-09-23,5.148765563964844
GJ-VER-0045,2026-09-23,0.4257024228572845
GJ-VER-0046,2026-09-23,0.6111595630645752
GJ-VER-0047,2026-09-23,0.8073388934135437
GJ-VER-0048,2026-09-23,5.705219745635986
GJ-VER-0049,2026-09-23,6.579617500305176
GJ-VER-0050,2026-09-23,
GJ-VER-0051,2026-09-23,0.3641610443592071
GJ-VER-0052,2026-09-23,0.6245631575584412
GJ-VER-0053,2026-09-23,1.992104768753052
GJ-VER-0054,2026-09-23,6.1685075759887695
GJ-VER-0055,2026-09-23,7.358831882476807
GJ-VER-0056,2026-09-23,0.3735845983028412
GJ-VER-0057,2026-09-23,1.9967879056930544
GJ-VER-0058,2026-09-23,4.521205425262451
GJ-VER-0059,2026-09-23,11.483936309814451
GJ-VER-0060,2026-09-23,0.3700664639472961
GJ-VER-0061,2026-09-23,1.3574185371398926
GJ-VER-0062,2026-09-23,6.062201499938965
GJ-VER-0063,2026-09-23,18.1810359954834
GJ-VER-0064,2026-09-23,14.741544723510742
GJ-VER-0065,2026-09-23,1.4389894008636477
GJ-VER-0066,2026-09-23,9.34648323059082
GJ-VER-0067,2026-09-23,18.454673767089844
GJ-VER-0068,2026-09-23,23.090728759765625
GJ-VER-0069,2026-09-23,
GJ-VER-0070,2026-09-23,1.780242681503296
GJ-VER-0071,2026-09-23,5.92213249206543
GJ-VER-0072,2026-09-23,13.684123992919922
GJ-VER-0073,2026-09-23,14.678213119506836
GJ-VER-0074,2026-09-23,19.40294647216797
GJ-VER-0075,2026-09-23,4.0641608238220215
GJ-VER-0076,2026-09-23,7.003545761108398
GJ-VER-0077,2026-09-23,9.304351806640623
GJ-VER-0078,2026-09-23,14.701889991760254
GJ-VER-0079,2026-09-23,
GJ-VER-0080,2026-09-23,5.463576316833496
GJ-VER-0081,2026-09-23,7.757035255432129
GJ-VER-0082,2026-09-23,11.062341690063477
GJ-VER-0083,2026-09-23,15.270567893981934
GJ-VER-0084,2026-09-23,7.938118457794189
GJ-VER-0085,2026-09-23,11.945621490478516
GJ-VER-0086,2026-09-23,14.936138153076172
GJ-VER-0087,2026-09-23,13.81632137298584
GJ-VER-0088,2026-09-23,15.538121223449709
GJ-VER-0089,2026-09-23,13.381546974182127
GJ-VER-0090,2026-09-23,13.553098678588867
GJ-VER-0091,2026-09-23,11.703913688659668
GJ-VER-0092,2026-09-23,16.69739532470703
GJ-VER-0093,2026-09-23,13.950075149536133
GJ-VER-0094,2026-09-23,15.111557960510254
GJ-VER-0095,2026-09-23,11.527617454528809
GJ-VER-0096,2026-09-23,15.26632595062256
GJ-VER-0097,2026-09-23,16.435670852661133
GJ-VER-0098,2026-09-23,14.856809616088867
GJ-VER-0099,2026-09-23,12.598709106445312
GJ-VER-0100,2026-09-23,17.404239654541016
GJ-VER-0101,2026-09-23,23.44974136352539
GJ-VER-0102,2026-09-23,19.03222846984864
GJ-VER-0103,2026-09-23,14.84506893157959
GJ-VER-0104,2026-09-23,14.495332717895508
GJ-VER-0105,2026-09-23,18.18542861938477
GJ-VER-0106,2026-09-23,24.171463012695312
GJ-VER-0107,2026-09-23,23.72067070007324
GJ-VER-0108,2026-09-23,21.58415603637696
GJ-VER-0109,2026-09-23,20.22679901123047
GJ-VER-0110,2026-09-23,26.848220825195312
GJ-VER-0111,2026-09-23,24.893774032592773
GJ-VER-0112,2026-09-23,23.40923118591309
GJ-VER-0113,2026-09-23,23.67703437805176
GJ-VER-0114,2026-09-23,25.043285369873047
GJ-VER-0115,2026-09-23,24.043684005737305
GJ-VER-0116,2026-09-23,22.214120864868164
GJ-VER-0117,2026-09-23,26.420732498168945
GJ-VER-0118,2026-09-23,25.83913993835449
GJ-VER-0119,2026-09-23,19.75387954711914
GJ-VER-0120,2026-09-23,23.06047248840332
GJ-VER-0121,2026-09-23,19.82648086547852
GJ-VER-0122,2026-09-23,21.815719604492188
GJ-VER-0123,2026-09-23,26.664779663085938
GJ-VER-0124,2026-09-23,21.286733627319336
GJ-VER-0125,2026-09-23,20.0238094329834
GJ-VER-0126,2026-09-23,18.711219787597656
GJ-VER-0127,2026-09-23,22.704240798950195
GJ-VER-0128,2026-09-23,28.57362937927246
GJ-VER-0129,2026-09-23,19.51591682434082
GJ-VER-0130,2026-09-23,17.989444732666016
GJ-VER-0131,2026-09-23,14.78660488128662
GJ-VER-0132,2026-09-23,19.65580177307129
GJ-VER-0133,2026-09-23,24.43652534484864
GJ-VER-0134,2026-09-23,23.00743103027344
GJ-VER-0135,2026-09-23,18.974828720092773
GJ-VER-0136,2026-09-23,17.871898651123047
GJ-VER-0137,2026-09-23,17.61606216430664
GJ-VER-0138,2026-09-23,21.559303283691406
GJ-VER-0139,2026-09-23,22.50184631347656
GJ-VER-0140,2026-09-23,20.772159576416016
GJ-VER-0001,2026-09-24,0.5310348868370056
GJ-VER-0002,2026-09-24,0.5595005750656128
GJ-VER-0003,2026-09-24,0.5686585307121277
GJ-VER-0004,2026-09-24,0.5329941511154175
GJ-VER-0005,2026-09-24,0.645755410194397
GJ-VER-0006,2026-09-24,0.8574470281600952
GJ-VER-0007,2026-09-24,0.5847219228744507
GJ-VER-0008,2026-09-24,0.5762554407119751
GJ-VER-0009,2026-09-24,0.5885084867477417
GJ-VER-0010,2026-09-24,0.5820505619049072
GJ-VER-0011,2026-09-24,0.5953524708747864
GJ-VER-0012,2026-09-24,0.6834418773651123
GJ-VER-0013,2026-09-24,0.647408664226532
GJ-VER-0014,2026-09-24,0.6904643177986145
GJ-VER-0015,2026-09-24,0.7091286182403564
GJ-VER-0016,2026-09-24,0.716830313205719
GJ-VER-0017,2026-09-24,0.8469905257225037
GJ-VER-0018,2026-09-24,0.8450937271118164
GJ-VER-0019,2026-09-24,0.7691572904586792
GJ-VER-0020,2026-09-24,0.8132772445678711
GJ-VER-0021,2026-09-24,0.8806595206260681
GJ-VER-0022,2026-09-24,1.1956979036331177
GJ-VER-0023,2026-09-24,2.239130973815918
GJ-VER-0024,2026-09-24,0.8824920058250427
GJ-VER-0025,2026-09-24,0.9669367671012878
GJ-VER-0026,2026-09-24,1.0082281827926636
GJ-VER-0027,2026-09-24,1.3793611526489258
GJ-VER-0028,2026-09-24,2.5748825073242188
GJ-VER-0029,2026-09-24,0.6618667244911194
GJ-VER-0030,2026-09-24,1.246506929397583
GJ-VER-0031,2026-09-24,1.3668485879898071
GJ-VER-0032,2026-09-24,1.925753116607666
GJ-VER-0033,2026-09-24,2.4065070152282715
GJ-VER-0034,2026-09-24,
GJ-VER-0035,2026-09-24,1.2590689659118652
GJ-VER-0036,2026-09-24,1.541791915893555
GJ-VER-0037,2026-09-24,2.2105627059936523
GJ-VER-0038,2026-09-24,4.0096821784973145
GJ-VER-0039,2026-09-24,4.754958629608154
GJ-VER-0040,2026-09-24,1.273408055305481
GJ-VER-0041,2026-09-24,1.811787247657776
GJ-VER-0042,2026-09-24,1.7495197057724
GJ-VER-0043,2026-09-24,4.708431720733643
GJ-VER-0044,2026-09-24,7.631637096405029
GJ-VER-0045,2026-09-24,1.5896700620651243
GJ-VER-0046,2026-09-24,1.9681326150894165
GJ-VER-0047,2026-09-24,2.2934439182281494
GJ-VER-0048,2026-09-24,8.340229988098145
GJ-VER-0049,2026-09-24,10.52635097503662
GJ-VER-0050,2026-09-24,
GJ-VER-0051,2026-09-24,1.692684769630432
GJ-VER-0052,2026-09-24,2.276062250137329
GJ-VER-0053,2026-09-24,4.095164775848389
GJ-VER-0054,2026-09-24,10.253499984741213
GJ-VER-0055,2026-09-24,13.10867977142334
GJ-VER-0056,2026-09-24,1.8213316202163696
GJ-VER-0057,2026-09-24,4.134298324584961
GJ-VER-0058,2026-09-24,7.209672451019287
GJ-VER-0059,2026-09-24,18.785903930664062
GJ-VER-0060,2026-09-24,1.7643095254898071
GJ-VER-0061,2026-09-24,3.366997003555298
GJ-VER-0062,2026-09-24,8.38008975982666
GJ-VER-0063,2026-09-24,26.40335464477539
GJ-VER-0064,2026-09-24,25.863080978393555
GJ-VER-0065,2026-09-24,3.283095121383667
GJ-VER-0066,2026-09-24,11.239480018615724
GJ-VER-0067,2026-09-24,19.191970825195312
GJ-VER-0068,2026-09-24,34.276981353759766
GJ-VER-0069,2026-09-24,
GJ-VER-0070,2026-09-24,3.57322645187378
GJ-VER-0071,2026-09-24,9.035776138305664
GJ-VER-0072,2026-09-24,17.19546890258789
GJ-VER-0073,2026-09-24,24.813756942749023
GJ-VER-0074,2026-09-24,38.727577209472656
GJ-VER-0075,2026-09-24,6.568498134613037
GJ-VER-0076,2026-09-24,10.95473575592041
GJ-VER-0077,2026-09-24,15.295775413513184
GJ-VER-0078,2026-09-24,28.20999336242676
GJ-VER-0079,2026-09-24,
GJ-VER-0080,2026-09-24,8.56237506866455
GJ-VER-0081,2026-09-24,12.397903442382812
GJ-VER-0082,2026-09-24,18.34766960144043
GJ-VER-0083,2026-09-24,29.67030334472656
GJ-VER-0084,2026-09-24,11.873333930969238
GJ-VER-0085,2026-09-24,18.5893611907959
GJ-VER-0086,2026-09-24,26.57476806640625
GJ-VER-0087,2026-09-24,25.90266799926757
GJ-VER-0088,2026-09-24,21.930316925048828
GJ-VER-0089,2026-09-24,20.374515533447266
GJ-VER-0090,2026-09-24,23.158653259277344
GJ-VER-0091,2026-09-24,20.35310173034668
GJ-VER-0092,2026-09-24,23.0036563873291
GJ-VER-0093,2026-09-24,20.43694496154785
GJ-VER-0094,2026-09-24,24.02784919738769
GJ-VER-0095,2026-09-24,18.79111671447754
GJ-VER-0096,2026-09-24,20.563520431518555
GJ-VER-0097,2026-09-24,23.96958351135254
GJ-VER-0098,2026-09-24,22.2357177734375
GJ-VER-0099,2026-09-24,18.76710700988769
GJ-VER-0100,2026-09-24,21.203563690185547
GJ-VER-0101,2026-09-24,22.097198486328125
GJ-VER-0102,2026-09-24,22.57216453552246
GJ-VER-0103,2026-09-24,19.3103256225586
GJ-VER-0104,2026-09-24,18.0086727142334
GJ-VER-0105,2026-09-24,21.17596435546875
GJ-VER-0106,2026-09-24,22.86822891235352
GJ-VER-0107,2026-09-24,22.24429512023925
GJ-VER-0108,2026-09-24,19.89463424682617
GJ-VER-0109,2026-09-24,18.772119522094727
GJ-VER-0110,2026-09-24,24.873815536499023
GJ-VER-0111,2026-09-24,23.179113388061523
GJ-VER-0112,2026-09-24,21.49481964111328
GJ-VER-0113,2026-09-24,21.20514678955078
GJ-VER-0114,2026-09-24,23.321378707885746
GJ-VER-0115,2026-09-24,22.35600471496582
GJ-VER-0116,2026-09-24,19.879573822021484
GJ-VER-0117,2026-09-24,23.29825592041016
GJ-VER-0118,2026-09-24,22.77858161926269
GJ-VER-0119,2026-09-24,18.597383499145508
GJ-VER-0120,2026-09-24,21.496814727783203
GJ-VER-0121,2026-09-24,17.88266944885254
GJ-VER-0122,2026-09-24,19.658796310424805
GJ-VER-0123,2026-09-24,23.345537185668945
GJ-VER-0124,2026-09-24,19.975248336791992
GJ-VER-0125,2026-09-24,18.476280212402344
GJ-VER-0126,2026-09-24,17.146926879882812
GJ-VER-0127,2026-09-24,18.10306739807129
GJ-VER-0128,2026-09-24,18.189077377319336
GJ-VER-0129,2026-09-24,18.364240646362305
GJ-VER-0130,2026-09-24,16.75827980041504
GJ-VER-0131,2026-09-24,13.715252876281738
GJ-VER-0132,2026-09-24,17.862810134887695
GJ-VER-0133,2026-09-24,18.203718185424805
GJ-VER-0134,2026-09-24,20.642213821411133
GJ-VER-0135,2026-09-24,17.38634490966797
GJ-VER-0136,2026-09-24,16.29154396057129
GJ-VER-0137,2026-09-24,16.265832901000977
GJ-VER-0138,2026-09-24,18.472076416015625
GJ-VER-0139,2026-09-24,19.21849632263184
GJ-VER-0140,2026-09-24,18.06611633300781
GJ-VER-0001,2026-09-25,0.84894859790802
GJ-VER-0002,2026-09-25,1.140579342842102
GJ-VER-0003,2026-09-25,2.0940709114074707
GJ-VER-0004,2026-09-25,1.859278678894043
GJ-VER-0005,2026-09-25,5.555663585662842
GJ-VER-0006,2026-09-25,8.575051307678223
GJ-VER-0007,2026-09-25,0.758292555809021
GJ-VER-0008,2026-09-25,0.871708869934082
GJ-VER-0009,2026-09-25,0.8606272339820862
GJ-VER-0010,2026-09-25,1.4032007455825806
GJ-VER-0011,2026-09-25,1.672199010848999
GJ-VER-0012,2026-09-25,6.157904624938965
GJ-VER-0013,2026-09-25,0.7123702764511108
GJ-VER-0014,2026-09-25,0.7154631018638611
GJ-VER-0015,2026-09-25,0.7925629019737244
GJ-VER-0016,2026-09-25,1.6949435472488403
GJ-VER-0017,2026-09-25,4.132972717285156
GJ-VER-0018,2026-09-25,2.2670392990112305
GJ-VER-0019,2026-09-25,0.5564212799072266
GJ-VER-0020,2026-09-25,0.7629097104072571
GJ-VER-0021,2026-09-25,1.885838389396668
GJ-VER-0022,2026-09-25,3.260453939437866
GJ-VER-0023,2026-09-25,5.787997722625732
GJ-VER-0024,2026-09-25,0.5813872218132019
GJ-VER-0025,2026-09-25,0.5984183549880981
GJ-VER-0026,2026-09-25,0.8767333030700684
GJ-VER-0027,2026-09-25,2.280356168746948
GJ-VER-0028,2026-09-25,4.642617225646973
GJ-VER-0029,2026-09-25,0.6563228368759155
GJ-VER-0030,2026-09-25,0.6267162561416626
GJ-VER-0031,2026-09-25,0.7802431583404541
GJ-VER-0032,2026-09-25,1.64931058883667
GJ-VER-0033,2026-09-25,4.638462066650391
GJ-VER-0034,2026-09-25,
GJ-VER-0035,2026-09-25,0.922066569328308
GJ-VER-0036,2026-09-25,0.6960954070091248
GJ-VER-0037,2026-09-25,1.1563642024993896
GJ-VER-0038,2026-09-25,2.8405098915100098
GJ-VER-0039,2026-09-25,5.468822479248047
GJ-VER-0040,2026-09-25,0.805510938167572
GJ-VER-0041,2026-09-25,1.072595715522766
GJ-VER-0042,2026-09-25,0.8232721090316772
GJ-VER-0043,2026-09-25,2.650529384613037
GJ-VER-0044,2026-09-25,3.513991355895996
GJ-VER-0045,2026-09-25,0.9379838705062866
GJ-VER-0046,2026-09-25,1.0767427682876587
GJ-VER-0047,2026-09-25,1.1881179809570312
GJ-VER-0048,2026-09-25,2.2737557888031006
GJ-VER-0049,2026-09-25,2.67509388923645
GJ-VER-0050,2026-09-25,
GJ-VER-0051,2026-09-25,1.0484436750411987
GJ-VER-0052,2026-09-25,1.2288353443145752
GJ-VER-0053,2026-09-25,1.911590933799744
GJ-VER-0054,2026-09-25,2.3570401668548584
GJ-VER-0055,2026-09-25,2.8094258308410645
GJ-VER-0056,2026-09-25,1.1596006155014038
GJ-VER-0057,2026-09-25,1.4912502765655518
GJ-VER-0058,2026-09-25,2.065916061401367
GJ-VER-0059,2026-09-25,2.315569400787353
GJ-VER-0060,2026-09-25,1.1580063104629517
GJ-VER-0061,2026-09-25,1.4732332229614258
GJ-VER-0062,2026-09-25,1.55246102809906
GJ-VER-0063,2026-09-25,2.251758813858032
GJ-VER-0064,2026-09-25,2.762021541595459
GJ-VER-0065,2026-09-25,1.4642959833145142
GJ-VER-0066,2026-09-25,1.510804295539856
GJ-VER-0067,2026-09-25,1.755519151687622
GJ-VER-0068,2026-09-25,2.5158679485321045
GJ-VER-0069,2026-09-25,
GJ-VER-0070,2026-09-25,1.669600009918213
GJ-VER-0071,2026-09-25,1.4636273384094238
GJ-VER-0072,2026-09-25,1.6334662437438965
GJ-VER-0073,2026-09-25,2.4029541015625
GJ-VER-0074,2026-09-25,2.7620108127593994
GJ-VER-0075,2026-09-25,1.3355872631072998
GJ-VER-0076,2026-09-25,1.5958209037780762
GJ-VER-0077,2026-09-25,1.925600409507752
GJ-VER-0078,2026-09-25,3.259663820266724
GJ-VER-0079,2026-09-25,
GJ-VER-0080,2026-09-25,1.4088194370269775
GJ-VER-0081,2026-09-25,1.7177491188049316
GJ-VER-0082,2026-09-25,2.2386815547943115
GJ-VER-0083,2026-09-25,3.317338705062866
GJ-VER-0084,2026-09-25,1.5174750089645386
GJ-VER-0085,2026-09-25,1.81838059425354
GJ-VER-0086,2026-09-25,3.315054655075073
GJ-VER-0087,2026-09-25,3.5860612392425537
GJ-VER-0088,2026-09-25,1.670244216918945
GJ-VER-0089,2026-09-25,2.155564308166504
GJ-VER-0090,2026-09-25,3.5124623775482178
GJ-VER-0091,2026-09-25,3.507385969161988
GJ-VER-0092,2026-09-25,1.9384546279907229
GJ-VER-0093,2026-09-25,2.888437271118164
GJ-VER-0094,2026-09-25,4.075835227966309
GJ-VER-0095,2026-09-25,3.9333183765411377
GJ-VER-0096,2026-09-25,3.364795684814453
GJ-VER-0097,2026-09-25,3.750966787338257
GJ-VER-0098,2026-09-25,4.73447847366333
GJ-VER-0099,2026-09-25,4.624876022338867
GJ-VER-0100,2026-09-25,4.483272075653076
GJ-VER-0101,2026-09-25,6.57720947265625
GJ-VER-0102,2026-09-25,5.76862382888794
GJ-VER-0103,2026-09-25,5.440445423126221
GJ-VER-0104,2026-09-25,5.848025321960449
GJ-VER-0105,2026-09-25,5.154000759124756
GJ-VER-0106,2026-09-25,6.988770484924316
GJ-VER-0107,2026-09-25,6.379839420318604
GJ-VER-0108,2026-09-25,7.665008068084717
GJ-VER-0109,2026-09-25,7.722155094146728
GJ-VER-0110,2026-09-25,7.156181812286377
GJ-VER-0111,2026-09-25,6.614267826080322
GJ-VER-0112,2026-09-25,8.994175910949707
GJ-VER-0113,2026-09-25,8.773396492004395
GJ-VER-0114,2026-09-25,7.2146806716918945
GJ-VER-0115,2026-09-25,6.725404739379883
GJ-VER-0116,2026-09-25,9.027088165283203
GJ-VER-0117,2026-09-25,9.637307167053224
GJ-VER-0118,2026-09-25,9.808032989501951
GJ-VER-0119,2026-09-25,7.571789741516113
GJ-VER-0120,2026-09-25,8.513687133789062
GJ-VER-0121,2026-09-25,9.52496337890625
GJ-VER-0122,2026-09-25,13.764144897460938
GJ-VER-0123,2026-09-25,10.669583320617676
GJ-VER-0124,2026-09-25,12.147865295410156
GJ-VER-0125,2026-09-25,12.744507789611816
GJ-VER-0126,2026-09-25,14.124327659606934
GJ-VER-0127,2026-09-25,11.853388786315918
GJ-VER-0128,2026-09-25,11.72542953491211
GJ-VER-0129,2026-09-25,15.780892372131348
GJ-VER-0130,2026-09-25,12.93764305114746
GJ-VER-0131,2026-09-25,13.404579162597656
GJ-VER-0132,2026-09-25,11.499802589416504
GJ-VER-0133,2026-09-25,9.05953598022461
GJ-VER-0134,2026-09-25,16.17157745361328
GJ-VER-0135,2026-09-25,14.831351280212402
GJ-VER-0136,2026-09-25,12.52631664276123
GJ-VER-0137,2026-09-25,9.130659103393556
GJ-VER-0138,2026-09-25,18.853731155395508
GJ-VER-0139,2026-09-25,10.509830474853516
GJ-VER-0140,2026-09-25,7.8075432777404785
GJ-VER-0001,2026-09-26,1.4155889749526978
GJ-VER-0002,2026-09-26,1.5625089406967163
GJ-VER-0003,2026-09-26,3.181688070297241
GJ-VER-0004,2026-09-26,5.967908382415772
GJ-VER-0005,2026-09-26,6.036859512329102
GJ-VER-0006,2026-09-26,5.090517520904541
GJ-VER-0007,2026-09-26,2.0254485607147217
GJ-VER-0008,2026-09-26,2.691743850708008
GJ-VER-0009,2026-09-26,3.0813419818878174
GJ-VER-0010,2026-09-26,6.4962968826293945
GJ-VER-0011,2026-09-26,6.181227684020996
GJ-VER-0012,2026-09-26,4.3104753494262695
GJ-VER-0013,2026-09-26,0.9351919293403624
GJ-VER-0014,2026-09-26,1.437492847442627
GJ-VER-0015,2026-09-26,4.714711666107178
GJ-VER-0016,2026-09-26,5.360065937042236
GJ-VER-0017,2026-09-26,4.057270050048828
GJ-VER-0018,2026-09-26,4.241955280303955
GJ-VER-0019,2026-09-26,0.8506279587745667
GJ-VER-0020,2026-09-26,1.3644955158233645
GJ-VER-0021,2026-09-26,2.5522615909576416
GJ-VER-0022,2026-09-26,4.631894588470459
GJ-VER-0023,2026-09-26,4.6796064376831055
GJ-VER-0024,2026-09-26,0.7652720212936401
GJ-VER-0025,2026-09-26,0.7909364104270935
GJ-VER-0026,2026-09-26,1.344091296195984
GJ-VER-0027,2026-09-26,2.885714769363404
GJ-VER-0028,2026-09-26,4.694339752197266
GJ-VER-0029,2026-09-26,0.6344369649887085
GJ-VER-0030,2026-09-26,0.6769734621047974
GJ-VER-0031,2026-09-26,0.952766478061676
GJ-VER-0032,2026-09-26,4.01052188873291
GJ-VER-0033,2026-09-26,6.240035533905029
GJ-VER-0034,2026-09-26,
GJ-VER-0035,2026-09-26,0.580256998538971
GJ-VER-0036,2026-09-26,0.6442087888717651
GJ-VER-0037,2026-09-26,0.8853918313980103
GJ-VER-0038,2026-09-26,5.831165313720703
GJ-VER-0039,2026-09-26,5.255417346954346
GJ-VER-0040,2026-09-26,0.9543477296829224
GJ-VER-0041,2026-09-26,0.6744972467422485
GJ-VER-0042,2026-09-26,0.6830763220787048
GJ-VER-0043,2026-09-26,1.2485510110855105
GJ-VER-0044,2026-09-26,4.621631622314453
GJ-VER-0045,2026-09-26,0.9493222832679749
GJ-VER-0046,2026-09-26,0.7395492792129517
GJ-VER-0047,2026-09-26,0.7311248183250427
GJ-VER-0048,2026-09-26,3.257673501968384
GJ-VER-0049,2026-09-26,2.778597831726074
GJ-VER-0050,2026-09-26,
GJ-VER-0051,2026-09-26,0.9293817281723022
GJ-VER-0052,2026-09-26,0.7849753499031067
GJ-VER-0053,2026-09-26,0.8638156056404114
GJ-VER-0054,2026-09-26,2.9551901817321777
GJ-VER-0055,2026-09-26,2.818812608718872
GJ-VER-0056,2026-09-26,1.1182235479354858
GJ-VER-0057,2026-09-26,0.8833322525024414
GJ-VER-0058,2026-09-26,1.0047708749771118
GJ-VER-0059,2026-09-26,2.638622999191284
GJ-VER-0060,2026-09-26,1.041089415550232
GJ-VER-0061,2026-09-26,1.284239649772644
GJ-VER-0062,2026-09-26,1.342581033706665
GJ-VER-0063,2026-09-26,2.4960381984710693
GJ-VER-0064,2026-09-26,2.7498364448547363
GJ-VER-0065,2026-09-26,1.2058591842651367
GJ-VER-0066,2026-09-26,1.8881150484085083
GJ-VER-0067,2026-09-26,1.8852803707122805
GJ-VER-0068,2026-09-26,2.113808870315552
GJ-VER-0069,2026-09-26,
GJ-VER-0070,2026-09-26,1.4567455053329468
GJ-VER-0071,2026-09-26,1.8366174697875977
GJ-VER-0072,2026-09-26,1.8936982154846191
GJ-VER-0073,2026-09-26,2.137037515640259
GJ-VER-0074,2026-09-26,2.273228645324707
GJ-VER-0075,2026-09-26,2.053788900375366
GJ-VER-0076,2026-09-26,2.201743125915528
GJ-VER-0077,2026-09-26,2.171999216079712
GJ-VER-0078,2026-09-26,2.7553322315216064
GJ-VER-0079,2026-09-26,
GJ-VER-0080,2026-09-26,2.3582348823547363
GJ-VER-0081,2026-09-26,2.7558958530426025
GJ-VER-0082,2026-09-26,2.3805923461914062
GJ-VER-0083,2026-09-26,3.0306410789489746
GJ-VER-0084,2026-09-26,2.6151490211486816
GJ-VER-0085,2026-09-26,3.205861806869507
GJ-VER-0086,2026-09-26,2.892754316329956
GJ-VER-0087,2026-09-26,3.255892038345337
GJ-VER-0088,2026-09-26,3.1072440147399902
GJ-VER-0089,2026-09-26,3.832804918289185
GJ-VER-0090,2026-09-26,3.2770586013793945
GJ-VER-0091,2026-09-26,3.57012152671814
GJ-VER-0092,2026-09-26,2.8099372386932373
GJ-VER-0093,2026-09-26,3.834809541702272
GJ-VER-0094,2026-09-26,3.8235559463500977
GJ-VER-0095,2026-09-26,4.334011077880859
GJ-VER-0096,2026-09-26,2.7548136711120605
GJ-VER-0097,2026-09-26,3.856192827224731
GJ-VER-0098,2026-09-26,4.517789840698242
GJ-VER-0099,2026-09-26,5.188146114349365
GJ-VER-0100,2026-09-26,3.4682466983795166
GJ-VER-0101,2026-09-26,4.259224891662598
GJ-VER-0102,2026-09-26,5.4241557121276855
GJ-VER-0103,2026-09-26,5.802085876464844
GJ-VER-0104,2026-09-26,4.477145671844482
GJ-VER-0105,2026-09-26,4.476413726806641
GJ-VER-0106,2026-09-26,4.727705001831055
GJ-VER-0107,2026-09-26,5.9496893882751465
GJ-VER-0108,2026-09-26,5.402904033660889
GJ-VER-0109,2026-09-26,5.632724761962891
GJ-VER-0110,2026-09-26,5.417620658874512
GJ-VER-0111,2026-09-26,5.830746173858643
GJ-VER-0112,2026-09-26,5.78754186630249
GJ-VER-0113,2026-09-26,5.934698104858398
GJ-VER-0114,2026-09-26,5.751608848571777
GJ-VER-0115,2026-09-26,5.927656173706055
GJ-VER-0116,2026-09-26,6.110091209411621
GJ-VER-0117,2026-09-26,6.061725616455078
GJ-VER-0118,2026-09-26,6.194987773895264
GJ-VER-0119,2026-09-26,5.803962230682373
GJ-VER-0120,2026-09-26,6.312943935394287
GJ-VER-0121,2026-09-26,7.322913646697998
GJ-VER-0122,2026-09-26,6.374931812286377
GJ-VER-0123,2026-09-26,6.546958923339844
GJ-VER-0124,2026-09-26,6.613658905029297
GJ-VER-0125,2026-09-26,7.522633552551269
GJ-VER-0126,2026-09-26,6.418936252593994
GJ-VER-0127,2026-09-26,6.579231262207031
GJ-VER-0128,2026-09-26,5.057753562927246
GJ-VER-0129,2026-09-26,6.725770473480225
GJ-VER-0130,2026-09-26,7.5930681228637695
GJ-VER-0131,2026-09-26,6.504890441894531
GJ-VER-0132,2026-09-26,6.503249168395996
GJ-VER-0133,2026-09-26,5.46140718460083
GJ-VER-0134,2026-09-26,7.124669551849365
GJ-VER-0135,2026-09-26,6.464829444885254
GJ-VER-0136,2026-09-26,6.161238670349121
GJ-VER-0137,2026-09-26,6.055875778198242
GJ-VER-0138,2026-09-26,6.040515422821045
GJ-VER-0139,2026-09-26,4.999172687530518
GJ-VER-0140,2026-09-26,4.265093326568604
GJ-VER-0001,2026-09-27,1.488379716873169
GJ-VER-0002,2026-09-27,1.4044214487075806
GJ-VER-0003,2026-09-27,1.5346380472183228
GJ-VER-0004,2026-09-27,1.4450435638427734
GJ-VER-0005,2026-09-27,3.596128463745117
GJ-VER-0006,2026-09-27,1.32643461227417
GJ-VER-0007,2026-09-27,1.399616241455078
GJ-VER-0008,2026-09-27,1.6198824644088743
GJ-VER-0009,2026-09-27,1.6049188375473022
GJ-VER-0010,2026-09-27,1.6582893133163452
GJ-VER-0011,2026-09-27,1.7307411432266235
GJ-VER-0012,2026-09-27,3.603406190872192
GJ-VER-0013,2026-09-27,1.6541131734848022
GJ-VER-0014,2026-09-27,1.758963704109192
GJ-VER-0015,2026-09-27,4.647165775299072
GJ-VER-0016,2026-09-27,1.96830153465271
GJ-VER-0017,2026-09-27,2.2352569103240967
GJ-VER-0018,2026-09-27,2.070513963699341
GJ-VER-0019,2026-09-27,2.4068400859832764
GJ-VER-0020,2026-09-27,4.625753402709961
GJ-VER-0021,2026-09-27,5.176750183105469
GJ-VER-0022,2026-09-27,2.7552907466888428
GJ-VER-0023,2026-09-27,2.342280626296997
GJ-VER-0024,2026-09-27,1.7629053592681885
GJ-VER-0025,2026-09-27,3.102410793304444
GJ-VER-0026,2026-09-27,4.73848295211792
GJ-VER-0027,2026-09-27,2.269726753234864
GJ-VER-0028,2026-09-27,2.771522045135498
GJ-VER-0029,2026-09-27,1.0502934455871582
GJ-VER-0030,2026-09-27,1.3714492321014404
GJ-VER-0031,2026-09-27,3.038769721984864
GJ-VER-0032,2026-09-27,3.3189775943756104
GJ-VER-0033,2026-09-27,2.5078604221343994
GJ-VER-0034,2026-09-27,
GJ-VER-0035,2026-09-27,0.9828042984008788
GJ-VER-0036,2026-09-27,1.045094609260559
GJ-VER-0037,2026-09-27,1.859155535697937
GJ-VER-0038,2026-09-27,3.11933708190918
GJ-VER-0039,2026-09-27,6.896587371826172
GJ-VER-0040,2026-09-27,0.6792072653770447
GJ-VER-0041,2026-09-27,0.7661322355270386
GJ-VER-0042,2026-09-27,0.9896620512008668
GJ-VER-0043,2026-09-27,1.7712968587875366
GJ-VER-0044,2026-09-27,7.008331298828125
GJ-VER-0045,2026-09-27,0.8000136017799377
GJ-VER-0046,2026-09-27,0.6314058899879456
GJ-VER-0047,2026-09-27,0.8139382004737854
GJ-VER-0048,2026-09-27,3.434948682785034
GJ-VER-0049,2026-09-27,7.96843147277832
GJ-VER-0050,2026-09-27,
GJ-VER-0051,2026-09-27,0.6562017798423767
GJ-VER-0052,2026-09-27,0.6081676483154297
GJ-VER-0053,2026-09-27,1.1004290580749512
GJ-VER-0054,2026-09-27,8.645963668823242
GJ-VER-0055,2026-09-27,9.859781265258787
GJ-VER-0056,2026-09-27,0.5177172422409058
GJ-VER-0057,2026-09-27,0.7834742069244385
GJ-VER-0058,2026-09-27,2.644125461578369
GJ-VER-0059,2026-09-27,6.868767738342285
GJ-VER-0060,2026-09-27,0.4660873413085937
GJ-VER-0061,2026-09-27,0.5665549635887146
GJ-VER-0062,2026-09-27,1.7335158586502075
GJ-VER-0063,2026-09-27,7.649008274078369
GJ-VER-0064,2026-09-27,5.128833770751953
GJ-VER-0065,2026-09-27,0.5735353827476501
GJ-VER-0066,2026-09-27,1.2313477993011477
GJ-VER-0067,2026-09-27,4.990731716156006
GJ-VER-0068,2026-09-27,4.932096481323242
GJ-VER-0069,2026-09-27,
GJ-VER-0070,2026-09-27,1.896990180015564
GJ-VER-0071,2026-09-27,4.061028003692627
GJ-VER-0072,2026-09-27,4.309826374053955
GJ-VER-0073,2026-09-27,5.244513511657715
GJ-VER-0074,2026-09-27,4.28753137588501
GJ-VER-0075,2026-09-27,4.035705089569092
GJ-VER-0076,2026-09-27,5.599006175994873
GJ-VER-0077,2026-09-27,4.493772506713867
GJ-VER-0078,2026-09-27,4.770293235778809
GJ-VER-0079,2026-09-27,
GJ-VER-0080,2026-09-27,5.515902996063232
GJ-VER-0081,2026-09-27,4.45174503326416
GJ-VER-0082,2026-09-27,3.765429735183716
GJ-VER-0083,2026-09-27,5.01740837097168
GJ-VER-0084,2026-09-27,4.752546310424805
GJ-VER-0085,2026-09-27,6.828323841094971
GJ-VER-0086,2026-09-27,4.089946746826172
GJ-VER-0087,2026-09-27,6.433882236480713
GJ-VER-0088,2026-09-27,7.2508721351623535
GJ-VER-0089,2026-09-27,7.595584869384766
GJ-VER-0090,2026-09-27,4.219981670379639
GJ-VER-0091,2026-09-27,7.176259517669678
GJ-VER-0092,2026-09-27,7.307101726531982
GJ-VER-0093,2026-09-27,6.697165489196777
GJ-VER-0094,2026-09-27,4.097833156585693
GJ-VER-0095,2026-09-27,8.355222702026367
GJ-VER-0096,2026-09-27,4.097612380981445
GJ-VER-0097,2026-09-27,3.692606210708618
GJ-VER-0098,2026-09-27,4.122544288635254
GJ-VER-0099,2026-09-27,7.316799640655518
GJ-VER-0100,2026-09-27,2.9662461280822754
GJ-VER-0101,2026-09-27,3.979477882385254
GJ-VER-0102,2026-09-27,4.481558322906494
GJ-VER-0103,2026-09-27,6.890483379364014
GJ-VER-0104,2026-09-27,7.535468101501465
GJ-VER-0105,2026-09-27,3.483296632766724
GJ-VER-0106,2026-09-27,4.23516321182251
GJ-VER-0107,2026-09-27,4.676783561706543
GJ-VER-0108,2026-09-27,7.084235191345215
GJ-VER-0109,2026-09-27,8.862190246582031
GJ-VER-0110,2026-09-27,4.595774173736572
GJ-VER-0111,2026-09-27,5.122322082519531
GJ-VER-0112,2026-09-27,7.794279098510742
GJ-VER-0113,2026-09-27,8.798717498779297
GJ-VER-0114,2026-09-27,4.419472217559815
GJ-VER-0115,2026-09-27,5.614759922027588
GJ-VER-0116,2026-09-27,8.37606143951416
GJ-VER-0117,2026-09-27,7.280786037445068
GJ-VER-0118,2026-09-27,8.730738639831543
GJ-VER-0119,2026-09-27,4.390792846679688
GJ-VER-0120,2026-09-27,5.947939872741699
GJ-VER-0121,2026-09-27,8.546354293823242
GJ-VER-0122,2026-09-27,7.063915729522705
GJ-VER-0123,2026-09-27,8.120763778686523
GJ-VER-0124,2026-09-27,6.427076816558838
GJ-VER-0125,2026-09-27,8.389113426208496
GJ-VER-0126,2026-09-27,7.200484752655029
GJ-VER-0127,2026-09-27,8.04718017578125
GJ-VER-0128,2026-09-27,7.959063529968262
GJ-VER-0129,2026-09-27,6.939105033874512
GJ-VER-0130,2026-09-27,8.938369750976562
GJ-VER-0131,2026-09-27,7.218702793121338
GJ-VER-0132,2026-09-27,8.258434295654297
GJ-VER-0133,2026-09-27,7.326445579528809
GJ-VER-0134,2026-09-27,7.914036273956299
GJ-VER-0135,2026-09-27,6.944155216217041
GJ-VER-0136,2026-09-27,6.7514190673828125
GJ-VER-0137,2026-09-27,5.455705642700195
GJ-VER-0138,2026-09-27,6.133963584899902
GJ-VER-0139,2026-09-27,5.505330562591553
GJ-VER-0140,2026-09-27,6.524153709411621
GJ-VER-0001,2026-09-28,1.5065686702728271
GJ-VER-0002,2026-09-28,1.5413187742233276
GJ-VER-0003,2026-09-28,1.4837770462036133
GJ-VER-0004,2026-09-28,1.5328083038330078
GJ-VER-0005,2026-09-28,1.6883341073989868
GJ-VER-0006,2026-09-28,1.9680087566375728
GJ-VER-0007,2026-09-28,1.495612382888794
GJ-VER-0008,2026-09-28,1.6003295183181765
GJ-VER-0009,2026-09-28,1.621981859207153
GJ-VER-0010,2026-09-28,1.661652684211731
GJ-VER-0011,2026-09-28,1.7663440704345703
GJ-VER-0012,2026-09-28,2.04709267616272
GJ-VER-0013,2026-09-28,1.4363621473312378
GJ-VER-0014,2026-09-28,1.597387194633484
GJ-VER-0015,2026-09-28,1.8407014608383176
GJ-VER-0016,2026-09-28,2.058407783508301
GJ-VER-0017,2026-09-28,2.630521774291992
GJ-VER-0018,2026-09-28,2.4541852474212646
GJ-VER-0019,2026-09-28,1.525609016418457
GJ-VER-0020,2026-09-28,2.170919895172119
GJ-VER-0021,2026-09-28,4.134008884429932
GJ-VER-0022,2026-09-28,2.6048619747161865
GJ-VER-0023,2026-09-28,3.2229554653167725
GJ-VER-0024,2026-09-28,1.4135081768035889
GJ-VER-0025,2026-09-28,1.6748303174972534
GJ-VER-0026,2026-09-28,3.775033473968506
GJ-VER-0027,2026-09-28,4.8233137130737305
GJ-VER-0028,2026-09-28,3.401186943054199
GJ-VER-0029,2026-09-28,1.3790199756622314
GJ-VER-0030,2026-09-28,1.5629854202270508
GJ-VER-0031,2026-09-28,3.4136228561401367
GJ-VER-0032,2026-09-28,5.311290740966797
GJ-VER-0033,2026-09-28,5.1885833740234375
GJ-VER-0034,2026-09-28,
GJ-VER-0035,2026-09-28,1.4930177927017212
GJ-VER-0036,2026-09-28,1.781641721725464
GJ-VER-0037,2026-09-28,2.840295553207397
GJ-VER-0038,2026-09-28,6.533056259155273
GJ-VER-0039,2026-09-28,3.193737506866455
GJ-VER-0040,2026-09-28,1.3573428392410278
GJ-VER-0041,2026-09-28,1.5135746002197266
GJ-VER-0042,2026-09-28,1.837622880935669
GJ-VER-0043,2026-09-28,2.2562255859375
GJ-VER-0044,2026-09-28,7.353618621826172
GJ-VER-0045,2026-09-28,1.286612033843994
GJ-VER-0046,2026-09-28,1.37626051902771
GJ-VER-0047,2026-09-28,1.466662049293518
GJ-VER-0048,2026-09-28,1.869983434677124
GJ-VER-0049,2026-09-28,2.760935544967652
GJ-VER-0050,2026-09-28,
GJ-VER-0051,2026-09-28,1.3165727853775024
GJ-VER-0052,2026-09-28,1.4182944297790527
GJ-VER-0053,2026-09-28,1.562816143035889
GJ-VER-0054,2026-09-28,2.161839485168457
GJ-VER-0055,2026-09-28,2.986868381500244
GJ-VER-0056,2026-09-28,1.2059130668640137
GJ-VER-0057,2026-09-28,1.453315019607544
GJ-VER-0058,2026-09-28,1.561816930770874
GJ-VER-0059,2026-09-28,2.659435987472534
GJ-VER-0060,2026-09-28,1.2045636177062988
GJ-VER-0061,2026-09-28,1.239639401435852
GJ-VER-0062,2026-09-28,1.5261720418930054
GJ-VER-0063,2026-09-28,2.515139102935791
GJ-VER-0064,2026-09-28,2.913823127746582
GJ-VER-0065,2026-09-28,1.24161696434021
GJ-VER-0066,2026-09-28,1.286489486694336
GJ-VER-0067,2026-09-28,1.6071802377700806
GJ-VER-0068,2026-09-28,2.7915706634521484
GJ-VER-0069,2026-09-28,
GJ-VER-0070,2026-09-28,1.1779212951660156
GJ-VER-0071,2026-09-28,1.363051176071167
GJ-VER-0072,2026-09-28,1.5107372999191284
GJ-VER-0073,2026-09-28,2.4946930408477783
GJ-VER-0074,2026-09-28,2.738137722015381
GJ-VER-0075,2026-09-28,1.33961284160614
GJ-VER-0076,2026-09-28,1.875080108642578
GJ-VER-0077,2026-09-28,3.706207513809204
GJ-VER-0078,2026-09-28,2.704806566238404
GJ-VER-0079,2026-09-28,
GJ-VER-0080,2026-09-28,2.2057931423187256
GJ-VER-0081,2026-09-28,3.695065259933472
GJ-VER-0082,2026-09-28,4.864343643188477
GJ-VER-0083,2026-09-28,2.9012980461120605
GJ-VER-0084,2026-09-28,4.055248260498047
GJ-VER-0085,2026-09-28,3.810374975204468
GJ-VER-0086,2026-09-28,5.476237773895264
GJ-VER-0087,2026-09-28,3.266477108001709
GJ-VER-0088,2026-09-28,3.8312954902648926
GJ-VER-0089,2026-09-28,3.2668111324310303
GJ-VER-0090,2026-09-28,4.618651390075684
GJ-VER-0091,2026-09-28,3.6491005420684814
GJ-VER-0092,2026-09-28,4.343501091003418
GJ-VER-0093,2026-09-28,3.290682315826416
GJ-VER-0094,2026-09-28,4.870657920837402
GJ-VER-0095,2026-09-28,3.931484460830689
GJ-VER-0096,2026-09-28,2.581212520599365
GJ-VER-0097,2026-09-28,5.041069030761719
GJ-VER-0098,2026-09-28,4.8351216316223145
GJ-VER-0099,2026-09-28,4.007075786590576
GJ-VER-0100,2026-09-28,1.6768171787261963
GJ-VER-0101,2026-09-28,5.7398362159729
GJ-VER-0102,2026-09-28,4.9036641120910645
GJ-VER-0103,2026-09-28,3.9116058349609375
GJ-VER-0104,2026-09-28,4.285139560699463
GJ-VER-0105,2026-09-28,2.459281206130981
GJ-VER-0106,2026-09-28,6.585461616516113
GJ-VER-0107,2026-09-28,5.521265983581543
GJ-VER-0108,2026-09-28,3.7877073287963854
GJ-VER-0109,2026-09-28,3.003178834915161
GJ-VER-0110,2026-09-28,7.005690574645996
GJ-VER-0111,2026-09-28,5.340703964233398
GJ-VER-0112,2026-09-28,3.230408906936645
GJ-VER-0113,2026-09-28,2.95588755607605
GJ-VER-0114,2026-09-28,6.69652271270752
GJ-VER-0115,2026-09-28,3.789179801940918
GJ-VER-0116,2026-09-28,2.770594358444214
GJ-VER-0117,2026-09-28,2.8568356037139893
GJ-VER-0118,2026-09-28,3.510089874267578
GJ-VER-0119,2026-09-28,5.307210922241211
GJ-VER-0120,2026-09-28,2.703991174697876
GJ-VER-0121,2026-09-28,2.62656831741333
GJ-VER-0122,2026-09-28,2.785633087158203
GJ-VER-0123,2026-09-28,3.311669111251831
GJ-VER-0124,2026-09-28,2.377927303314209
GJ-VER-0125,2026-09-28,2.5262889862060547
GJ-VER-0126,2026-09-28,2.6636195182800293
GJ-VER-0127,2026-09-28,2.6873421669006348
GJ-VER-0128,2026-09-28,2.7972304821014404
GJ-VER-0129,2026-09-28,2.316582441329956
GJ-VER-0130,2026-09-28,2.485801935195923
GJ-VER-0131,2026-09-28,2.5695040225982666
GJ-VER-0132,2026-09-28,2.6392738819122314
GJ-VER-0133,2026-09-28,2.6191956996917725
GJ-VER-0134,2026-09-28,2.3103725910186768
GJ-VER-0135,2026-09-28,2.4318675994873047
GJ-VER-0136,2026-09-28,2.5508291721343994
GJ-VER-0137,2026-09-28,2.510464906692505
GJ-VER-0138,2026-09-28,2.4641425609588623
GJ-VER-0139,2026-09-28,2.5611934661865234
GJ-VER-0140,2026-09-28,2.4742445945739746
GJ-VER-0001,2026-09-29,0.961479902267456
GJ-VER-0002,2026-09-29,0.9280611276626588
GJ-VER-0003,2026-09-29,0.9512534141540528
GJ-VER-0004,2026-09-29,1.0236310958862305
GJ-VER-0005,2026-09-29,1.1473345756530762
GJ-VER-0006,2026-09-29,2.07830023765564
GJ-VER-0007,2026-09-29,1.1748052835464478
GJ-VER-0008,2026-09-29,0.9845843315124512
GJ-VER-0009,2026-09-29,0.9858807921409608
GJ-VER-0010,2026-09-29,1.0321840047836304
GJ-VER-0011,2026-09-29,1.1992812156677246
GJ-VER-0012,2026-09-29,3.5159268379211426
GJ-VER-0013,2026-09-29,1.0724180936813354
GJ-VER-0014,2026-09-29,1.0015623569488523
GJ-VER-0015,2026-09-29,1.6131640672683716
GJ-VER-0016,2026-09-29,2.45855712890625
GJ-VER-0017,2026-09-29,4.479897499084473
GJ-VER-0018,2026-09-29,6.44866943359375
GJ-VER-0019,2026-09-29,0.9608516693115234
GJ-VER-0020,2026-09-29,3.910398483276367
GJ-VER-0021,2026-09-29,6.102197170257568
GJ-VER-0022,2026-09-29,12.841778755187988
GJ-VER-0023,2026-09-29,14.579025268554688
GJ-VER-0024,2026-09-29,1.026788353919983
GJ-VER-0025,2026-09-29,1.143004298210144
GJ-VER-0026,2026-09-29,6.381781101226807
GJ-VER-0027,2026-09-29,15.918963432312012
GJ-VER-0028,2026-09-29,23.33807945251465
GJ-VER-0029,2026-09-29,1.21249520778656
GJ-VER-0030,2026-09-29,1.126835584640503
GJ-VER-0031,2026-09-29,4.556898593902588
GJ-VER-0032,2026-09-29,5.020928859710693
GJ-VER-0033,2026-09-29,11.132613182067873
GJ-VER-0034,2026-09-29,
GJ-VER-0035,2026-09-29,1.272598147392273
GJ-VER-0036,2026-09-29,1.7122373580932615
GJ-VER-0037,2026-09-29,2.249233722686768
GJ-VER-0038,2026-09-29,2.990497589111328
GJ-VER-0039,2026-09-29,10.41283130645752
GJ-VER-0040,2026-09-29,1.2282122373580933
GJ-VER-0041,2026-09-29,1.592540621757507
GJ-VER-0042,2026-09-29,2.1814210414886475
GJ-VER-0043,2026-09-29,1.4243078231811523
GJ-VER-0044,2026-09-29,4.643277645111084
GJ-VER-0045,2026-09-29,0.8416106700897217
GJ-VER-0046,2026-09-29,0.8982268571853638
GJ-VER-0047,2026-09-29,1.1482386589050293
GJ-VER-0048,2026-09-29,1.0038031339645386
GJ-VER-0049,2026-09-29,8.540867805480957
GJ-VER-0050,2026-09-29,
GJ-VER-0051,2026-09-29,0.6976345777511597
GJ-VER-0052,2026-09-29,0.7679461240768433
GJ-VER-0053,2026-09-29,0.8962359428405762
GJ-VER-0054,2026-09-29,1.7538846731185913
GJ-VER-0055,2026-09-29,12.86746883392334
GJ-VER-0056,2026-09-29,0.7055124044418335
GJ-VER-0057,2026-09-29,0.728619396686554
GJ-VER-0058,2026-09-29,1.002496600151062
GJ-VER-0059,2026-09-29,6.523470401763916
GJ-VER-0060,2026-09-29,0.8032422661781311
GJ-VER-0061,2026-09-29,0.7150835990905762
GJ-VER-0062,2026-09-29,0.9400516748428344
GJ-VER-0063,2026-09-29,10.886223793029783
GJ-VER-0064,2026-09-29,6.672171592712402
GJ-VER-0065,2026-09-29,0.7194712162017822
GJ-VER-0066,2026-09-29,0.9450678825378418
GJ-VER-0067,2026-09-29,5.471649169921875
GJ-VER-0068,2026-09-29,10.770408630371094
GJ-VER-0069,2026-09-29,
GJ-VER-0070,2026-09-29,2.0355801582336426
GJ-VER-0071,2026-09-29,5.3332719802856445
GJ-VER-0072,2026-09-29,6.856590270996094
GJ-VER-0073,2026-09-29,14.715553283691406
GJ-VER-0074,2026-09-29,11.960247993469238
GJ-VER-0075,2026-09-29,4.086658000946045
GJ-VER-0076,2026-09-29,3.708696603775024
GJ-VER-0077,2026-09-29,11.86633586883545
GJ-VER-0078,2026-09-29,6.917698860168457
GJ-VER-0079,2026-09-29,
GJ-VER-0080,2026-09-29,2.622119188308716
GJ-VER-0081,2026-09-29,2.9064478874206543
GJ-VER-0082,2026-09-29,13.542165756225586
GJ-VER-0083,2026-09-29,12.183974266052246
GJ-VER-0084,2026-09-29,1.7016477584838867
GJ-VER-0085,2026-09-29,2.036813497543335
GJ-VER-0086,2026-09-29,9.134154319763184
GJ-VER-0087,2026-09-29,8.356795310974121
GJ-VER-0088,2026-09-29,0.8532999753952026
GJ-VER-0089,2026-09-29,2.4694643020629883
GJ-VER-0090,2026-09-29,10.747366905212402
GJ-VER-0091,2026-09-29,6.950681209564209
GJ-VER-0092,2026-09-29,0.6283139586448669
GJ-VER-0093,2026-09-29,5.171350002288818
GJ-VER-0094,2026-09-29,9.953856468200684
GJ-VER-0095,2026-09-29,7.550945281982422
GJ-VER-0096,2026-09-29,0.6984755396842957
GJ-VER-0097,2026-09-29,14.106009483337402
GJ-VER-0098,2026-09-29,9.020753860473633
GJ-VER-0099,2026-09-29,6.145148277282715
GJ-VER-0100,2026-09-29,4.995353221893311
GJ-VER-0101,2026-09-29,7.927018165588379
GJ-VER-0102,2026-09-29,4.842697143554688
GJ-VER-0103,2026-09-29,5.237690448760986
GJ-VER-0104,2026-09-29,6.389364242553711
GJ-VER-0105,2026-09-29,5.190578937530518
GJ-VER-0106,2026-09-29,5.193615913391113
GJ-VER-0107,2026-09-29,4.53147554397583
GJ-VER-0108,2026-09-29,4.521076202392578
GJ-VER-0109,2026-09-29,7.005673885345459
GJ-VER-0110,2026-09-29,3.999489784240722
GJ-VER-0111,2026-09-29,4.474423885345459
GJ-VER-0112,2026-09-29,4.4950361251831055
GJ-VER-0113,2026-09-29,5.419209003448486
GJ-VER-0114,2026-09-29,4.154636383056641
GJ-VER-0115,2026-09-29,4.417924880981445
GJ-VER-0116,2026-09-29,4.396033763885498
GJ-VER-0117,2026-09-29,4.797826766967773
GJ-VER-0118,2026-09-29,6.431657314300537
GJ-VER-0119,2026-09-29,4.060556411743164
GJ-VER-0120,2026-09-29,4.582931995391846
GJ-VER-0121,2026-09-29,4.353989124298096
GJ-VER-0122,2026-09-29,4.644032001495361
GJ-VER-0123,2026-09-29,4.900640964508057
GJ-VER-0124,2026-09-29,4.644124507904053
GJ-VER-0125,2026-09-29,4.434714317321777
GJ-VER-0126,2026-09-29,4.415017127990723
GJ-VER-0127,2026-09-29,4.689279079437256
GJ-VER-0128,2026-09-29,7.129663944244385
GJ-VER-0129,2026-09-29,4.454976558685303
GJ-VER-0130,2026-09-29,4.364101886749268
GJ-VER-0131,2026-09-29,4.368983268737793
GJ-VER-0132,2026-09-29,4.389256000518799
GJ-VER-0133,2026-09-29,5.222076416015625
GJ-VER-0134,2026-09-29,4.023549556732178
GJ-VER-0135,2026-09-29,4.347074508666992
GJ-VER-0136,2026-09-29,4.46394681930542
GJ-VER-0137,2026-09-29,4.856002807617188
GJ-VER-0138,2026-09-29,4.507925510406494
GJ-VER-0139,2026-09-29,4.558212757110596
GJ-VER-0140,2026-09-29,5.469007968902588
GJ-VER-0001,2026-09-30,0.7158341407775879
GJ-VER-0002,2026-09-30,0.7358770370483398
GJ-VER-0003,2026-09-30,0.8387749195098877
GJ-VER-0004,2026-09-30,0.7542468905448914
GJ-VER-0005,2026-09-30,1.0755606889724731
GJ-VER-0006,2026-09-30,2.509661912918091
GJ-VER-0007,2026-09-30,0.7682857513427734
GJ-VER-0008,2026-09-30,0.7187702059745789
GJ-VER-0009,2026-09-30,0.7946193218231201
GJ-VER-0010,2026-09-30,0.7238199710845947
GJ-VER-0011,2026-09-30,1.2688974142074585
GJ-VER-0012,2026-09-30,2.678241491317749
GJ-VER-0013,2026-09-30,0.7845227122306824
GJ-VER-0014,2026-09-30,0.7631556987762451
GJ-VER-0015,2026-09-30,1.3186397552490234
GJ-VER-0016,2026-09-30,2.7882180213928223
GJ-VER-0017,2026-09-30,3.921215772628784
GJ-VER-0018,2026-09-30,3.7025556564331055
GJ-VER-0019,2026-09-30,0.7663207650184631
GJ-VER-0020,2026-09-30,2.2745864391326904
GJ-VER-0021,2026-09-30,4.052261352539063
GJ-VER-0022,2026-09-30,7.710865497589111
GJ-VER-0023,2026-09-30,12.358599662780762
GJ-VER-0024,2026-09-30,0.7852706909179688
GJ-VER-0025,2026-09-30,1.337753176689148
GJ-VER-0026,2026-09-30,3.305800676345825
GJ-VER-0027,2026-09-30,8.097590446472168
GJ-VER-0028,2026-09-30,10.737492561340332
GJ-VER-0029,2026-09-30,0.6137818694114685
GJ-VER-0030,2026-09-30,1.441161870956421
GJ-VER-0031,2026-09-30,1.4105224609375
GJ-VER-0032,2026-09-30,2.8981735706329346
GJ-VER-0033,2026-09-30,6.11189603805542
GJ-VER-0034,2026-09-30,
GJ-VER-0035,2026-09-30,0.7938187718391418
GJ-VER-0036,2026-09-30,2.400310516357422
GJ-VER-0037,2026-09-30,1.2193686962127686
GJ-VER-0038,2026-09-30,3.556546449661255
GJ-VER-0039,2026-09-30,6.620505332946777
GJ-VER-0040,2026-09-30,1.056257963180542
GJ-VER-0041,2026-09-30,1.3129040002822876
GJ-VER-0042,2026-09-30,2.1272313594818115
GJ-VER-0043,2026-09-30,1.2820791006088257
GJ-VER-0044,2026-09-30,8.54983139038086
GJ-VER-0045,2026-09-30,0.8311697840690613
GJ-VER-0046,2026-09-30,1.043311595916748
GJ-VER-0047,2026-09-30,0.9961721301078796
GJ-VER-0048,2026-09-30,1.080643653869629
GJ-VER-0049,2026-09-30,4.305449962615967
GJ-VER-0050,2026-09-30,
GJ-VER-0051,2026-09-30,0.7894178628921509
GJ-VER-0052,2026-09-30,0.8326905965805054
GJ-VER-0053,2026-09-30,0.8200377225875854
GJ-VER-0054,2026-09-30,3.958227396011353
GJ-VER-0055,2026-09-30,5.200753688812256
GJ-VER-0056,2026-09-30,0.6429263949394226
GJ-VER-0057,2026-09-30,0.6998738646507263
GJ-VER-0058,2026-09-30,1.792067527770996
GJ-VER-0059,2026-09-30,8.153271675109863
GJ-VER-0060,2026-09-30,0.5025521516799927
GJ-VER-0061,2026-09-30,0.5537505149841309
GJ-VER-0062,2026-09-30,0.8324889540672302
GJ-VER-0063,2026-09-30,13.106315612792969
GJ-VER-0064,2026-09-30,9.146679878234863
GJ-VER-0065,2026-09-30,0.5074716210365295
GJ-VER-0066,2026-09-30,0.640903890132904
GJ-VER-0067,2026-09-30,4.370059013366699
GJ-VER-0068,2026-09-30,11.104236602783203
GJ-VER-0069,2026-09-30,
GJ-VER-0070,2026-09-30,1.638026475906372
GJ-VER-0071,2026-09-30,3.182875871658325
GJ-VER-0072,2026-09-30,6.63897705078125
GJ-VER-0073,2026-09-30,12.299612998962402
GJ-VER-0074,2026-09-30,9.970833778381348
GJ-VER-0075,2026-09-30,1.7442853450775146
GJ-VER-0076,2026-09-30,2.196429967880249
GJ-VER-0077,2026-09-30,11.986971855163574
GJ-VER-0078,2026-09-30,8.24591064453125
GJ-VER-0079,2026-09-30,
GJ-VER-0080,2026-09-30,0.8030662536621094
GJ-VER-0081,2026-09-30,1.3908629417419434
GJ-VER-0082,2026-09-30,9.226289749145508
GJ-VER-0083,2026-09-30,6.55674409866333
GJ-VER-0084,2026-09-30,0.6241463422775269
GJ-VER-0085,2026-09-30,1.885393738746643
GJ-VER-0086,2026-09-30,5.191143989562988
GJ-VER-0087,2026-09-30,6.78323221206665
GJ-VER-0088,2026-09-30,0.6856813430786133
GJ-VER-0089,2026-09-30,2.7158093452453613
GJ-VER-0090,2026-09-30,4.685211658477783
GJ-VER-0091,2026-09-30,6.814543724060059
GJ-VER-0092,2026-09-30,0.8773879408836365
GJ-VER-0093,2026-09-30,3.0759780406951904
GJ-VER-0094,2026-09-30,4.298355102539063
GJ-VER-0095,2026-09-30,6.350946426391602
GJ-VER-0096,2026-09-30,0.997348427772522
GJ-VER-0097,2026-09-30,3.8667280673980713
GJ-VER-0098,2026-09-30,3.678150415420532
GJ-VER-0099,2026-09-30,6.329195499420166
GJ-VER-0100,2026-09-30,1.95456063747406
GJ-VER-0101,2026-09-30,2.64982533454895
GJ-VER-0102,2026-09-30,2.84367036819458
GJ-VER-0103,2026-09-30,5.458083152770996
GJ-VER-0104,2026-09-30,9.373061180114746
GJ-VER-0105,2026-09-30,2.4595208168029785
GJ-VER-0106,2026-09-30,2.359882116317749
GJ-VER-0107,2026-09-30,2.516342878341675
GJ-VER-0108,2026-09-30,3.473653078079224
GJ-VER-0109,2026-09-30,4.511159896850586
GJ-VER-0110,2026-09-30,2.445235013961792
GJ-VER-0111,2026-09-30,2.437728881835937
GJ-VER-0112,2026-09-30,2.441854238510132
GJ-VER-0113,2026-09-30,2.637641668319702
GJ-VER-0114,2026-09-30,3.419885396957397
GJ-VER-0115,2026-09-30,2.216093063354492
GJ-VER-0116,2026-09-30,2.2818539142608643
GJ-VER-0117,2026-09-30,2.455398797988892
GJ-VER-0118,2026-09-30,4.38239336013794
GJ-VER-0119,2026-09-30,4.273015022277832
GJ-VER-0120,2026-09-30,3.660871744155884
GJ-VER-0121,2026-09-30,2.945366859436035
GJ-VER-0122,2026-09-30,1.9230601787567136
GJ-VER-0123,2026-09-30,2.0340797901153564
GJ-VER-0124,2026-09-30,5.9357500076293945
GJ-VER-0125,2026-09-30,4.059185981750488
GJ-VER-0126,2026-09-30,1.926700472831726
GJ-VER-0127,2026-09-30,1.5821692943572998
GJ-VER-0128,2026-09-30,1.4751667976379397
GJ-VER-0129,2026-09-30,5.979502201080322
GJ-VER-0130,2026-09-30,3.8508143424987793
GJ-VER-0131,2026-09-30,1.7204848527908323
GJ-VER-0132,2026-09-30,1.5607101917266846
GJ-VER-0133,2026-09-30,1.6546494960784912
GJ-VER-0134,2026-09-30,2.6481199264526367
GJ-VER-0135,2026-09-30,1.5920451879501345
GJ-VER-0136,2026-09-30,1.46847665309906
GJ-VER-0137,2026-09-30,1.74891197681427
GJ-VER-0138,2026-09-30,1.602689504623413
GJ-VER-0139,2026-09-30,1.6479551792144775
GJ-VER-0140,2026-09-30,1.7326503992080688
GJ-VER-0001,2026-10-01,0.3744153976440429
GJ-VER-0002,2026-10-01,0.3709852993488312
GJ-VER-0003,2026-10-01,0.4156736433506012
GJ-VER-0004,2026-10-01,0.4715700149536133
GJ-VER-0005,2026-10-01,0.752301812171936
GJ-VER-0006,2026-10-01,5.064813137054443
GJ-VER-0007,2026-10-01,0.3831458687782287
GJ-VER-0008,2026-10-01,0.3552122712135315
GJ-VER-0009,2026-10-01,0.3593163788318634
GJ-VER-0010,2026-10-01,0.4187390804290771
GJ-VER-0011,2026-10-01,0.650291383266449
GJ-VER-0012,2026-10-01,1.6762367486953735
GJ-VER-0013,2026-10-01,0.4183023273944855
GJ-VER-0014,2026-10-01,0.3902595341205597
GJ-VER-0015,2026-10-01,0.3846406042575836
GJ-VER-0016,2026-10-01,0.9948517084121704
GJ-VER-0017,2026-10-01,3.3220036029815674
GJ-VER-0018,2026-10-01,2.612466335296631
GJ-VER-0019,2026-10-01,0.408226877450943
GJ-VER-0020,2026-10-01,0.8941241502761841
GJ-VER-0021,2026-10-01,1.103131890296936
GJ-VER-0022,2026-10-01,4.556519985198975
GJ-VER-0023,2026-10-01,10.138391494750977
GJ-VER-0024,2026-10-01,0.3728884756565094
GJ-VER-0025,2026-10-01,0.5095537304878235
GJ-VER-0026,2026-10-01,2.071907758712769
GJ-VER-0027,2026-10-01,3.809602737426758
GJ-VER-0028,2026-10-01,9.64350700378418
GJ-VER-0029,2026-10-01,0.3588086664676666
GJ-VER-0030,2026-10-01,0.400547593832016
GJ-VER-0031,2026-10-01,1.416418194770813
GJ-VER-0032,2026-10-01,2.664715051651001
GJ-VER-0033,2026-10-01,6.158023357391357
GJ-VER-0034,2026-10-01,
GJ-VER-0035,2026-10-01,0.5254575610160828
GJ-VER-0036,2026-10-01,0.5362303256988525
GJ-VER-0037,2026-10-01,0.9849842190742492
GJ-VER-0038,2026-10-01,5.022930145263672
GJ-VER-0039,2026-10-01,11.400308609008787
GJ-VER-0040,2026-10-01,0.6066266894340515
GJ-VER-0041,2026-10-01,0.6612070202827454
GJ-VER-0042,2026-10-01,0.5067956447601318
GJ-VER-0043,2026-10-01,1.920125722885132
GJ-VER-0044,2026-10-01,9.887104034423828
GJ-VER-0045,2026-10-01,0.4379447102546692
GJ-VER-0046,2026-10-01,0.654090940952301
GJ-VER-0047,2026-10-01,0.5072219371795654
GJ-VER-0048,2026-10-01,1.0201798677444458
GJ-VER-0049,2026-10-01,10.57830810546875
GJ-VER-0050,2026-10-01,
GJ-VER-0051,2026-10-01,0.5445228219032288
GJ-VER-0052,2026-10-01,0.4926303923130035
GJ-VER-0053,2026-10-01,0.5156577229499817
GJ-VER-0054,2026-10-01,14.992242813110352
GJ-VER-0055,2026-10-01,12.750603675842283
GJ-VER-0056,2026-10-01,0.4445417821407318
GJ-VER-0057,2026-10-01,0.4150964617729187
GJ-VER-0058,2026-10-01,2.231130838394165
GJ-VER-0059,2026-10-01,17.559560775756836
GJ-VER-0060,2026-10-01,0.3715438544750213
GJ-VER-0061,2026-10-01,0.3838634490966797
GJ-VER-0062,2026-10-01,0.4156230688095093
GJ-VER-0063,2026-10-01,13.282342910766602
GJ-VER-0064,2026-10-01,8.663935661315918
GJ-VER-0065,2026-10-01,0.3008074164390564
GJ-VER-0066,2026-10-01,0.3407250046730041
GJ-VER-0067,2026-10-01,2.481650114059448
GJ-VER-0068,2026-10-01,10.79258918762207
GJ-VER-0069,2026-10-01,
GJ-VER-0070,2026-10-01,0.543792724609375
GJ-VER-0071,2026-10-01,2.6188206672668457
GJ-VER-0072,2026-10-01,3.393166303634644
GJ-VER-0073,2026-10-01,11.05266571044922
GJ-VER-0074,2026-10-01,9.291553497314451
GJ-VER-0075,2026-10-01,0.6099748015403748
GJ-VER-0076,2026-10-01,1.0002597570419312
GJ-VER-0077,2026-10-01,5.124838829040527
GJ-VER-0078,2026-10-01,6.721522808074951
GJ-VER-0079,2026-10-01,
GJ-VER-0080,2026-10-01,0.3814356923103332
GJ-VER-0081,2026-10-01,0.9458195567131042
GJ-VER-0082,2026-10-01,5.002281665802002
GJ-VER-0083,2026-10-01,6.715773582458496
GJ-VER-0084,2026-10-01,0.4086352884769439
GJ-VER-0085,2026-10-01,1.5951191186904907
GJ-VER-0086,2026-10-01,4.682507991790772
GJ-VER-0087,2026-10-01,7.535987377166748
GJ-VER-0088,2026-10-01,0.5273427367210388
GJ-VER-0089,2026-10-01,3.3588404655456543
GJ-VER-0090,2026-10-01,4.571321964263916
GJ-VER-0091,2026-10-01,8.674176216125488
GJ-VER-0092,2026-10-01,0.9076046347618104
GJ-VER-0093,2026-10-01,3.756319522857666
GJ-VER-0094,2026-10-01,4.227156639099121
GJ-VER-0095,2026-10-01,6.9287872314453125
GJ-VER-0096,2026-10-01,0.703392505645752
GJ-VER-0097,2026-10-01,4.901252746582031
GJ-VER-0098,2026-10-01,4.332920074462891
GJ-VER-0099,2026-10-01,7.395156860351562
GJ-VER-0100,2026-10-01,0.9824497699737548
GJ-VER-0101,2026-10-01,3.992618322372437
GJ-VER-0102,2026-10-01,4.041769504547119
GJ-VER-0103,2026-10-01,7.450584888458252
GJ-VER-0104,2026-10-01,6.914017200469971
GJ-VER-0105,2026-10-01,1.706641435623169
GJ-VER-0106,2026-10-01,3.879248142242432
GJ-VER-0107,2026-10-01,5.097024440765381
GJ-VER-0108,2026-10-01,6.082545757293701
GJ-VER-0109,2026-10-01,9.128189086914062
GJ-VER-0110,2026-10-01,4.763509750366211
GJ-VER-0111,2026-10-01,6.83299446105957
GJ-VER-0112,2026-10-01,5.51115083694458
GJ-VER-0113,2026-10-01,8.601615905761719
GJ-VER-0114,2026-10-01,7.184549331665039
GJ-VER-0115,2026-10-01,7.33755350112915
GJ-VER-0116,2026-10-01,6.8495073318481445
GJ-VER-0117,2026-10-01,7.546990871429443
GJ-VER-0118,2026-10-01,9.693001747131348
GJ-VER-0119,2026-10-01,6.185439586639404
GJ-VER-0120,2026-10-01,8.611048698425293
GJ-VER-0121,2026-10-01,8.463850975036621
GJ-VER-0122,2026-10-01,8.889690399169922
GJ-VER-0123,2026-10-01,9.9854736328125
GJ-VER-0124,2026-10-01,6.481165885925293
GJ-VER-0125,2026-10-01,5.835801124572754
GJ-VER-0126,2026-10-01,8.1103515625
GJ-VER-0127,2026-10-01,6.519342422485352
GJ-VER-0128,2026-10-01,4.973365783691406
GJ-VER-0129,2026-10-01,5.179568767547607
GJ-VER-0130,2026-10-01,4.593782901763916
GJ-VER-0131,2026-10-01,3.677680015563965
GJ-VER-0132,2026-10-01,2.770697832107544
GJ-VER-0133,2026-10-01,1.7346458435058594
GJ-VER-0134,2026-10-01,3.766759634017944
GJ-VER-0135,2026-10-01,1.3343113660812378
GJ-VER-0136,2026-10-01,1.3786803483963013
GJ-VER-0137,2026-10-01,1.5251835584640503
GJ-VER-0138,2026-10-01,1.276577353477478
GJ-VER-0139,2026-10-01,1.317789077758789
GJ-VER-0140,2026-10-01,1.6566935777664185
GJ-VER-0001,2026-10-02,0.5861708521842957
GJ-VER-0002,2026-10-02,0.5911470055580139
GJ-VER-0003,2026-10-02,0.6141483783721924
GJ-VER-0004,2026-10-02,1.0753347873687744
GJ-VER-0005,2026-10-02,1.9192190170288088
GJ-VER-0006,2026-10-02,5.984426498413086
GJ-VER-0007,2026-10-02,0.4730069041252136
GJ-VER-0008,2026-10-02,0.52479487657547
GJ-VER-0009,2026-10-02,0.5432430505752563
GJ-VER-0010,2026-10-02,0.7316291928291321
GJ-VER-0011,2026-10-02,1.2530877590179443
GJ-VER-0012,2026-10-02,3.2579920291900635
GJ-VER-0013,2026-10-02,0.4541614055633545
GJ-VER-0014,2026-10-02,0.4768504798412323
GJ-VER-0015,2026-10-02,0.7298359274864197
GJ-VER-0016,2026-10-02,1.7582632303237915
GJ-VER-0017,2026-10-02,4.670822620391846
GJ-VER-0018,2026-10-02,4.452365875244141
GJ-VER-0019,2026-10-02,0.47415292263031
GJ-VER-0020,2026-10-02,0.6916360259056091
GJ-VER-0021,2026-10-02,1.5115481615066528
GJ-VER-0022,2026-10-02,4.265811920166016
GJ-VER-0023,2026-10-02,5.367011547088623
GJ-VER-0024,2026-10-02,0.4840056300163269
GJ-VER-0025,2026-10-02,0.5002515912055969
GJ-VER-0026,2026-10-02,0.8301801681518555
GJ-VER-0027,2026-10-02,2.314531087875366
GJ-VER-0028,2026-10-02,3.6899428367614746
GJ-VER-0029,2026-10-02,0.5173797011375427
GJ-VER-0030,2026-10-02,0.5870791077613831
GJ-VER-0031,2026-10-02,0.7953660488128662
GJ-VER-0032,2026-10-02,0.874559223651886
GJ-VER-0033,2026-10-02,2.545027732849121
GJ-VER-0034,2026-10-02,
GJ-VER-0035,2026-10-02,0.5627608895301819
GJ-VER-0036,2026-10-02,0.6489132642745972
GJ-VER-0037,2026-10-02,0.8268998265266418
GJ-VER-0038,2026-10-02,2.700788974761963
GJ-VER-0039,2026-10-02,2.52920913696289
GJ-VER-0040,2026-10-02,0.6009311079978943
GJ-VER-0041,2026-10-02,0.6626981496810913
GJ-VER-0042,2026-10-02,0.7210646271705627
GJ-VER-0043,2026-10-02,0.9324415326118468
GJ-VER-0044,2026-10-02,1.9868052005767824
GJ-VER-0045,2026-10-02,0.5951763391494751
GJ-VER-0046,2026-10-02,0.6479021906852722
GJ-VER-0047,2026-10-02,0.7336326837539673
GJ-VER-0048,2026-10-02,0.9559119343757628
GJ-VER-0049,2026-10-02,1.4704911708831787
GJ-VER-0050,2026-10-02,
GJ-VER-0051,2026-10-02,0.6369116306304932
GJ-VER-0052,2026-10-02,0.693280816078186
GJ-VER-0053,2026-10-02,0.7813639044761658
GJ-VER-0054,2026-10-02,1.6605143547058103
GJ-VER-0055,2026-10-02,1.802466869354248
GJ-VER-0056,2026-10-02,0.659382164478302
GJ-VER-0057,2026-10-02,0.7140907049179077
GJ-VER-0058,2026-10-02,1.0349900722503662
GJ-VER-0059,2026-10-02,1.8455145359039309
GJ-VER-0060,2026-10-02,0.6407840251922607
GJ-VER-0061,2026-10-02,0.6891414523124695
GJ-VER-0062,2026-10-02,0.7447523474693298
GJ-VER-0063,2026-10-02,1.6626826524734497
GJ-VER-0064,2026-10-02,1.7210283279418943
GJ-VER-0065,2026-10-02,0.6797609925270081
GJ-VER-0066,2026-10-02,0.9133796095848083
GJ-VER-0067,2026-10-02,1.081494927406311
GJ-VER-0068,2026-10-02,1.7596906423568726
GJ-VER-0069,2026-10-02,
GJ-VER-0070,2026-10-02,0.6631975769996643
GJ-VER-0071,2026-10-02,0.8194999694824219
GJ-VER-0072,2026-10-02,1.289263129234314
GJ-VER-0073,2026-10-02,1.69723379611969
GJ-VER-0074,2026-10-02,1.8798977136611936
GJ-VER-0075,2026-10-02,0.6819974780082703
GJ-VER-0076,2026-10-02,0.8449605703353882
GJ-VER-0077,2026-10-02,1.5661948919296265
GJ-VER-0078,2026-10-02,1.7163417339324951
GJ-VER-0079,2026-10-02,
GJ-VER-0080,2026-10-02,0.7289580702781677
GJ-VER-0081,2026-10-02,0.8503741025924683
GJ-VER-0082,2026-10-02,1.4113390445709229
GJ-VER-0083,2026-10-02,1.7923520803451538
GJ-VER-0084,2026-10-02,0.806799054145813
GJ-VER-0085,2026-10-02,0.9648851752281188
GJ-VER-0086,2026-10-02,1.520909070968628
GJ-VER-0087,2026-10-02,1.919241428375244
GJ-VER-0088,2026-10-02,0.9095813035964966
GJ-VER-0089,2026-10-02,1.0196430683135986
GJ-VER-0090,2026-10-02,1.5636335611343384
GJ-VER-0091,2026-10-02,1.939100742340088
GJ-VER-0092,2026-10-02,0.9295415282249452
GJ-VER-0093,2026-10-02,1.068947434425354
GJ-VER-0094,2026-10-02,1.6544374227523804
GJ-VER-0095,2026-10-02,1.9576201438903809
GJ-VER-0096,2026-10-02,1.01370370388031
GJ-VER-0097,2026-10-02,1.5927942991256714
GJ-VER-0098,2026-10-02,1.7423620223999023
GJ-VER-0099,2026-10-02,2.086785316467285
GJ-VER-0100,2026-10-02,1.309083104133606
GJ-VER-0101,2026-10-02,1.694343328475952
GJ-VER-0102,2026-10-02,1.894934058189392
GJ-VER-0103,2026-10-02,2.189926862716675
GJ-VER-0104,2026-10-02,2.4367098808288574
GJ-VER-0105,2026-10-02,1.3840601444244385
GJ-VER-0106,2026-10-02,1.7581593990325928
GJ-VER-0107,2026-10-02,1.9644683599472048
GJ-VER-0108,2026-10-02,2.147771120071411
GJ-VER-0109,2026-10-02,2.733963251113892
GJ-VER-0110,2026-10-02,1.855265140533448
GJ-VER-0111,2026-10-02,2.084141969680786
GJ-VER-0112,2026-10-02,2.21394419670105
GJ-VER-0113,2026-10-02,2.8172061443328857
GJ-VER-0114,2026-10-02,1.970181345939636
GJ-VER-0115,2026-10-02,2.167796850204468
GJ-VER-0116,2026-10-02,2.2611188888549805
GJ-VER-0117,2026-10-02,2.840896844863892
GJ-VER-0118,2026-10-02,3.3066165447235107
GJ-VER-0119,2026-10-02,2.090135335922241
GJ-VER-0120,2026-10-02,2.8639509677886963
GJ-VER-0121,2026-10-02,2.3016345500946045
GJ-VER-0122,2026-10-02,3.138599157333374
GJ-VER-0123,2026-10-02,3.4528937339782715
GJ-VER-0124,2026-10-02,2.2994956970214844
GJ-VER-0125,2026-10-02,2.801357746124268
GJ-VER-0126,2026-10-02,3.2170627117156982
GJ-VER-0127,2026-10-02,3.025895357131958
GJ-VER-0128,2026-10-02,2.7986931800842285
GJ-VER-0129,2026-10-02,2.445460081100464
GJ-VER-0130,2026-10-02,2.7829980850219727
GJ-VER-0131,2026-10-02,2.553215265274048
GJ-VER-0132,2026-10-02,2.212518215179444
GJ-VER-0133,2026-10-02,1.745049238204956
GJ-VER-0134,2026-10-02,2.85584020614624
GJ-VER-0135,2026-10-02,1.6102855205535889
GJ-VER-0136,2026-10-02,1.650919795036316
GJ-VER-0137,2026-10-02,1.595761775970459
GJ-VER-0138,2026-10-02,1.4175493717193604
GJ-VER-0139,2026-10-02,1.35057532787323
GJ-VER-0140,2026-10-02,1.4721702337265017
GJ-VER-0001,2026-10-03,0.7483829855918884
GJ-VER-0002,2026-10-03,0.8435397148132324
GJ-VER-0003,2026-10-03,1.069541335105896
GJ-VER-0004,2026-10-03,1.694625735282898
GJ-VER-0005,2026-10-03,2.2456979751586914
GJ-VER-0006,2026-10-03,2.948328971862793
GJ-VER-0007,2026-10-03,0.631697416305542
GJ-VER-0008,2026-10-03,0.8821317553520203
GJ-VER-0009,2026-10-03,1.0751018524169922
GJ-VER-0010,2026-10-03,1.8923101425170896
GJ-VER-0011,2026-10-03,3.8120038509368896
GJ-VER-0012,2026-10-03,3.7240846157073975
GJ-VER-0013,2026-10-03,0.6497369408607483
GJ-VER-0014,2026-10-03,0.5972285866737366
GJ-VER-0015,2026-10-03,2.294285774230957
GJ-VER-0016,2026-10-03,2.9306628704071045
GJ-VER-0017,2026-10-03,7.092289447784424
GJ-VER-0018,2026-10-03,7.838222980499268
GJ-VER-0019,2026-10-03,0.6124488711357117
GJ-VER-0020,2026-10-03,1.7503799200057983
GJ-VER-0021,2026-10-03,2.593759059906006
GJ-VER-0022,2026-10-03,5.739432334899902
GJ-VER-0023,2026-10-03,7.070393085479736
GJ-VER-0024,2026-10-03,0.6507638096809387
GJ-VER-0025,2026-10-03,0.6418907046318054
GJ-VER-0026,2026-10-03,1.9555182456970213
GJ-VER-0027,2026-10-03,4.317994594573975
GJ-VER-0028,2026-10-03,9.297504425048828
GJ-VER-0029,2026-10-03,0.7177106142044067
GJ-VER-0030,2026-10-03,0.7897735834121704
GJ-VER-0031,2026-10-03,1.3318475484848022
GJ-VER-0032,2026-10-03,2.790383815765381
GJ-VER-0033,2026-10-03,8.652525901794434
GJ-VER-0034,2026-10-03,
GJ-VER-0035,2026-10-03,0.8909669518470764
GJ-VER-0036,2026-10-03,0.8442395925521851
GJ-VER-0037,2026-10-03,2.2092506885528564
GJ-VER-0038,2026-10-03,4.612029075622559
GJ-VER-0039,2026-10-03,6.951605796813965
GJ-VER-0040,2026-10-03,0.767712414264679
GJ-VER-0041,2026-10-03,0.7707648873329163
GJ-VER-0042,2026-10-03,0.8550468683242798
GJ-VER-0043,2026-10-03,3.810450792312622
GJ-VER-0044,2026-10-03,5.877258777618408
GJ-VER-0045,2026-10-03,0.7336534261703491
GJ-VER-0046,2026-10-03,0.8028532862663269
GJ-VER-0047,2026-10-03,0.7185279726982117
GJ-VER-0048,2026-10-03,4.871984004974365
GJ-VER-0049,2026-10-03,4.721206665039063
GJ-VER-0050,2026-10-03,
GJ-VER-0051,2026-10-03,0.7844941020011902
GJ-VER-0052,2026-10-03,0.7469631433486938
GJ-VER-0053,2026-10-03,1.1459523439407349
GJ-VER-0054,2026-10-03,3.8618392944335938
GJ-VER-0055,2026-10-03,3.633415460586548
GJ-VER-0056,2026-10-03,0.6953638195991516
GJ-VER-0057,2026-10-03,0.7267445921897888
GJ-VER-0058,2026-10-03,2.851379632949829
GJ-VER-0059,2026-10-03,3.821018934249878
GJ-VER-0060,2026-10-03,0.5053866505622864
GJ-VER-0061,2026-10-03,0.5909615159034729
GJ-VER-0062,2026-10-03,2.504188537597656
GJ-VER-0063,2026-10-03,4.148996829986572
GJ-VER-0064,2026-10-03,3.3229310512542725
GJ-VER-0065,2026-10-03,0.4591602683067322
GJ-VER-0066,2026-10-03,1.3450119495391846
GJ-VER-0067,2026-10-03,4.082597732543945
GJ-VER-0068,2026-10-03,4.1754584312438965
GJ-VER-0069,2026-10-03,
GJ-VER-0070,2026-10-03,0.4474896192550659
GJ-VER-0071,2026-10-03,0.6405994892120361
GJ-VER-0072,2026-10-03,2.062265396118164
GJ-VER-0073,2026-10-03,4.5702667236328125
GJ-VER-0074,2026-10-03,4.208549499511719
GJ-VER-0075,2026-10-03,0.5132976174354553
GJ-VER-0076,2026-10-03,0.5498587489128113
GJ-VER-0077,2026-10-03,2.087279319763184
GJ-VER-0078,2026-10-03,5.762993335723877
GJ-VER-0079,2026-10-03,
GJ-VER-0080,2026-10-03,0.5506033301353455
GJ-VER-0081,2026-10-03,0.6039087176322937
GJ-VER-0082,2026-10-03,2.865229845046997
GJ-VER-0083,2026-10-03,6.063523292541504
GJ-VER-0084,2026-10-03,0.6494424343109131
GJ-VER-0085,2026-10-03,0.7721709609031677
GJ-VER-0086,2026-10-03,4.872126579284668
GJ-VER-0087,2026-10-03,8.775785446166992
GJ-VER-0088,2026-10-03,0.8330821394920349
GJ-VER-0089,2026-10-03,0.8403105735778809
GJ-VER-0090,2026-10-03,5.138368606567383
GJ-VER-0091,2026-10-03,7.548641204833984
GJ-VER-0092,2026-10-03,1.1869664192199707
GJ-VER-0093,2026-10-03,0.847795844078064
GJ-VER-0094,2026-10-03,5.694243907928467
GJ-VER-0095,2026-10-03,7.903759479522705
GJ-VER-0096,2026-10-03,1.6618900299072266
GJ-VER-0097,2026-10-03,3.3447699546813965
GJ-VER-0098,2026-10-03,5.31035041809082
GJ-VER-0099,2026-10-03,7.665729522705078
GJ-VER-0100,2026-10-03,2.0304620265960693
GJ-VER-0101,2026-10-03,3.599117994308472
GJ-VER-0102,2026-10-03,4.950289726257324
GJ-VER-0103,2026-10-03,7.491423606872559
GJ-VER-0104,2026-10-03,12.844122886657717
GJ-VER-0105,2026-10-03,2.0950889587402344
GJ-VER-0106,2026-10-03,3.609896183013916
GJ-VER-0107,2026-10-03,4.102661609649658
GJ-VER-0108,2026-10-03,6.658961772918701
GJ-VER-0109,2026-10-03,12.183894157409668
GJ-VER-0110,2026-10-03,3.6353163719177246
GJ-VER-0111,2026-10-03,4.00280237197876
GJ-VER-0112,2026-10-03,5.72289514541626
GJ-VER-0113,2026-10-03,7.05307674407959
GJ-VER-0114,2026-10-03,3.7759268283844
GJ-VER-0115,2026-10-03,4.21892786026001
GJ-VER-0116,2026-10-03,5.022777080535889
GJ-VER-0117,2026-10-03,6.554309368133545
GJ-VER-0118,2026-10-03,6.857902526855469
GJ-VER-0119,2026-10-03,3.729043960571289
GJ-VER-0120,2026-10-03,4.543203830718994
GJ-VER-0121,2026-10-03,5.201128005981445
GJ-VER-0122,2026-10-03,6.027816295623779
GJ-VER-0123,2026-10-03,6.972006797790527
GJ-VER-0124,2026-10-03,5.2369914054870605
GJ-VER-0125,2026-10-03,5.12323808670044
GJ-VER-0126,2026-10-03,6.227044582366943
GJ-VER-0127,2026-10-03,7.628971099853516
GJ-VER-0128,2026-10-03,7.304754257202148
GJ-VER-0129,2026-10-03,5.461582183837891
GJ-VER-0130,2026-10-03,4.670910358428955
GJ-VER-0131,2026-10-03,6.321785926818848
GJ-VER-0132,2026-10-03,7.95811653137207
GJ-VER-0133,2026-10-03,6.145448684692383
GJ-VER-0134,2026-10-03,5.928981304168701
GJ-VER-0135,2026-10-03,6.59314489364624
GJ-VER-0136,2026-10-03,7.399597644805908
GJ-VER-0137,2026-10-03,6.662381649017334
GJ-VER-0138,2026-10-03,6.700222015380859
GJ-VER-0139,2026-10-03,6.318173885345459
GJ-VER-0140,2026-10-03,5.139291763305664
GJ-VER-0001,2026-10-04,1.2374955415725708
GJ-VER-0002,2026-10-04,1.4524034261703491
GJ-VER-0003,2026-10-04,2.017253875732422
GJ-VER-0004,2026-10-04,2.2743921279907227
GJ-VER-0005,2026-10-04,3.4588685035705566
GJ-VER-0006,2026-10-04,6.293859481811523
GJ-VER-0007,2026-10-04,0.8183002471923828
GJ-VER-0008,2026-10-04,1.6887760162353516
GJ-VER-0009,2026-10-04,2.0162835121154785
GJ-VER-0010,2026-10-04,2.00989294052124
GJ-VER-0011,2026-10-04,3.5383176803588867
GJ-VER-0012,2026-10-04,5.585722923278809
GJ-VER-0013,2026-10-04,0.8053885698318481
GJ-VER-0014,2026-10-04,0.8103341460227966
GJ-VER-0015,2026-10-04,1.5463404655456543
GJ-VER-0016,2026-10-04,2.323093175888061
GJ-VER-0017,2026-10-04,6.230771541595459
GJ-VER-0018,2026-10-04,7.992127418518066
GJ-VER-0019,2026-10-04,0.8472384214401245
GJ-VER-0020,2026-10-04,1.3804725408554075
GJ-VER-0021,2026-10-04,1.7425769567489624
GJ-VER-0022,2026-10-04,4.41785192489624
GJ-VER-0023,2026-10-04,8.376530647277832
GJ-VER-0024,2026-10-04,0.838785707950592
GJ-VER-0025,2026-10-04,0.8539985418319702
GJ-VER-0026,2026-10-04,2.5714120864868164
GJ-VER-0027,2026-10-04,3.628117561340332
GJ-VER-0028,2026-10-04,5.82133150100708
GJ-VER-0029,2026-10-04,0.8219362497329712
GJ-VER-0030,2026-10-04,0.8735957741737366
GJ-VER-0031,2026-10-04,2.8421630859375
GJ-VER-0032,2026-10-04,3.5779261589050293
GJ-VER-0033,2026-10-04,3.797039031982422
GJ-VER-0034,2026-10-04,
GJ-VER-0035,2026-10-04,0.994104504585266
GJ-VER-0036,2026-10-04,0.9141563773155212
GJ-VER-0037,2026-10-04,3.504096984863281
GJ-VER-0038,2026-10-04,3.5060529708862305
GJ-VER-0039,2026-10-04,3.586353063583374
GJ-VER-0040,2026-10-04,1.1376302242279053
GJ-VER-0041,2026-10-04,1.0459169149398804
GJ-VER-0042,2026-10-04,0.9576261043548584
GJ-VER-0043,2026-10-04,3.65848445892334
GJ-VER-0044,2026-10-04,3.724442720413208
GJ-VER-0045,2026-10-04,0.8824807405471802
GJ-VER-0046,2026-10-04,1.0410900115966797
GJ-VER-0047,2026-10-04,1.1614153385162354
GJ-VER-0048,2026-10-04,3.733178615570069
GJ-VER-0049,2026-10-04,3.7892370223999023
GJ-VER-0050,2026-10-04,
GJ-VER-0051,2026-10-04,0.8447430729866028
GJ-VER-0052,2026-10-04,1.0396397113800049
GJ-VER-0053,2026-10-04,1.7756496667861938
GJ-VER-0054,2026-10-04,4.102507591247559
GJ-VER-0055,2026-10-04,3.6871860027313232
GJ-VER-0056,2026-10-04,0.8996848464012146
GJ-VER-0057,2026-10-04,1.304269552230835
GJ-VER-0058,2026-10-04,2.9506940841674805
GJ-VER-0059,2026-10-04,3.9672136306762695
GJ-VER-0060,2026-10-04,0.6812769174575806
GJ-VER-0061,2026-10-04,0.801535427570343
GJ-VER-0062,2026-10-04,2.2179665565490723
GJ-VER-0063,2026-10-04,4.052333354949951
GJ-VER-0064,2026-10-04,4.257968425750732
GJ-VER-0065,2026-10-04,0.6286100745201111
GJ-VER-0066,2026-10-04,0.8619892001152039
GJ-VER-0067,2026-10-04,3.1059842109680176
GJ-VER-0068,2026-10-04,4.065051555633545
GJ-VER-0069,2026-10-04,
GJ-VER-0070,2026-10-04,0.5699852108955383
GJ-VER-0071,2026-10-04,0.6150823831558228
GJ-VER-0072,2026-10-04,1.3491779565811155
GJ-VER-0073,2026-10-04,3.929742574691773
GJ-VER-0074,2026-10-04,4.231204509735107
GJ-VER-0075,2026-10-04,0.5846785306930542
GJ-VER-0076,2026-10-04,0.6394901275634766
GJ-VER-0077,2026-10-04,2.738164186477661
GJ-VER-0078,2026-10-04,4.682672023773193
GJ-VER-0079,2026-10-04,
GJ-VER-0080,2026-10-04,0.727532684803009
GJ-VER-0081,2026-10-04,0.7788928151130676
GJ-VER-0082,2026-10-04,3.239232063293457
GJ-VER-0083,2026-10-04,5.955717086791992
GJ-VER-0084,2026-10-04,1.0060096979141235
GJ-VER-0085,2026-10-04,0.907289445400238
GJ-VER-0086,2026-10-04,4.603655815124512
GJ-VER-0087,2026-10-04,6.620025634765625
GJ-VER-0088,2026-10-04,1.2785849571228027
GJ-VER-0089,2026-10-04,1.037444233894348
GJ-VER-0090,2026-10-04,4.680505275726318
GJ-VER-0091,2026-10-04,7.497941970825195
GJ-VER-0092,2026-10-04,1.5094125270843506
GJ-VER-0093,2026-10-04,1.1290385723114014
GJ-VER-0094,2026-10-04,4.652182102203369
GJ-VER-0095,2026-10-04,6.602594375610352
GJ-VER-0096,2026-10-04,1.641833782196045
GJ-VER-0097,2026-10-04,3.3150389194488525
GJ-VER-0098,2026-10-04,4.696634769439697
GJ-VER-0099,2026-10-04,6.280303001403809
GJ-VER-0100,2026-10-04,1.6240631341934204
GJ-VER-0101,2026-10-04,2.997706651687622
GJ-VER-0102,2026-10-04,3.950052976608277
GJ-VER-0103,2026-10-04,5.446052551269531
GJ-VER-0104,2026-10-04,9.136155128479004
GJ-VER-0105,2026-10-04,2.1945204734802246
GJ-VER-0106,2026-10-04,2.7510788440704346
GJ-VER-0107,2026-10-04,3.657604217529297
GJ-VER-0108,2026-10-04,4.157883167266846
GJ-VER-0109,2026-10-04,6.304136753082275
GJ-VER-0110,2026-10-04,2.912660837173462
GJ-VER-0111,2026-10-04,3.374156951904297
GJ-VER-0112,2026-10-04,4.031341075897217
GJ-VER-0113,2026-10-04,5.784821033477783
GJ-VER-0114,2026-10-04,3.113439083099365
GJ-VER-0115,2026-10-04,3.2069239616394043
GJ-VER-0116,2026-10-04,3.862971067428589
GJ-VER-0117,2026-10-04,4.935003757476807
GJ-VER-0118,2026-10-04,9.36170768737793
GJ-VER-0119,2026-10-04,2.9871819019317627
GJ-VER-0120,2026-10-04,3.2164931297302246
GJ-VER-0121,2026-10-04,3.751312255859375
GJ-VER-0122,2026-10-04,4.36931848526001
GJ-VER-0123,2026-10-04,6.12902307510376
GJ-VER-0124,2026-10-04,3.2605717182159424
GJ-VER-0125,2026-10-04,3.626489162445069
GJ-VER-0126,2026-10-04,4.1953325271606445
GJ-VER-0127,2026-10-04,5.0531535148620605
GJ-VER-0128,2026-10-04,8.948354721069336
GJ-VER-0129,2026-10-04,3.3271074295043945
GJ-VER-0130,2026-10-04,3.6400458812713614
GJ-VER-0131,2026-10-04,4.291652679443359
GJ-VER-0132,2026-10-04,4.7379679679870605
GJ-VER-0133,2026-10-04,6.566040992736816
GJ-VER-0134,2026-10-04,3.6810379028320312
GJ-VER-0135,2026-10-04,4.253963470458984
GJ-VER-0136,2026-10-04,4.733830451965332
GJ-VER-0137,2026-10-04,7.163882255554199
GJ-VER-0138,2026-10-04,4.8712921142578125
GJ-VER-0139,2026-10-04,6.973421096801758
GJ-VER-0140,2026-10-04,5.050016403198242
GJ-VER-0001,2026-10-05,0.7576270699501038
GJ-VER-0002,2026-10-05,1.0362392663955688
GJ-VER-0003,2026-10-05,1.3343673944473267
GJ-VER-0004,2026-10-05,1.9664047956466675
GJ-VER-0005,2026-10-05,2.7638258934020996
GJ-VER-0006,2026-10-05,3.833465576171875
GJ-VER-0007,2026-10-05,0.5852116942405701
GJ-VER-0008,2026-10-05,0.8527138829231262
GJ-VER-0009,2026-10-05,1.0202943086624146
GJ-VER-0010,2026-10-05,1.925231695175171
GJ-VER-0011,2026-10-05,2.585750102996826
GJ-VER-0012,2026-10-05,4.1862263679504395
GJ-VER-0013,2026-10-05,0.4913010001182556
GJ-VER-0014,2026-10-05,0.6110156774520874
GJ-VER-0015,2026-10-05,2.0783796310424805
GJ-VER-0016,2026-10-05,3.0165843963623047
GJ-VER-0017,2026-10-05,3.8765432834625244
GJ-VER-0018,2026-10-05,3.4037039279937744
GJ-VER-0019,2026-10-05,0.6344442367553711
GJ-VER-0020,2026-10-05,3.0690581798553467
GJ-VER-0021,2026-10-05,3.4370081424713135
GJ-VER-0022,2026-10-05,3.444138288497925
GJ-VER-0023,2026-10-05,3.701749801635742
GJ-VER-0024,2026-10-05,0.5805570483207703
GJ-VER-0025,2026-10-05,1.105822205543518
GJ-VER-0026,2026-10-05,3.86147141456604
GJ-VER-0027,2026-10-05,3.8664612770080566
GJ-VER-0028,2026-10-05,3.384923219680786
GJ-VER-0029,2026-10-05,0.5555130243301392
GJ-VER-0030,2026-10-05,0.764574408531189
GJ-VER-0031,2026-10-05,3.742033004760742
GJ-VER-0032,2026-10-05,4.067177772521973
GJ-VER-0033,2026-10-05,3.6040947437286377
GJ-VER-0034,2026-10-05,
GJ-VER-0035,2026-10-05,0.6748952865600586
GJ-VER-0036,2026-10-05,1.7287728786468506
GJ-VER-0037,2026-10-05,4.105934143066406
GJ-VER-0038,2026-10-05,3.910982370376587
GJ-VER-0039,2026-10-05,3.3717617988586426
GJ-VER-0040,2026-10-05,1.0404943227767944
GJ-VER-0041,2026-10-05,3.4912784099578857
GJ-VER-0042,2026-10-05,3.6194663047790527
GJ-VER-0043,2026-10-05,4.143275737762451
GJ-VER-0044,2026-10-05,3.5579569339752197
GJ-VER-0045,2026-10-05,0.7745464444160461
GJ-VER-0046,2026-10-05,2.661668539047241
GJ-VER-0047,2026-10-05,4.346612930297852
GJ-VER-0048,2026-10-05,4.091557025909424
GJ-VER-0049,2026-10-05,3.81794810295105
GJ-VER-0050,2026-10-05,
GJ-VER-0051,2026-10-05,1.1218503713607788
GJ-VER-0052,2026-10-05,3.877072811126709
GJ-VER-0053,2026-10-05,4.671522617340088
GJ-VER-0054,2026-10-05,4.122435092926025
GJ-VER-0055,2026-10-05,3.8716390132904053
GJ-VER-0056,2026-10-05,2.5126917362213135
GJ-VER-0057,2026-10-05,4.428952693939209
GJ-VER-0058,2026-10-05,4.563675880432129
GJ-VER-0059,2026-10-05,4.068603515625
GJ-VER-0060,2026-10-05,1.6765519380569458
GJ-VER-0061,2026-10-05,4.020087242126465
GJ-VER-0062,2026-10-05,4.670884609222412
GJ-VER-0063,2026-10-05,4.297693252563477
GJ-VER-0064,2026-10-05,14.695322036743164
GJ-VER-0065,2026-10-05,3.008342742919922
GJ-VER-0066,2026-10-05,4.425452709197998
GJ-VER-0067,2026-10-05,4.903123378753662
GJ-VER-0068,2026-10-05,4.195160388946533
GJ-VER-0069,2026-10-05,
GJ-VER-0070,2026-10-05,1.2970366477966309
GJ-VER-0071,2026-10-05,3.210646629333496
GJ-VER-0072,2026-10-05,4.6414337158203125
GJ-VER-0073,2026-10-05,4.464244365692139
GJ-VER-0074,2026-10-05,6.125551700592041
GJ-VER-0075,2026-10-05,1.2202688455581665
GJ-VER-0076,2026-10-05,3.323896646499634
GJ-VER-0077,2026-10-05,3.8873469829559326
GJ-VER-0078,2026-10-05,5.162133693695068
GJ-VER-0079,2026-10-05,
GJ-VER-0080,2026-10-05,1.4382035732269287
GJ-VER-0081,2026-10-05,3.447021961212158
GJ-VER-0082,2026-10-05,3.9113588333129883
GJ-VER-0083,2026-10-05,5.6915154457092285
GJ-VER-0084,2026-10-05,1.6357053518295288
GJ-VER-0085,2026-10-05,3.5175552368164062
GJ-VER-0086,2026-10-05,4.615945816040039
GJ-VER-0087,2026-10-05,5.222275257110596
GJ-VER-0088,2026-10-05,1.1294240951538086
GJ-VER-0089,2026-10-05,3.165576457977295
GJ-VER-0090,2026-10-05,4.511031150817871
GJ-VER-0091,2026-10-05,5.853696346282959
GJ-VER-0092,2026-10-05,1.171973466873169
GJ-VER-0093,2026-10-05,2.6918082237243652
GJ-VER-0094,2026-10-05,4.515806674957275
GJ-VER-0095,2026-10-05,5.331551551818848
GJ-VER-0096,2026-10-05,1.2279605865478516
GJ-VER-0097,2026-10-05,3.871878147125244
GJ-VER-0098,2026-10-05,4.681535243988037
GJ-VER-0099,2026-10-05,5.285942077636719
GJ-VER-0100,2026-10-05,2.551064968109131
GJ-VER-0101,2026-10-05,3.3572444915771484
GJ-VER-0102,2026-10-05,4.573938846588135
GJ-VER-0103,2026-10-05,5.695840835571289
GJ-VER-0104,2026-10-05,5.38340425491333
GJ-VER-0105,2026-10-05,3.153823137283325
GJ-VER-0106,2026-10-05,3.198352575302124
GJ-VER-0107,2026-10-05,4.2970709800720215
GJ-VER-0108,2026-10-05,5.2032790184021
GJ-VER-0109,2026-10-05,5.630417823791504
GJ-VER-0110,2026-10-05,3.1883108615875244
GJ-VER-0111,2026-10-05,3.771926164627075
GJ-VER-0112,2026-10-05,4.651113033294678
GJ-VER-0113,2026-10-05,5.585038185119629
GJ-VER-0114,2026-10-05,3.259115695953369
GJ-VER-0115,2026-10-05,3.5421416759490967
GJ-VER-0116,2026-10-05,4.153899192810059
GJ-VER-0117,2026-10-05,5.28617000579834
GJ-VER-0118,2026-10-05,5.231358051300049
GJ-VER-0119,2026-10-05,3.2209436893463135
GJ-VER-0120,2026-10-05,3.4642863273620605
GJ-VER-0121,2026-10-05,3.90429949760437
GJ-VER-0122,2026-10-05,4.775630474090576
GJ-VER-0123,2026-10-05,6.062977313995361
GJ-VER-0124,2026-10-05,3.3446731567382812
GJ-VER-0125,2026-10-05,3.8254785537719727
GJ-VER-0126,2026-10-05,4.355079650878906
GJ-VER-0127,2026-10-05,5.731638431549072
GJ-VER-0128,2026-10-05,7.671057224273682
GJ-VER-0129,2026-10-05,3.4260833263397217
GJ-VER-0130,2026-10-05,3.707728624343872
GJ-VER-0131,2026-10-05,4.4099955558776855
GJ-VER-0132,2026-10-05,5.3511223793029785
GJ-VER-0133,2026-10-05,7.28592586517334
GJ-VER-0134,2026-10-05,3.9067952632904053
GJ-VER-0135,2026-10-05,3.8503000736236572
GJ-VER-0136,2026-10-05,4.959502696990967
GJ-VER-0137,2026-10-05,6.290781021118164
GJ-VER-0138,2026-10-05,4.721973896026611
GJ-VER-0139,2026-10-05,5.325288772583008
GJ-VER-0140,2026-10-05,6.590734958648682
