node_id,latitude,longitude,district,zone_type,observation_time,wave_height_m,wave_direction_deg,wave_period_s,swell_wave_height_m,swell_wave_direction_deg,swell_wave_period_s,ocean_current_velocity_kmh,ocean_current_direction_deg,sst_celsius,wind_speed_kmph,wind_direction_deg,precipitation_mm,safe_to_venture,hazard_type,source_file
GJ-VER-0001,20.87516585,70.07678103,Gir Somnath,22.2 km seaward operational buffer,2026-08-29T09:45,2.3,241,8.0,1.72,233,7.0,2.0,117,27.2,33.5,262,0.0,True,No hazard,veraval_nodes_REAL_data_20260829_0422.csv
GJ-VER-0002,20.92017704,70.07530903,Gir Somnath,22.2 km seaward operational buffer,2026-08-29T09:45,2.14,241,8.05,1.66,236,7.05,2.1,121,26.9,33.0,262,0.0,True,No hazard,veraval_nodes_REAL_data_20260829_0422.csv
GJ-VER-0003,20.9651879,70.07383312,Gir Somnath,22.2 km seaward operational buffer,2026-08-29T09:45,2.14,241,8.05,1.66,236,7.05,2.1,121,26.9,25.1,267,0.1,True,No hazard,veraval_nodes_REAL_data_20260829_0422.csv
GJ-VER-0004,21.01019843,70.0723533,Gir Somnath,22.2 km seaward operational buffer,2026-08-29T09:45,1.72,240,8.25,1.42,238,7.1,1.9,124,26.6,25.1,267,0.1,True,No hazard,veraval_nodes_REAL_data_20260829_0422.csv
GJ-VER-0005,21.05520861,70.07086956,Gir Somnath,22.2 km seaward operational buffer,2026-08-29T09:45,1.72,240,8.25,1.42,238,7.1,1.9,124,26.6,25.1,267,0.1,True,No hazard,veraval_nodes_REAL_data_20260829_0422.csv
GJ-VER-0006,21.10021846,70.06938189,Gir Somnath,22.2 km seaward operational buffer,2026-08-29T09:45,1.48,242,8.05,1.26,240,7.0,1.8,127,26.4,24.3,263,0.0,True,No hazard,veraval_nodes_REAL_data_20260829_0422.csv
GJ-VER-0007,20.83152605,70.12612866,Gir Somnath,22.2 km seaward operational buffer,2026-08-29T09:45,2.46,240,8.0,1.82,232,7.05,2.2,114,27.3,32.8,263,0.0,True,No hazard,veraval_nodes_REAL_data_20260829_0422.csv
GJ-VER-0008,20.87654082,70.12467471,Gir Somnath,22.2 km seaward operational buffer,2026-08-29T09:45,2.32,240,8.0,1.74,232,7.0,2.3,119,26.9,32.8,263,0.0,True,No hazard,veraval_nodes_REAL_data_20260829_0422.csv
GJ-VER-0009,20.92155525,70.12321689,Gir Somnath,22.2 km seaward operational buffer,2026-08-29T09:45,2.14,240,8.05,1.66,233,6.95,2.3,122,26.5,31.5,265,0.0,True,No hazard,veraval_nodes_REAL_data_20260829_0422.csv
GJ-VER-0010,20.96656935,70.1217552,Gir Somnath,22.2 km seaward operational buffer,2026-08-29T09:45,2.14,240,8.05,1.66,233,6.95,2.3,122,26.5,25.1,267,0.1,True,No hazard,veraval_nodes_REAL_data_20260829_0422.csv
GJ-VER-0011,21.01158311,70.12028964,Gir Somnath,22.2 km seaward operational buffer,2026-08-29T09:45,1.7,235,8.3,1.4,233,6.85,2.1,128,26.4,25.1,267,0.1,True,No hazard,veraval_nodes_REAL_data_20260829_0422.csv
GJ-VER-0012,21.05659653,70.11882019,Gir Somnath,22.2 km seaward operational buffer,2026-08-29T09:45,1.7,235,8.3,1.4,233,6.85,2.1,128,26.4,25.1,267,0.1,True,No hazard,veraval_nodes_REAL_data_20260829_0422.csv
GJ-VER-0013,20.7878662,70.17544804,Gir Somnath,22.2 km seaward operational buffer,2026-08-29T09:45,2.42,240,7.9,1.8,230,7.05,2.4,117,26.7,34.3,263,0.0,True,No hazard,veraval_nodes_REAL_data_20260829_0422.csv
GJ-VER-0014,20.8328845,70.17401206,Gir Somnath,22.2 km seaward operational buffer,2026-08-29T09:45,2.42,240,7.9,1.8,230,7.05,2.4,117,26.7,32.8,263,0.0,True,No hazard,veraval_nodes_REAL_data_20260829_0422.csv
GJ-VER-0015,20.87790246,70.17257226,Gir Somnath,22.2 km seaward operational buffer,2026-08-29T09:45,2.32,240,7.9,1.76,230,6.95,2.4,117,26.3,32.8,263,0.0,True,No hazard,veraval_nodes_REAL_data_20260829_0422.csv
GJ-VER-0016,20.9229201,70.17112863,Gir Somnath,22.2 km seaward operational buffer,2026-08-29T09:45,2.16,239,8.0,1.72,233,6.9,2.2,114,25.9,24.7,269,0.1,True,No hazard,veraval_nodes_REAL_data_20260829_0422.csv
GJ-VER-0017,20.9679374,70.16968116,Gir Somnath,22.2 km seaward operational buffer,2026-08-29T09:45,2.16,239,8.0,1.72,233,6.9,2.2,114,25.9,25.1,267,0.1,True,No hazard,veraval_nodes_REAL_data_20260829_0422.csv
GJ-VER-0018,21.01295437,70.16822986,Gir Somnath,22.2 km seaward operational buffer,2026-08-29T09:45,1.7,235,8.3,1.4,233,6.85,1.7,131,26.3,25.1,267,0.1,True,No hazard,veraval_nodes_REAL_data_20260829_0422.csv
GJ-VER-0019,20.78920817,70.22332115,Gir Somnath,22.2 km seaward operational buffer,2026-08-29T09:45,2.42,240,7.9,1.8,230,7.05,2.4,117,26.7,34.3,263,0.0,True,No hazard,veraval_nodes_REAL_data_20260829_0422.csv
GJ-VER-0020,20.83422964,70.22189929,Gir Somnath,22.2 km seaward operational buffer,2026-08-29T09:45,2.32,240,7.9,1.76,230,6.95,2.4,117,26.3,32.1,264,0.0,True,No hazard,veraval_nodes_REAL_data_20260829_0422.csv
GJ-VER-0021,20.87925078,70.22047364,Gir Somnath,22.2 km seaward operational buffer,2026-08-29T09:45,2.32,240,7.9,1.76,230,6.95,2.4,117,26.3,24.7,269,0.1,True,No hazard,veraval_nodes_REAL_data_20260829_0422.csv
GJ-VER-0022,20.92427159,70.2190442,Gir Somnath,22.2 km seaward operational buffer,2026-08-29T09:45,2.16,239,8.0,1.72,233,6.9,2.2,114,25.9,24.7,269,0.1,True,No hazard,veraval_nodes_REAL_data_20260829_0422.csv
GJ-VER-0023,20.96929207,70.21761096,Gir Somnath,22.2 km seaward operational buffer,2026-08-29T09:45,2.16,239,8.0,1.72,233,6.9,2.2,114,25.9,24.7,269,0.1,True,No hazard,veraval_nodes_REAL_data_20260829_0422.csv
GJ-VER-0024,20.74551194,70.27260204,Gir Somnath,22.2 km seaward operational buffer,2026-08-29T09:45,2.48,242,7.85,1.82,232,7.15,2.3,113,26.7,34.3,263,0.0,True,No hazard,veraval_nodes_REAL_data_20260829_0422.csv
GJ-VER-0025,20.79053688,70.27119804,Gir Somnath,22.2 km seaward operational buffer,2026-08-29T09:45,2.38,240,7.8,1.78,230,7.05,2.4,117,26.3,34.3,263,0.0,True,No hazard,veraval_nodes_REAL_data_20260829_0422.csv
GJ-VER-0026,20.83556148,70.2697903,Gir Somnath,22.2 km seaward operational buffer,2026-08-29T09:45,2.3,240,7.85,1.76,230,6.95,2.4,117,26.0,23.4,266,0.1,True,No hazard,veraval_nodes_REAL_data_20260829_0422.csv
GJ-VER-0027,20.88058576,70.26837881,Gir Somnath,22.2 km seaward operational buffer,2026-08-29T09:45,2.3,240,7.85,1.76,230,6.95,2.4,117,26.0,24.7,269,0.1,True,No hazard,veraval_nodes_REAL_data_20260829_0422.csv
GJ-VER-0028,20.92560971,70.26696356,Gir Somnath,22.2 km seaward operational buffer,2026-08-29T09:45,2.3,240,7.85,1.76,230,6.95,1.8,127,25.8,24.7,269,0.1,True,No hazard,veraval_nodes_REAL_data_20260829_0422.csv
GJ-VER-0029,20.7017959,70.32185479,Gir Somnath,22.2 km seaward operational buffer,2026-08-29T09:45,2.48,242,7.85,1.82,232,7.15,2.3,113,26.7,35.4,265,0.0,True,No hazard,veraval_nodes_REAL_data_20260829_0422.csv
GJ-VER-0030,20.74682427,70.32046858,Gir Somnath,22.2 km seaward operational buffer,2026-08-29T09:45,2.48,242,7.85,1.82,232,7.15,2.3,113,26.7,33.2,263,0.0,True,No hazard,veraval_nodes_REAL_data_20260829_0422.csv
GJ-VER-0031,20.7918523,70.31907867,Gir Somnath,22.2 km seaward operational buffer,2026-08-29T09:45,2.38,240,7.8,1.78,230,7.05,2.4,117,26.3,33.2,263,0.0,True,No hazard,veraval_nodes_REAL_data_20260829_0422.csv
GJ-VER-0032,20.83688002,70.31768506,Gir Somnath,22.2 km seaward operational buffer,2026-08-29T09:45,2.3,240,7.85,1.76,230,6.95,2.4,117,26.0,23.4,266,0.1,True,No hazard,veraval_nodes_REAL_data_20260829_0422.csv
GJ-VER-0033,20.8819074,70.31628773,Gir Somnath,22.2 km seaward operational buffer,2026-08-29T09:45,2.3,240,7.85,1.76,230,6.95,2.4,117,26.0,23.4,266,0.1,True,No hazard,veraval_nodes_REAL_data_20260829_0422.csv
GJ-VER-0034,20.92693447,70.31488669,Gir Somnath,22.2 km seaward operational buffer,2026-08-29T09:45,2.3,240,7.85,1.76,230,6.95,1.8,127,25.8,24.7,269,0.1,True,No hazard,veraval_nodes_REAL_data_20260829_0422.csv
GJ-VER-0035,20.70309191,70.36971098,Gir Somnath,22.2 km seaward operational buffer,2026-08-29T09:45,2.4,242,7.75,1.78,232,7.05,2.5,111,26.3,35.4,265,0.0,True,No hazard,veraval_nodes_REAL_data_20260829_0422.csv
GJ-VER-0036,20.74812334,70.36833883,Gir Somnath,22.2 km seaward operational buffer,2026-08-29T09:45,2.4,242,7.75,1.78,232,7.05,2.5,111,26.3,33.2,263,0.0,True,No hazard,veraval_nodes_REAL_data_20260829_0422.csv
GJ-VER-0037,20.79315445,70.36696301,Gir Somnath,22.2 km seaward operational buffer,2026-08-29T09:45,2.32,240,7.8,1.76,231,7.0,2.6,115,25.8,33.2,263,0.0,True,No hazard,veraval_nodes_REAL_data_20260829_0422.csv
GJ-VER-0038,20.83818524,70.36558353,Gir Somnath,22.2 km seaward operational buffer,2026-08-29T09:45,2.2,240,7.8,1.76,231,6.85,2.3,119,25.6,23.4,266,0.1,True,No hazard,veraval_nodes_REAL_data_20260829_0422.csv
GJ-VER-0039,20.88321571,70.36420037,Gir Somnath,22.2 km seaward operational buffer,2026-08-29T09:45,2.2,240,7.8,1.76,231,6.85,2.3,119,25.6,23.4,266,0.1,True,No hazard,veraval_nodes_REAL_data_20260829_0422.csv
GJ-VER-0040,20.65933989,70.4189253,Gir Somnath,22.2 km seaward operational buffer,2026-08-29T09:45,2.38,243,7.7,1.78,234,7.0,2.4,103,26.6,36.1,267,0.0,True,No hazard,veraval_nodes_REAL_data_20260829_0422.csv
GJ-VER-0041,20.70437469,70.41757083,Gir Somnath,22.2 km seaward operational buffer,2026-08-29T09:45,2.32,242,7.75,1.74,233,7.0,2.6,106,25.9,34.5,266,0.0,True,No hazard,veraval_nodes_REAL_data_20260829_0422.csv
GJ-VER-0042,20.74940916,70.41621274,Gir Somnath,22.2 km seaward operational buffer,2026-08-29T09:45,2.4,242,7.75,1.78,232,7.05,2.5,111,26.3,25.0,264,0.2,True,No hazard,veraval_nodes_REAL_data_20260829_0422.csv
GJ-VER-0043,20.79444332,70.41485102,Gir Somnath,22.2 km seaward operational buffer,2026-08-29T09:45,2.32,240,7.8,1.76,231,7.0,2.6,115,25.8,25.0,264,0.2,True,No hazard,veraval_nodes_REAL_data_20260829_0422.csv
GJ-VER-0044,20.83947715,70.41348568,Gir Somnath,22.2 km seaward operational buffer,2026-08-29T09:45,2.2,240,7.8,1.76,231,6.85,2.3,119,25.6,23.4,266,0.1,True,No hazard,veraval_nodes_REAL_data_20260829_0422.csv
GJ-VER-0045,20.61556832,70.4681116,Gir Somnath,22.2 km seaward operational buffer,2026-08-29T09:45,2.38,243,7.7,1.78,234,7.0,2.4,103,26.6,35.3,268,0.0,True,No hazard,veraval_nodes_REAL_data_20260829_0422.csv
GJ-VER-0046,20.66060644,70.46677474,Gir Somnath,22.2 km seaward operational buffer,2026-08-29T09:45,2.38,243,7.7,1.78,234,7.0,2.4,103,26.6,35.3,268,0.0,True,No hazard,veraval_nodes_REAL_data_20260829_0422.csv
GJ-VER-0047,20.70564424,70.4654343,Gir Somnath,22.2 km seaward operational buffer,2026-08-29T09:45,2.32,242,7.75,1.74,233,7.0,2.6,106,25.9,34.5,266,0.0,True,No hazard,veraval_nodes_REAL_data_20260829_0422.csv
GJ-VER-0048,20.75068172,70.46409028,Gir Somnath,22.2 km seaward operational buffer,2026-08-29T09:45,2.2,240,7.75,1.72,233,6.9,2.5,111,25.4,25.0,264,0.2,True,No hazard,veraval_nodes_REAL_data_20260829_0422.csv
GJ-VER-0049,20.79571889,70.46274267,Gir Somnath,22.2 km seaward operational buffer,2026-08-29T09:45,2.2,240,7.75,1.72,233,6.9,2.5,111,25.4,25.0,264,0.2,True,No hazard,veraval_nodes_REAL_data_20260829_0422.csv
GJ-VER-0050,20.84075574,70.46139146,Gir Somnath,22.2 km seaward operational buffer,2026-08-29T09:45,2.2,240,7.75,1.72,233,6.9,2.1,128,25.1,25.0,264,0.2,True,No hazard,veraval_nodes_REAL_data_20260829_0422.csv
GJ-VER-0051,20.61681869,70.51595063,Gir Somnath,22.2 km seaward operational buffer,2026-08-29T09:45,2.3,243,7.65,1.72,235,6.95,2.8,101,26.4,35.3,268,0.0,True,No hazard,veraval_nodes_REAL_data_20260829_0422.csv
GJ-VER-0052,20.66185978,70.51462777,Gir Somnath,22.2 km seaward operational buffer,2026-08-29T09:45,2.3,243,7.65,1.72,235,6.95,2.8,101,26.4,35.3,268,0.0,True,No hazard,veraval_nodes_REAL_data_20260829_0422.csv
GJ-VER-0053,20.70690056,70.51330136,Gir Somnath,22.2 km seaward operational buffer,2026-08-29T09:45,2.18,241,7.75,1.66,234,7.0,2.8,105,25.7,33.9,267,0.0,True,No hazard,veraval_nodes_REAL_data_20260829_0422.csv
GJ-VER-0054,20.75194103,70.51197141,Gir Somnath,22.2 km seaward operational buffer,2026-08-29T09:45,1.98,239,7.8,1.58,236,6.85,2.6,106,25.4,25.0,264,0.2,True,No hazard,veraval_nodes_REAL_data_20260829_0422.csv
GJ-VER-0055,20.79698117,70.5106379,Gir Somnath,22.2 km seaward operational buffer,2026-08-29T09:45,1.98,239,7.8,1.58,236,6.85,2.6,106,25.4,25.0,264,0.2,True,No hazard,veraval_nodes_REAL_data_20260829_0422.csv
GJ-VER-0056,20.61805589,70.5637932,Gir Somnath,22.2 km seaward operational buffer,2026-08-29T09:45,2.3,243,7.65,1.72,235,6.95,2.8,101,26.4,35.1,268,0.0,True,No hazard,veraval_nodes_REAL_data_20260829_0422.csv
GJ-VER-0057,20.66309993,70.56248433,Gir Somnath,22.2 km seaward operational buffer,2026-08-29T09:45,2.3,243,7.65,1.72,235,6.95,2.8,101,26.4,35.1,268,0.0,True,No hazard,veraval_nodes_REAL_data_20260829_0422.csv
GJ-VER-0058,20.70814365,70.56117196,Gir Somnath,22.2 km seaward operational buffer,2026-08-29T09:45,2.18,241,7.75,1.66,234,7.0,2.8,105,25.7,33.9,267,0.0,True,No hazard,veraval_nodes_REAL_data_20260829_0422.csv
GJ-VER-0059,20.75318706,70.55985608,Gir Somnath,22.2 km seaward operational buffer,2026-08-29T09:45,1.98,239,7.8,1.58,236,6.85,2.6,106,25.4,25.4,263,0.1,True,No hazard,veraval_nodes_REAL_data_20260829_0422.csv
GJ-VER-0060,20.57423265,70.61293066,Gir Somnath,22.2 km seaward operational buffer,2026-08-29T09:45,2.34,245,7.65,1.7,236,7.0,2.7,94,27.1,35.0,266,0.0,True,No hazard,veraval_nodes_REAL_data_20260829_0422.csv
GJ-VER-0061,20.61927992,70.61163926,Gir Somnath,22.2 km seaward operational buffer,2026-08-29T09:45,2.24,243,7.7,1.66,234,6.95,2.9,101,26.3,35.5,266,0.0,True,No hazard,veraval_nodes_REAL_data_20260829_0422.csv
GJ-VER-0062,20.66432687,70.6103444,Gir Somnath,22.2 km seaward operational buffer,2026-08-29T09:45,2.24,243,7.7,1.66,234,6.95,2.9,101,26.3,33.5,266,0.0,True,No hazard,veraval_nodes_REAL_data_20260829_0422.csv
GJ-VER-0063,20.7093735,70.60904607,Gir Somnath,22.2 km seaward operational buffer,2026-08-29T09:45,1.98,239,7.85,1.54,234,6.95,3.0,104,25.5,28.6,264,0.1,True,No hazard,veraval_nodes_REAL_data_20260829_0422.csv
GJ-VER-0064,20.75441983,70.60774428,Gir Somnath,22.2 km seaward operational buffer,2026-08-29T09:45,1.66,239,7.8,1.34,236,6.8,2.8,108,25.2,25.4,263,0.1,True,No hazard,veraval_nodes_REAL_data_20260829_0422.csv
GJ-VER-0065,20.57544062,70.66076621,Gir Somnath,22.2 km seaward operational buffer,2026-08-29T09:45,2.34,245,7.65,1.7,236,7.0,2.7,94,27.1,35.6,264,0.0,True,No hazard,veraval_nodes_REAL_data_20260829_0422.csv
GJ-VER-0066,20.62049076,70.65948879,Gir Somnath,22.2 km seaward operational buffer,2026-08-29T09:45,2.24,243,7.7,1.66,234,6.95,2.9,101,26.3,35.5,266,0.0,True,No hazard,veraval_nodes_REAL_data_20260829_0422.csv
GJ-VER-0067,20.66554059,70.65820794,Gir Somnath,22.2 km seaward operational buffer,2026-08-29T09:45,2.24,243,7.7,1.66,234,6.95,2.9,101,26.3,35.5,266,0.0,True,No hazard,veraval_nodes_REAL_data_20260829_0422.csv
GJ-VER-0068,20.71059011,70.65692366,Gir Somnath,22.2 km seaward operational buffer,2026-08-29T09:45,1.98,239,7.85,1.54,234,6.95,3.0,104,25.5,28.6,264,0.1,True,No hazard,veraval_nodes_REAL_data_20260829_0422.csv
GJ-VER-0069,20.75563932,70.65563594,Gir Somnath,22.2 km seaward operational buffer,2026-08-29T09:45,1.66,239,7.8,1.34,236,6.8,2.8,108,25.2,28.6,264,0.1,True,No hazard,veraval_nodes_REAL_data_20260829_0422.csv
GJ-VER-0070,20.53158213,70.70986525,Gir Somnath,22.2 km seaward operational buffer,2026-08-29T09:45,2.34,245,7.55,1.7,235,7.0,2.9,94,27.0,35.4,262,0.0,True,No hazard,veraval_nodes_REAL_data_20260829_0422.csv
GJ-VER-0071,20.57663543,70.70860519,Gir Somnath,22.2 km seaward operational buffer,2026-08-29T09:45,2.34,245,7.55,1.7,235,7.0,2.9,94,27.0,35.6,264,0.0,True,No hazard,veraval_nodes_REAL_data_20260829_0422.csv
GJ-VER-0072,20.62168842,70.70734174,Gir Somnath,22.2 km seaward operational buffer,2026-08-29T09:45,2.18,242,7.6,1.62,233,6.9,3.3,96,26.2,35.3,264,0.0,True,No hazard,veraval_nodes_REAL_data_20260829_0422.csv
GJ-VER-0073,20.6667411,70.7060749,Gir Somnath,22.2 km seaward operational buffer,2026-08-29T09:45,1.82,237,7.8,1.4,233,6.8,3.1,100,25.6,32.4,265,0.0,True,No hazard,veraval_nodes_REAL_data_20260829_0422.csv
GJ-VER-0074,20.71179348,70.70480468,Gir Somnath,22.2 km seaward operational buffer,2026-08-29T09:45,1.82,237,7.8,1.4,233,6.8,3.1,100,25.6,28.6,264,0.1,True,No hazard,veraval_nodes_REAL_data_20260829_0422.csv
GJ-VER-0075,20.53276097,70.75769366,Gir Somnath,22.2 km seaward operational buffer,2026-08-29T09:45,2.34,245,7.55,1.68,235,7.05,3.1,93,27.0,36.3,263,0.0,True,No hazard,veraval_nodes_REAL_data_20260829_0422.csv
GJ-VER-0076,20.57781709,70.75644754,Gir Somnath,22.2 km seaward operational buffer,2026-08-29T09:45,2.34,245,7.55,1.68,235,7.05,3.1,93,27.0,36.3,263,0.0,True,No hazard,veraval_nodes_REAL_data_20260829_0422.csv
GJ-VER-0077,20.6228729,70.75519808,Gir Somnath,22.2 km seaward operational buffer,2026-08-29T09:45,2.18,242,7.6,1.62,233,6.95,3.3,96,26.1,35.3,264,0.0,True,No hazard,veraval_nodes_REAL_data_20260829_0422.csv
GJ-VER-0078,20.66792839,70.75394526,Gir Somnath,22.2 km seaward operational buffer,2026-08-29T09:45,1.68,237,7.75,1.32,233,6.75,3.3,99,25.5,28.6,264,0.1,True,No hazard,veraval_nodes_REAL_data_20260829_0422.csv
GJ-VER-0079,20.71298359,70.75268909,Gir Somnath,22.2 km seaward operational buffer,2026-08-29T09:45,1.68,237,7.75,1.32,233,6.75,3.3,99,25.5,28.6,264,0.1,True,No hazard,veraval_nodes_REAL_data_20260829_0422.csv
GJ-VER-0080,20.53392669,70.80552542,Gir Somnath,22.2 km seaward operational buffer,2026-08-29T09:45,2.34,245,7.55,1.68,235,7.05,3.1,93,27.0,35.7,262,0.0,True,No hazard,veraval_nodes_REAL_data_20260829_0422.csv
GJ-VER-0081,20.57898558,70.80429325,Gir Somnath,22.2 km seaward operational buffer,2026-08-29T09:45,2.34,245,7.55,1.68,235,7.05,3.1,93,27.0,36.3,263,0.0,True,No hazard,veraval_nodes_REAL_data_20260829_0422.csv
GJ-VER-0082,20.62404418,70.80305777,Gir Somnath,22.2 km seaward operational buffer,2026-08-29T09:45,2.18,242,7.6,1.62,233,6.95,3.3,96,26.1,34.7,263,0.0,True,No hazard,veraval_nodes_REAL_data_20260829_0422.csv
GJ-VER-0083,20.66910246,70.80181898,Gir Somnath,22.2 km seaward operational buffer,2026-08-29T09:45,1.68,237,7.75,1.32,233,6.75,3.3,99,25.5,27.9,264,0.1,True,No hazard,veraval_nodes_REAL_data_20260829_0422.csv
GJ-VER-0084,20.53507927,70.85336048,Gir Somnath,22.2 km seaward operational buffer,2026-08-29T09:45,2.34,245,7.5,1.68,235,7.05,3.2,93,26.9,36.2,262,0.0,True,No hazard,veraval_nodes_REAL_data_20260829_0422.csv
GJ-VER-0085,20.58014092,70.85214226,Gir Somnath,22.2 km seaward operational buffer,2026-08-29T09:45,2.34,245,7.5,1.68,235,7.05,3.2,93,26.9,36.2,262,0.0,True,No hazard,veraval_nodes_REAL_data_20260829_0422.csv
GJ-VER-0086,20.62520226,70.85092077,Gir Somnath,22.2 km seaward operational buffer,2026-08-29T09:45,2.18,241,7.65,1.64,233,6.95,3.4,93,26.0,34.7,263,0.0,True,No hazard,veraval_nodes_REAL_data_20260829_0422.csv
GJ-VER-0087,20.6702633,70.84969601,Gir Somnath,22.2 km seaward operational buffer,2026-08-29T09:45,1.6,234,7.6,1.26,231,6.65,3.3,96,25.7,27.6,263,0.0,True,No hazard,veraval_nodes_REAL_data_20260829_0422.csv
GJ-VER-0088,20.53621871,70.9011988,Gir Somnath,22.2 km seaward operational buffer,2026-08-29T09:45,2.34,245,7.5,1.68,235,7.05,3.2,93,26.9,35.4,261,0.0,True,No hazard,veraval_nodes_REAL_data_20260829_0422.csv
GJ-VER-0089,20.58128308,70.89999455,Gir Somnath,22.2 km seaward operational buffer,2026-08-29T09:45,2.34,245,7.5,1.68,235,7.05,3.2,93,26.9,36.2,262,0.0,True,No hazard,veraval_nodes_REAL_data_20260829_0422.csv
GJ-VER-0090,20.62634715,70.89878705,Gir Somnath,22.2 km seaward operational buffer,2026-08-29T09:45,2.18,241,7.65,1.64,233,6.95,3.4,93,26.0,35.0,261,0.1,True,No hazard,veraval_nodes_REAL_data_20260829_0422.csv
GJ-VER-0091,20.67141091,70.89757632,Gir Somnath,22.2 km seaward operational buffer,2026-08-29T09:45,1.6,234,7.6,1.26,231,6.65,3.3,96,25.7,27.6,263,0.0,True,No hazard,veraval_nodes_REAL_data_20260829_0422.csv
GJ-VER-0092,20.53734501,70.94904036,Gir Somnath,22.2 km seaward operational buffer,2026-08-29T09:45,2.3,246,7.45,1.68,235,7.05,3.2,90,26.8,36.5,261,0.0,True,No hazard,veraval_nodes_REAL_data_20260829_0422.csv
GJ-VER-0093,20.58241207,70.94785006,Gir Somnath,22.2 km seaward operational buffer,2026-08-29T09:45,2.3,246,7.45,1.68,235,7.05,3.2,90,26.8,36.5,261,0.0,True,No hazard,veraval_nodes_REAL_data_20260829_0422.csv
GJ-VER-0094,20.62747883,70.94665657,Gir Somnath,22.2 km seaward operational buffer,2026-08-29T09:45,2.16,240,7.65,1.6,233,6.95,3.4,90,26.0,35.0,261,0.1,True,No hazard,veraval_nodes_REAL_data_20260829_0422.csv
GJ-VER-0095,20.67254529,70.94545987,Gir Somnath,22.2 km seaward operational buffer,2026-08-29T09:45,1.54,233,7.55,1.18,229,6.7,3.1,93,25.9,27.5,261,0.0,True,No hazard,veraval_nodes_REAL_data_20260829_0422.csv
GJ-VER-0096,20.53845817,70.99688511,Gir Somnath,22.2 km seaward operational buffer,2026-08-29T09:45,2.3,246,7.45,1.68,235,7.05,3.2,90,26.8,37.0,260,0.0,True,No hazard,veraval_nodes_REAL_data_20260829_0422.csv
GJ-VER-0097,20.58352789,70.99570878,Gir Somnath,22.2 km seaward operational buffer,2026-08-29T09:45,2.16,240,7.65,1.6,233,6.95,3.4,90,26.0,37.0,260,0.0,True,No hazard,veraval_nodes_REAL_data_20260829_0422.csv
GJ-VER-0098,20.62859731,70.99452929,Gir Somnath,22.2 km seaward operational buffer,2026-08-29T09:45,2.16,240,7.65,1.6,233,6.95,3.4,90,26.0,36.3,261,0.0,True,No hazard,veraval_nodes_REAL_data_20260829_0422.csv
GJ-VER-0099,20.67366643,70.99334663,Gir Somnath,22.2 km seaward operational buffer,2026-08-29T09:45,1.54,233,7.55,1.18,229,6.7,3.1,93,25.9,27.5,261,0.0,True,No hazard,veraval_nodes_REAL_data_20260829_0422.csv
GJ-VER-0100,20.53955818,71.04473301,Gir Somnath,22.2 km seaward operational buffer,2026-08-29T09:45,2.26,245,7.4,1.68,236,6.95,3.2,90,26.8,37.0,260,0.0,True,No hazard,veraval_nodes_REAL_data_20260829_0422.csv
GJ-VER-0101,20.58463052,71.04357065,Gir Somnath,22.2 km seaward operational buffer,2026-08-29T09:45,2.02,240,7.6,1.48,233,7.1,3.2,87,26.0,37.0,260,0.0,True,No hazard,veraval_nodes_REAL_data_20260829_0422.csv
GJ-VER-0102,20.62970257,71.04240517,Gir Somnath,22.2 km seaward operational buffer,2026-08-29T09:45,2.02,240,7.6,1.48,233,7.1,3.2,87,26.0,36.3,261,0.0,True,No hazard,veraval_nodes_REAL_data_20260829_0422.csv
GJ-VER-0103,20.67477432,71.04123656,Gir Somnath,22.2 km seaward operational buffer,2026-08-29T09:45,1.46,234,7.4,1.08,228,6.8,2.9,83,26.0,27.5,259,0.0,True,No hazard,veraval_nodes_REAL_data_20260829_0422.csv
GJ-VER-0104,20.71984577,71.04006482,Gir Somnath,22.2 km seaward operational buffer,2026-08-29T09:45,1.46,234,7.4,1.08,228,6.8,2.9,83,26.0,27.5,259,0.0,True,No hazard,veraval_nodes_REAL_data_20260829_0422.csv
GJ-VER-0105,20.54064504,71.09258403,Gir Somnath,22.2 km seaward operational buffer,2026-08-29T09:45,2.22,245,7.4,1.64,236,6.9,3.3,84,26.8,37.4,260,0.0,True,No hazard,veraval_nodes_REAL_data_20260829_0422.csv
GJ-VER-0106,20.58571998,71.09143565,Gir Somnath,22.2 km seaward operational buffer,2026-08-29T09:45,1.9,241,7.5,1.34,232,7.1,3.3,81,26.1,37.4,260,0.0,True,No hazard,veraval_nodes_REAL_data_20260829_0422.csv
GJ-VER-0107,20.63079462,71.09028418,Gir Somnath,22.2 km seaward operational buffer,2026-08-29T09:45,1.9,241,7.5,1.34,232,7.1,3.3,81,26.1,37.6,260,0.0,True,No hazard,veraval_nodes_REAL_data_20260829_0422.csv
GJ-VER-0108,20.67586897,71.08912962,Gir Somnath,22.2 km seaward operational buffer,2026-08-29T09:45,1.38,235,7.2,1.0,228,6.9,3.0,76,26.0,27.5,259,0.0,True,No hazard,veraval_nodes_REAL_data_20260829_0422.csv
GJ-VER-0109,20.72094302,71.08797196,Gir Somnath,22.2 km seaward operational buffer,2026-08-29T09:45,1.38,235,7.2,1.0,228,6.9,3.0,76,26.0,27.5,259,0.0,True,No hazard,veraval_nodes_REAL_data_20260829_0422.csv
GJ-VER-0110,20.58679624,71.13930373,Gir Somnath,22.2 km seaward operational buffer,2026-08-29T09:45,1.9,241,7.5,1.34,232,7.1,3.3,81,26.1,37.4,260,0.0,True,No hazard,veraval_nodes_REAL_data_20260829_0422.csv
GJ-VER-0111,20.63187345,71.13816627,Gir Somnath,22.2 km seaward operational buffer,2026-08-29T09:45,1.9,241,7.5,1.34,232,7.1,3.3,81,26.1,37.6,260,0.0,True,No hazard,veraval_nodes_REAL_data_20260829_0422.csv
GJ-VER-0112,20.67695037,71.13702577,Gir Somnath,22.2 km seaward operational buffer,2026-08-29T09:45,1.38,235,7.2,1.0,228,6.9,3.0,76,26.0,27.5,259,0.0,True,No hazard,veraval_nodes_REAL_data_20260829_0422.csv
GJ-VER-0113,20.72202699,71.13588221,Gir Somnath,22.2 km seaward operational buffer,2026-08-29T09:45,1.38,235,7.2,1.0,228,6.9,3.0,76,26.0,27.5,259,0.0,True,No hazard,veraval_nodes_REAL_data_20260829_0422.csv
GJ-VER-0114,20.58785932,71.18717485,Gir Somnath,22.2 km seaward operational buffer,2026-08-29T09:45,1.8,241,7.35,1.24,231,7.1,3.0,73,26.3,36.5,260,0.0,True,No hazard,veraval_nodes_REAL_data_20260829_0422.csv
GJ-VER-0115,20.63293906,71.18605142,Gir Somnath,22.2 km seaward operational buffer,2026-08-29T09:45,1.8,241,7.35,1.24,231,7.1,3.0,73,26.3,37.8,260,0.0,True,No hazard,veraval_nodes_REAL_data_20260829_0422.csv
GJ-VER-0116,20.67801851,71.18492497,Gir Somnath,22.2 km seaward operational buffer,2026-08-29T09:45,1.32,237,6.95,0.9,227,7.0,2.9,68,26.2,27.5,259,0.0,True,No hazard,veraval_nodes_REAL_data_20260829_0422.csv
GJ-VER-0117,20.72309767,71.1837955,Gir Somnath,22.2 km seaward operational buffer,2026-08-29T09:45,1.32,237,6.95,0.9,227,7.0,2.9,68,26.2,27.5,259,0.0,True,No hazard,veraval_nodes_REAL_data_20260829_0422.csv
GJ-VER-0118,20.76817653,71.18266302,Gir Somnath,22.2 km seaward operational buffer,2026-08-29T09:45,0.94,232,6.1,0.6,222,6.7,2.7,67,26.8,25.2,261,0.0,True,No hazard,veraval_nodes_REAL_data_20260829_0422.csv
GJ-VER-0119,20.5889092,71.23504899,Gir Somnath,22.2 km seaward operational buffer,2026-08-29T09:45,1.8,241,7.35,1.24,231,7.1,3.0,73,26.3,36.5,260,0.0,True,No hazard,veraval_nodes_REAL_data_20260829_0422.csv
GJ-VER-0120,20.63399145,71.23393958,Gir Somnath,22.2 km seaward operational buffer,2026-08-29T09:45,1.8,241,7.35,1.24,231,7.1,3.0,73,26.3,37.8,260,0.0,True,No hazard,veraval_nodes_REAL_data_20260829_0422.csv
GJ-VER-0121,20.6790734,71.23282719,Gir Somnath,22.2 km seaward operational buffer,2026-08-29T09:45,1.32,237,6.95,0.9,227,7.0,2.9,68,26.2,36.6,258,0.0,True,No hazard,veraval_nodes_REAL_data_20260829_0422.csv
GJ-VER-0122,20.72415507,71.23171182,Gir Somnath,22.2 km seaward operational buffer,2026-08-29T09:45,1.32,237,6.95,0.9,227,7.0,2.9,68,26.2,36.6,258,0.0,True,No hazard,veraval_nodes_REAL_data_20260829_0422.csv
GJ-VER-0123,20.76923643,71.23059347,Gir Somnath,22.2 km seaward operational buffer,2026-08-29T09:45,0.94,232,6.1,0.6,222,6.7,2.7,67,26.8,25.8,260,0.1,True,No hazard,veraval_nodes_REAL_data_20260829_0422.csv
GJ-VER-0124,20.63503061,71.28183071,Gir Somnath,22.2 km seaward operational buffer,2026-08-29T09:45,1.76,241,7.2,1.18,231,7.1,3.0,73,26.5,37.3,260,0.0,True,No hazard,veraval_nodes_REAL_data_20260829_0422.csv
GJ-VER-0125,20.68011503,71.28073239,Gir Somnath,22.2 km seaward operational buffer,2026-08-29T09:45,1.3,237,6.75,0.84,227,6.95,2.9,68,26.4,36.6,258,0.0,True,No hazard,veraval_nodes_REAL_data_20260829_0422.csv
GJ-VER-0126,20.72519917,71.27963113,Gir Somnath,22.2 km seaward operational buffer,2026-08-29T09:45,1.3,237,6.75,0.84,227,6.95,2.9,68,26.4,36.6,258,0.0,True,No hazard,veraval_nodes_REAL_data_20260829_0422.csv
GJ-VER-0127,20.77028301,71.27852692,Gir Somnath,22.2 km seaward operational buffer,2026-08-29T09:45,0.98,232,6.1,0.58,222,6.75,2.8,63,26.8,25.8,260,0.1,True,No hazard,veraval_nodes_REAL_data_20260829_0422.csv
GJ-VER-0128,20.81536657,71.27741976,Gir Somnath,22.2 km seaward operational buffer,2026-08-29T09:45,0.98,232,6.1,0.58,222,6.75,2.8,63,26.8,25.8,260,0.1,True,No hazard,veraval_nodes_REAL_data_20260829_0422.csv
GJ-VER-0129,20.63605653,71.32972479,Gir Somnath,22.2 km seaward operational buffer,2026-08-29T09:45,1.76,241,7.2,1.18,231,7.1,3.0,73,26.5,37.3,260,0.0,True,No hazard,veraval_nodes_REAL_data_20260829_0422.csv
GJ-VER-0130,20.6811434,71.32864054,Gir Somnath,22.2 km seaward operational buffer,2026-08-29T09:45,1.3,237,6.75,0.84,227,6.95,2.9,68,26.4,37.5,259,0.0,True,No hazard,veraval_nodes_REAL_data_20260829_0422.csv
GJ-VER-0131,20.72622998,71.32755338,Gir Somnath,22.2 km seaward operational buffer,2026-08-29T09:45,1.3,237,6.75,0.84,227,6.95,2.9,68,26.4,37.5,259,0.0,True,No hazard,veraval_nodes_REAL_data_20260829_0422.csv
GJ-VER-0132,20.77131627,71.32646331,Gir Somnath,22.2 km seaward operational buffer,2026-08-29T09:45,0.98,232,6.1,0.58,222,6.75,2.8,63,26.8,25.8,260,0.1,True,No hazard,veraval_nodes_REAL_data_20260829_0422.csv
GJ-VER-0133,20.81640226,71.32537034,Gir Somnath,22.2 km seaward operational buffer,2026-08-29T09:45,0.98,232,6.1,0.58,222,6.75,2.8,63,26.8,25.8,260,0.1,True,No hazard,veraval_nodes_REAL_data_20260829_0422.csv
GJ-VER-0134,20.6821585,71.37655158,Gir Somnath,22.2 km seaward operational buffer,2026-08-29T09:45,1.38,237,6.65,0.84,225,6.95,2.9,68,26.5,37.5,259,0.0,True,No hazard,veraval_nodes_REAL_data_20260829_0422.csv
GJ-VER-0135,20.72724749,71.37547854,Gir Somnath,22.2 km seaward operational buffer,2026-08-29T09:45,1.38,237,6.65,0.84,225,6.95,2.9,68,26.5,37.5,259,0.0,True,No hazard,veraval_nodes_REAL_data_20260829_0422.csv
GJ-VER-0136,20.77233619,71.37440262,Gir Somnath,22.2 km seaward operational buffer,2026-08-29T09:45,1.06,233,6.15,0.62,221,6.65,2.7,67,26.9,34.4,258,0.0,True,No hazard,veraval_nodes_REAL_data_20260829_0422.csv
GJ-VER-0137,20.8174246,71.37332383,Gir Somnath,22.2 km seaward operational buffer,2026-08-29T09:45,1.06,233,6.15,0.62,221,6.65,2.7,67,26.9,23.8,260,0.1,True,No hazard,veraval_nodes_REAL_data_20260829_0422.csv
GJ-VER-0138,20.77334278,71.4223448,Gir Somnath,22.2 km seaward operational buffer,2026-08-29T09:45,1.22,232,6.4,0.7,220,6.65,2.7,70,27.1,34.9,259,0.0,True,No hazard,veraval_nodes_REAL_data_20260829_0422.csv
GJ-VER-0139,20.81843357,71.4212802,Gir Somnath,22.2 km seaward operational buffer,2026-08-29T09:45,1.22,232,6.4,0.7,220,6.65,2.7,70,27.1,23.8,260,0.1,True,No hazard,veraval_nodes_REAL_data_20260829_0422.csv
GJ-VER-0140,20.86352407,71.42021276,Gir Somnath,22.2 km seaward operational buffer,2026-08-29T09:45,0.88,232,6.0,0.54,220,5.95,2.5,69,27.8,23.8,260,0.1,True,No hazard,veraval_nodes_REAL_data_20260829_0422.csv
GJ-VER-0001,20.87516585,70.07678103,Gir Somnath,22.2 km seaward operational buffer,2026-08-31T00:00,2.22,243,7.9,1.84,244,6.9,2.4,126,27.0,31.0,253,0.0,True,No hazard,veraval_nodes_REAL_data_20260830_1833.csv
GJ-VER-0002,20.92017704,70.07530903,Gir Somnath,22.2 km seaward operational buffer,2026-08-31T00:00,2.1,244,8.0,1.8,245,7.0,2.3,129,26.6,31.3,254,0.0,True,No hazard,veraval_nodes_REAL_data_20260830_1833.csv
GJ-VER-0003,20.9651879,70.07383312,Gir Somnath,22.2 km seaward operational buffer,2026-08-31T00:00,2.1,244,8.0,1.8,245,7.0,2.3,129,26.6,20.5,253,0.0,True,No hazard,veraval_nodes_REAL_data_20260830_1833.csv
GJ-VER-0004,21.01019843,70.0723533,Gir Somnath,22.2 km seaward operational buffer,2026-08-31T00:00,1.7,243,8.3,1.54,245,7.1,2.2,132,26.4,20.5,253,0.0,True,No hazard,veraval_nodes_REAL_data_20260830_1833.csv
GJ-VER-0005,21.05520861,70.07086956,Gir Somnath,22.2 km seaward operational buffer,2026-08-31T00:00,1.7,243,8.3,1.54,245,7.1,2.2,132,26.4,20.5,253,0.0,True,No hazard,veraval_nodes_REAL_data_20260830_1833.csv
GJ-VER-0006,21.10021846,70.06938189,Gir Somnath,22.2 km seaward operational buffer,2026-08-31T00:00,1.48,245,8.2,1.36,245,7.05,2.1,128,26.2,18.6,250,0.0,True,No hazard,veraval_nodes_REAL_data_20260830_1833.csv
GJ-VER-0007,20.83152605,70.12612866,Gir Somnath,22.2 km seaward operational buffer,2026-08-31T00:00,2.34,242,7.95,1.96,242,6.95,2.6,124,27.2,31.1,255,0.0,True,No hazard,veraval_nodes_REAL_data_20260830_1833.csv
GJ-VER-0008,20.87654082,70.12467471,Gir Somnath,22.2 km seaward operational buffer,2026-08-31T00:00,2.22,242,7.9,1.84,242,6.9,2.6,124,26.8,31.1,255,0.0,True,No hazard,veraval_nodes_REAL_data_20260830_1833.csv
GJ-VER-0009,20.92155525,70.12321689,Gir Somnath,22.2 km seaward operational buffer,2026-08-31T00:00,2.08,242,8.0,1.76,242,6.9,2.6,129,26.5,29.8,255,0.0,True,No hazard,veraval_nodes_REAL_data_20260830_1833.csv
GJ-VER-0010,20.96656935,70.1217552,Gir Somnath,22.2 km seaward operational buffer,2026-08-31T00:00,2.08,242,8.0,1.76,242,6.9,2.6,129,26.5,20.5,253,0.0,True,No hazard,veraval_nodes_REAL_data_20260830_1833.csv
GJ-VER-0011,21.01158311,70.12028964,Gir Somnath,22.2 km seaward operational buffer,2026-08-31T00:00,1.66,237,8.25,1.48,240,6.85,2.3,135,26.3,20.5,253,0.0,True,No hazard,veraval_nodes_REAL_data_20260830_1833.csv
GJ-VER-0012,21.05659653,70.11882019,Gir Somnath,22.2 km seaward operational buffer,2026-08-31T00:00,1.66,237,8.25,1.48,240,6.85,2.3,135,26.3,20.5,253,0.0,True,No hazard,veraval_nodes_REAL_data_20260830_1833.csv
GJ-VER-0013,20.7878662,70.17544804,Gir Somnath,22.2 km seaward operational buffer,2026-08-31T00:00,2.32,241,7.9,1.92,240,6.95,2.7,122,26.8,31.7,255,0.0,True,No hazard,veraval_nodes_REAL_data_20260830_1833.csv
GJ-VER-0014,20.8328845,70.17401206,Gir Somnath,22.2 km seaward operational buffer,2026-08-31T00:00,2.32,241,7.9,1.92,240,6.95,2.7,122,26.8,31.1,255,0.0,True,No hazard,veraval_nodes_REAL_data_20260830_1833.csv
GJ-VER-0015,20.87790246,70.17257226,Gir Somnath,22.2 km seaward operational buffer,2026-08-31T00:00,2.22,241,7.9,1.88,240,6.85,2.8,125,26.4,31.1,255,0.0,True,No hazard,veraval_nodes_REAL_data_20260830_1833.csv
GJ-VER-0016,20.9229201,70.17112863,Gir Somnath,22.2 km seaward operational buffer,2026-08-31T00:00,2.08,240,8.0,1.8,241,6.8,2.4,126,26.1,19.9,255,0.0,True,No hazard,veraval_nodes_REAL_data_20260830_1833.csv
GJ-VER-0017,20.9679374,70.16968116,Gir Somnath,22.2 km seaward operational buffer,2026-08-31T00:00,2.08,240,8.0,1.8,241,6.8,2.4,126,26.1,20.5,253,0.0,True,No hazard,veraval_nodes_REAL_data_20260830_1833.csv
GJ-VER-0018,21.01295437,70.16822986,Gir Somnath,22.2 km seaward operational buffer,2026-08-31T00:00,1.66,237,8.25,1.48,240,6.85,2.0,135,26.4,20.5,253,0.0,True,No hazard,veraval_nodes_REAL_data_20260830_1833.csv
GJ-VER-0019,20.78920817,70.22332115,Gir Somnath,22.2 km seaward operational buffer,2026-08-31T00:00,2.32,241,7.9,1.92,240,6.95,2.7,122,26.8,33.0,256,0.0,True,No hazard,veraval_nodes_REAL_data_20260830_1833.csv
GJ-VER-0020,20.83422964,70.22189929,Gir Somnath,22.2 km seaward operational buffer,2026-08-31T00:00,2.22,241,7.9,1.88,240,6.85,2.8,125,26.4,31.6,257,0.0,True,No hazard,veraval_nodes_REAL_data_20260830_1833.csv
GJ-VER-0021,20.87925078,70.22047364,Gir Somnath,22.2 km seaward operational buffer,2026-08-31T00:00,2.22,241,7.9,1.88,240,6.85,2.8,125,26.4,19.9,255,0.0,True,No hazard,veraval_nodes_REAL_data_20260830_1833.csv
GJ-VER-0022,20.92427159,70.2190442,Gir Somnath,22.2 km seaward operational buffer,2026-08-31T00:00,2.08,240,8.0,1.8,241,6.8,2.4,126,26.1,19.9,255,0.0,True,No hazard,veraval_nodes_REAL_data_20260830_1833.csv
GJ-VER-0023,20.96929207,70.21761096,Gir Somnath,22.2 km seaward operational buffer,2026-08-31T00:00,2.08,240,8.0,1.8,241,6.8,2.4,126,26.1,19.9,255,0.0,True,No hazard,veraval_nodes_REAL_data_20260830_1833.csv
GJ-VER-0024,20.74551194,70.27260204,Gir Somnath,22.2 km seaward operational buffer,2026-08-31T00:00,2.38,244,7.85,1.94,243,7.05,2.7,118,26.7,33.0,256,0.0,True,No hazard,veraval_nodes_REAL_data_20260830_1833.csv
GJ-VER-0025,20.79053688,70.27119804,Gir Somnath,22.2 km seaward operational buffer,2026-08-31T00:00,2.28,241,7.85,1.9,240,6.95,2.7,122,26.3,33.0,256,0.0,True,No hazard,veraval_nodes_REAL_data_20260830_1833.csv
GJ-VER-0026,20.83556148,70.2697903,Gir Somnath,22.2 km seaward operational buffer,2026-08-31T00:00,2.18,241,7.9,1.88,240,6.85,2.7,122,26.0,19.0,258,0.0,True,No hazard,veraval_nodes_REAL_data_20260830_1833.csv
GJ-VER-0027,20.88058576,70.26837881,Gir Somnath,22.2 km seaward operational buffer,2026-08-31T00:00,2.18,241,7.9,1.88,240,6.85,2.7,122,26.0,19.9,255,0.0,True,No hazard,veraval_nodes_REAL_data_20260830_1833.csv
GJ-VER-0028,20.92560971,70.26696356,Gir Somnath,22.2 km seaward operational buffer,2026-08-31T00:00,2.18,241,7.9,1.88,240,6.85,2.2,132,25.9,19.9,255,0.0,True,No hazard,veraval_nodes_REAL_data_20260830_1833.csv
GJ-VER-0029,20.7017959,70.32185479,Gir Somnath,22.2 km seaward operational buffer,2026-08-31T00:00,2.38,244,7.85,1.94,243,7.05,2.7,118,26.7,31.2,256,0.0,True,No hazard,veraval_nodes_REAL_data_20260830_1833.csv
GJ-VER-0030,20.74682427,70.32046858,Gir Somnath,22.2 km seaward operational buffer,2026-08-31T00:00,2.38,244,7.85,1.94,243,7.05,2.7,118,26.7,31.4,257,0.0,True,No hazard,veraval_nodes_REAL_data_20260830_1833.csv
GJ-VER-0031,20.7918523,70.31907867,Gir Somnath,22.2 km seaward operational buffer,2026-08-31T00:00,2.28,241,7.85,1.9,240,6.95,2.7,122,26.3,31.4,257,0.0,True,No hazard,veraval_nodes_REAL_data_20260830_1833.csv
GJ-VER-0032,20.83688002,70.31768506,Gir Somnath,22.2 km seaward operational buffer,2026-08-31T00:00,2.18,241,7.9,1.88,240,6.85,2.7,122,26.0,19.0,258,0.0,True,No hazard,veraval_nodes_REAL_data_20260830_1833.csv
GJ-VER-0033,20.8819074,70.31628773,Gir Somnath,22.2 km seaward operational buffer,2026-08-31T00:00,2.18,241,7.9,1.88,240,6.85,2.7,122,26.0,19.0,258,0.0,True,No hazard,veraval_nodes_REAL_data_20260830_1833.csv
GJ-VER-0034,20.92693447,70.31488669,Gir Somnath,22.2 km seaward operational buffer,2026-08-31T00:00,2.18,241,7.9,1.88,240,6.85,2.2,132,25.9,19.9,255,0.0,True,No hazard,veraval_nodes_REAL_data_20260830_1833.csv
GJ-VER-0035,20.70309191,70.36971098,Gir Somnath,22.2 km seaward operational buffer,2026-08-31T00:00,2.3,244,7.8,1.9,242,7.0,2.9,120,26.4,31.2,256,0.0,True,No hazard,veraval_nodes_REAL_data_20260830_1833.csv
GJ-VER-0036,20.74812334,70.36833883,Gir Somnath,22.2 km seaward operational buffer,2026-08-31T00:00,2.3,244,7.8,1.9,242,7.0,2.9,120,26.4,31.4,257,0.0,True,No hazard,veraval_nodes_REAL_data_20260830_1833.csv
GJ-VER-0037,20.79315445,70.36696301,Gir Somnath,22.2 km seaward operational buffer,2026-08-31T00:00,2.2,241,7.85,1.88,239,6.9,2.9,120,26.0,31.4,257,0.0,True,No hazard,veraval_nodes_REAL_data_20260830_1833.csv
GJ-VER-0038,20.83818524,70.36558353,Gir Somnath,22.2 km seaward operational buffer,2026-08-31T00:00,2.1,241,7.9,1.86,239,6.75,2.6,124,25.8,19.0,258,0.0,True,No hazard,veraval_nodes_REAL_data_20260830_1833.csv
GJ-VER-0039,20.88321571,70.36420037,Gir Somnath,22.2 km seaward operational buffer,2026-08-31T00:00,2.1,241,7.9,1.86,239,6.75,2.6,124,25.8,19.0,258,0.0,True,No hazard,veraval_nodes_REAL_data_20260830_1833.csv
GJ-VER-0040,20.65933989,70.4189253,Gir Somnath,22.2 km seaward operational buffer,2026-08-31T00:00,2.3,245,7.75,1.86,244,7.0,2.8,117,26.5,31.0,255,0.0,True,No hazard,veraval_nodes_REAL_data_20260830_1833.csv
GJ-VER-0041,20.70437469,70.41757083,Gir Somnath,22.2 km seaward operational buffer,2026-08-31T00:00,2.22,243,7.8,1.84,242,6.9,3.1,118,26.0,29.0,257,0.0,True,No hazard,veraval_nodes_REAL_data_20260830_1833.csv
GJ-VER-0042,20.74940916,70.41621274,Gir Somnath,22.2 km seaward operational buffer,2026-08-31T00:00,2.3,244,7.8,1.9,242,7.0,2.9,120,26.4,18.6,258,0.0,True,No hazard,veraval_nodes_REAL_data_20260830_1833.csv
GJ-VER-0043,20.79444332,70.41485102,Gir Somnath,22.2 km seaward operational buffer,2026-08-31T00:00,2.2,241,7.85,1.88,239,6.9,2.9,120,26.0,18.6,258,0.0,True,No hazard,veraval_nodes_REAL_data_20260830_1833.csv
GJ-VER-0044,20.83947715,70.41348568,Gir Somnath,22.2 km seaward operational buffer,2026-08-31T00:00,2.1,241,7.9,1.86,239,6.75,2.6,124,25.8,19.0,258,0.0,True,No hazard,veraval_nodes_REAL_data_20260830_1833.csv
GJ-VER-0045,20.61556832,70.4681116,Gir Somnath,22.2 km seaward operational buffer,2026-08-31T00:00,2.3,245,7.75,1.86,244,7.0,2.8,117,26.5,29.6,256,0.0,True,No hazard,veraval_nodes_REAL_data_20260830_1833.csv
GJ-VER-0046,20.66060644,70.46677474,Gir Somnath,22.2 km seaward operational buffer,2026-08-31T00:00,2.3,245,7.75,1.86,244,7.0,2.8,117,26.5,29.6,256,0.0,True,No hazard,veraval_nodes_REAL_data_20260830_1833.csv
GJ-VER-0047,20.70564424,70.4654343,Gir Somnath,22.2 km seaward operational buffer,2026-08-31T00:00,2.22,243,7.8,1.84,242,6.9,3.1,118,26.0,29.0,257,0.0,True,No hazard,veraval_nodes_REAL_data_20260830_1833.csv
GJ-VER-0048,20.75068172,70.46409028,Gir Somnath,22.2 km seaward operational buffer,2026-08-31T00:00,2.08,240,7.85,1.82,240,6.8,2.9,120,25.5,18.6,258,0.0,True,No hazard,veraval_nodes_REAL_data_20260830_1833.csv
GJ-VER-0049,20.79571889,70.46274267,Gir Somnath,22.2 km seaward operational buffer,2026-08-31T00:00,2.08,240,7.85,1.82,240,6.8,2.9,120,25.5,18.6,258,0.0,True,No hazard,veraval_nodes_REAL_data_20260830_1833.csv
GJ-VER-0050,20.84075574,70.46139146,Gir Somnath,22.2 km seaward operational buffer,2026-08-31T00:00,2.08,240,7.85,1.82,240,6.8,2.4,132,25.1,18.6,258,0.0,True,No hazard,veraval_nodes_REAL_data_20260830_1833.csv
GJ-VER-0051,20.61681869,70.51595063,Gir Somnath,22.2 km seaward operational buffer,2026-08-31T00:00,2.22,244,7.7,1.84,244,6.9,3.1,111,26.2,29.6,256,0.0,True,No hazard,veraval_nodes_REAL_data_20260830_1833.csv
GJ-VER-0052,20.66185978,70.51462777,Gir Somnath,22.2 km seaward operational buffer,2026-08-31T00:00,2.22,244,7.7,1.84,244,6.9,3.1,111,26.2,29.6,256,0.0,True,No hazard,veraval_nodes_REAL_data_20260830_1833.csv
GJ-VER-0053,20.70690056,70.51330136,Gir Somnath,22.2 km seaward operational buffer,2026-08-31T00:00,2.08,242,7.85,1.78,242,6.85,3.1,114,25.7,27.2,258,0.0,True,No hazard,veraval_nodes_REAL_data_20260830_1833.csv
GJ-VER-0054,20.75194103,70.51197141,Gir Somnath,22.2 km seaward operational buffer,2026-08-31T00:00,1.9,240,7.9,1.7,241,6.7,3.0,115,25.4,18.6,258,0.0,True,No hazard,veraval_nodes_REAL_data_20260830_1833.csv
GJ-VER-0055,20.79698117,70.5106379,Gir Somnath,22.2 km seaward operational buffer,2026-08-31T00:00,1.9,240,7.9,1.7,241,6.7,3.0,115,25.4,18.6,258,0.0,True,No hazard,veraval_nodes_REAL_data_20260830_1833.csv
GJ-VER-0056,20.61805589,70.5637932,Gir Somnath,22.2 km seaward operational buffer,2026-08-31T00:00,2.22,244,7.7,1.84,244,6.9,3.1,111,26.2,28.7,258,0.0,True,No hazard,veraval_nodes_REAL_data_20260830_1833.csv
GJ-VER-0057,20.66309993,70.56248433,Gir Somnath,22.2 km seaward operational buffer,2026-08-31T00:00,2.22,244,7.7,1.84,244,6.9,3.1,111,26.2,28.7,258,0.0,True,No hazard,veraval_nodes_REAL_data_20260830_1833.csv
GJ-VER-0058,20.70814365,70.56117196,Gir Somnath,22.2 km seaward operational buffer,2026-08-31T00:00,2.08,242,7.85,1.78,242,6.85,3.1,114,25.7,27.2,258,0.0,True,No hazard,veraval_nodes_REAL_data_20260830_1833.csv
GJ-VER-0059,20.75318706,70.55985608,Gir Somnath,22.2 km seaward operational buffer,2026-08-31T00:00,1.9,240,7.9,1.7,241,6.7,3.0,115,25.4,16.9,256,0.0,True,No hazard,veraval_nodes_REAL_data_20260830_1833.csv
GJ-VER-0060,20.57423265,70.61293066,Gir Somnath,22.2 km seaward operational buffer,2026-08-31T00:00,2.24,246,7.65,1.84,246,6.9,3.0,104,26.5,28.6,256,0.0,True,No hazard,veraval_nodes_REAL_data_20260830_1833.csv
GJ-VER-0061,20.61927992,70.61163926,Gir Somnath,22.2 km seaward operational buffer,2026-08-31T00:00,2.12,243,7.7,1.76,242,6.9,3.2,109,25.8,27.6,258,0.0,True,No hazard,veraval_nodes_REAL_data_20260830_1833.csv
GJ-VER-0062,20.66432687,70.6103444,Gir Somnath,22.2 km seaward operational buffer,2026-08-31T00:00,2.12,243,7.7,1.76,242,6.9,3.2,109,25.8,25.3,259,0.0,True,No hazard,veraval_nodes_REAL_data_20260830_1833.csv
GJ-VER-0063,20.7093735,70.60904607,Gir Somnath,22.2 km seaward operational buffer,2026-08-31T00:00,1.9,240,7.85,1.62,241,6.8,3.1,111,25.3,18.0,258,0.0,True,No hazard,veraval_nodes_REAL_data_20260830_1833.csv
GJ-VER-0064,20.75441983,70.60774428,Gir Somnath,22.2 km seaward operational buffer,2026-08-31T00:00,1.56,239,7.9,1.42,240,6.6,3.0,115,25.0,16.9,256,0.0,True,No hazard,veraval_nodes_REAL_data_20260830_1833.csv
GJ-VER-0065,20.57544062,70.66076621,Gir Somnath,22.2 km seaward operational buffer,2026-08-31T00:00,2.24,246,7.65,1.84,246,6.9,3.0,104,26.5,27.9,256,0.0,True,No hazard,veraval_nodes_REAL_data_20260830_1833.csv
GJ-VER-0066,20.62049076,70.65948879,Gir Somnath,22.2 km seaward operational buffer,2026-08-31T00:00,2.12,243,7.7,1.76,242,6.9,3.2,109,25.8,27.6,258,0.0,True,No hazard,veraval_nodes_REAL_data_20260830_1833.csv
GJ-VER-0067,20.66554059,70.65820794,Gir Somnath,22.2 km seaward operational buffer,2026-08-31T00:00,2.12,243,7.7,1.76,242,6.9,3.2,109,25.8,27.6,258,0.0,True,No hazard,veraval_nodes_REAL_data_20260830_1833.csv
GJ-VER-0068,20.71059011,70.65692366,Gir Somnath,22.2 km seaward operational buffer,2026-08-31T00:00,1.9,240,7.85,1.62,241,6.8,3.1,111,25.3,18.0,258,0.0,True,No hazard,veraval_nodes_REAL_data_20260830_1833.csv
GJ-VER-0069,20.75563932,70.65563594,Gir Somnath,22.2 km seaward operational buffer,2026-08-31T00:00,1.56,239,7.9,1.42,240,6.6,3.0,115,25.0,18.0,258,0.0,True,No hazard,veraval_nodes_REAL_data_20260830_1833.csv
GJ-VER-0070,20.53158213,70.70986525,Gir Somnath,22.2 km seaward operational buffer,2026-08-31T00:00,2.22,245,7.65,1.84,245,6.9,3.3,99,26.4,28.0,254,0.0,True,No hazard,veraval_nodes_REAL_data_20260830_1833.csv
GJ-VER-0071,20.57663543,70.70860519,Gir Somnath,22.2 km seaward operational buffer,2026-08-31T00:00,2.22,245,7.65,1.84,245,6.9,3.3,99,26.4,27.9,256,0.0,True,No hazard,veraval_nodes_REAL_data_20260830_1833.csv
GJ-VER-0072,20.62168842,70.70734174,Gir Somnath,22.2 km seaward operational buffer,2026-08-31T00:00,2.08,242,7.7,1.7,241,6.85,3.5,105,25.6,25.6,258,0.0,True,No hazard,veraval_nodes_REAL_data_20260830_1833.csv
GJ-VER-0073,20.6667411,70.7060749,Gir Somnath,22.2 km seaward operational buffer,2026-08-31T00:00,1.72,237,7.8,1.48,239,6.7,3.6,108,25.3,22.1,260,0.0,True,No hazard,veraval_nodes_REAL_data_20260830_1833.csv
GJ-VER-0074,20.71179348,70.70480468,Gir Somnath,22.2 km seaward operational buffer,2026-08-31T00:00,1.72,237,7.8,1.48,239,6.7,3.6,108,25.3,18.0,258,0.0,True,No hazard,veraval_nodes_REAL_data_20260830_1833.csv
GJ-VER-0075,20.53276097,70.75769366,Gir Somnath,22.2 km seaward operational buffer,2026-08-31T00:00,2.2,245,7.65,1.84,245,6.9,3.6,96,26.3,27.3,256,0.0,True,No hazard,veraval_nodes_REAL_data_20260830_1833.csv
GJ-VER-0076,20.57781709,70.75644754,Gir Somnath,22.2 km seaward operational buffer,2026-08-31T00:00,2.2,245,7.65,1.84,245,6.9,3.6,96,26.3,27.3,256,0.0,True,No hazard,veraval_nodes_REAL_data_20260830_1833.csv
GJ-VER-0077,20.6228729,70.75519808,Gir Somnath,22.2 km seaward operational buffer,2026-08-31T00:00,2.06,242,7.7,1.72,241,6.8,3.6,99,25.5,25.6,258,0.0,True,No hazard,veraval_nodes_REAL_data_20260830_1833.csv
GJ-VER-0078,20.66792839,70.75394526,Gir Somnath,22.2 km seaward operational buffer,2026-08-31T00:00,1.58,237,7.75,1.38,239,6.55,3.5,102,25.1,18.0,258,0.0,True,No hazard,veraval_nodes_REAL_data_20260830_1833.csv
GJ-VER-0079,20.71298359,70.75268909,Gir Somnath,22.2 km seaward operational buffer,2026-08-31T00:00,1.58,237,7.75,1.38,239,6.55,3.5,102,25.1,18.0,258,0.0,True,No hazard,veraval_nodes_REAL_data_20260830_1833.csv
GJ-VER-0080,20.53392669,70.80552542,Gir Somnath,22.2 km seaward operational buffer,2026-08-31T00:00,2.2,245,7.65,1.84,245,6.9,3.6,96,26.3,28.2,255,0.0,True,No hazard,veraval_nodes_REAL_data_20260830_1833.csv
GJ-VER-0081,20.57898558,70.80429325,Gir Somnath,22.2 km seaward operational buffer,2026-08-31T00:00,2.2,245,7.65,1.84,245,6.9,3.6,96,26.3,27.3,256,0.0,True,No hazard,veraval_nodes_REAL_data_20260830_1833.csv
GJ-VER-0082,20.62404418,70.80305777,Gir Somnath,22.2 km seaward operational buffer,2026-08-31T00:00,2.06,242,7.7,1.72,241,6.8,3.6,99,25.5,23.6,258,0.0,True,No hazard,veraval_nodes_REAL_data_20260830_1833.csv
GJ-VER-0083,20.66910246,70.80181898,Gir Somnath,22.2 km seaward operational buffer,2026-08-31T00:00,1.58,237,7.75,1.38,239,6.55,3.5,102,25.1,16.1,260,0.0,True,No hazard,veraval_nodes_REAL_data_20260830_1833.csv
GJ-VER-0084,20.53507927,70.85336048,Gir Somnath,22.2 km seaward operational buffer,2026-08-31T00:00,2.18,245,7.65,1.82,244,7.0,3.6,90,26.2,26.9,256,0.0,True,No hazard,veraval_nodes_REAL_data_20260830_1833.csv
GJ-VER-0085,20.58014092,70.85214226,Gir Somnath,22.2 km seaward operational buffer,2026-08-31T00:00,2.18,245,7.65,1.82,244,7.0,3.6,90,26.2,26.9,256,0.0,True,No hazard,veraval_nodes_REAL_data_20260830_1833.csv
GJ-VER-0086,20.62520226,70.85092077,Gir Somnath,22.2 km seaward operational buffer,2026-08-31T00:00,2.06,241,7.75,1.74,240,6.85,3.8,93,25.4,23.6,258,0.0,True,No hazard,veraval_nodes_REAL_data_20260830_1833.csv
GJ-VER-0087,20.6702633,70.84969601,Gir Somnath,22.2 km seaward operational buffer,2026-08-31T00:00,1.48,234,7.7,1.3,235,6.5,3.3,96,25.2,15.0,260,0.0,True,No hazard,veraval_nodes_REAL_data_20260830_1833.csv
GJ-VER-0088,20.53621871,70.9011988,Gir Somnath,22.2 km seaward operational buffer,2026-08-31T00:00,2.18,245,7.65,1.82,244,7.0,3.6,90,26.2,28.1,256,0.0,True,No hazard,veraval_nodes_REAL_data_20260830_1833.csv
GJ-VER-0089,20.58128308,70.89999455,Gir Somnath,22.2 km seaward operational buffer,2026-08-31T00:00,2.18,245,7.65,1.82,244,7.0,3.6,90,26.2,26.9,256,0.0,True,No hazard,veraval_nodes_REAL_data_20260830_1833.csv
GJ-VER-0090,20.62634715,70.89878705,Gir Somnath,22.2 km seaward operational buffer,2026-08-31T00:00,2.06,241,7.75,1.74,240,6.85,3.8,93,25.4,23.0,258,0.0,True,No hazard,veraval_nodes_REAL_data_20260830_1833.csv
GJ-VER-0091,20.67141091,70.89757632,Gir Somnath,22.2 km seaward operational buffer,2026-08-31T00:00,1.48,234,7.7,1.3,235,6.5,3.3,96,25.2,15.0,260,0.0,True,No hazard,veraval_nodes_REAL_data_20260830_1833.csv
GJ-VER-0092,20.53734501,70.94904036,Gir Somnath,22.2 km seaward operational buffer,2026-08-31T00:00,2.14,245,7.6,1.8,241,7.1,3.8,87,26.2,26.4,256,0.0,True,No hazard,veraval_nodes_REAL_data_20260830_1833.csv
GJ-VER-0093,20.58241207,70.94785006,Gir Somnath,22.2 km seaward operational buffer,2026-08-31T00:00,2.14,245,7.6,1.8,241,7.1,3.8,87,26.2,26.4,256,0.0,True,No hazard,veraval_nodes_REAL_data_20260830_1833.csv
GJ-VER-0094,20.62747883,70.94665657,Gir Somnath,22.2 km seaward operational buffer,2026-08-31T00:00,2.02,240,7.8,1.72,239,6.9,3.8,87,25.4,23.0,258,0.0,True,No hazard,veraval_nodes_REAL_data_20260830_1833.csv
GJ-VER-0095,20.67254529,70.94545987,Gir Somnath,22.2 km seaward operational buffer,2026-08-31T00:00,1.42,231,7.7,1.24,231,6.55,3.4,87,25.5,14.6,260,0.0,True,No hazard,veraval_nodes_REAL_data_20260830_1833.csv
GJ-VER-0096,20.53845817,70.99688511,Gir Somnath,22.2 km seaward operational buffer,2026-08-31T00:00,2.14,245,7.6,1.8,241,7.1,3.8,87,26.2,26.4,255,0.0,True,No hazard,veraval_nodes_REAL_data_20260830_1833.csv
GJ-VER-0097,20.58352789,70.99570878,Gir Somnath,22.2 km seaward operational buffer,2026-08-31T00:00,2.02,240,7.8,1.72,239,6.9,3.8,87,25.4,26.4,255,0.0,True,No hazard,veraval_nodes_REAL_data_20260830_1833.csv
GJ-VER-0098,20.62859731,70.99452929,Gir Somnath,22.2 km seaward operational buffer,2026-08-31T00:00,2.02,240,7.8,1.72,239,6.9,3.8,87,25.4,24.0,257,0.0,True,No hazard,veraval_nodes_REAL_data_20260830_1833.csv
GJ-VER-0099,20.67366643,70.99334663,Gir Somnath,22.2 km seaward operational buffer,2026-08-31T00:00,1.42,231,7.7,1.24,231,6.55,3.4,87,25.5,14.6,260,0.0,True,No hazard,veraval_nodes_REAL_data_20260830_1833.csv
GJ-VER-0100,20.53955818,71.04473301,Gir Somnath,22.2 km seaward operational buffer,2026-08-31T00:00,2.1,245,7.6,1.78,241,7.0,4.0,85,26.2,26.4,255,0.0,True,No hazard,veraval_nodes_REAL_data_20260830_1833.csv
GJ-VER-0101,20.58463052,71.04357065,Gir Somnath,22.2 km seaward operational buffer,2026-08-31T00:00,1.86,240,7.75,1.6,239,6.9,3.8,79,25.5,26.4,255,0.0,True,No hazard,veraval_nodes_REAL_data_20260830_1833.csv
GJ-VER-0102,20.62970257,71.04240517,Gir Somnath,22.2 km seaward operational buffer,2026-08-31T00:00,1.86,240,7.75,1.6,239,6.9,3.8,79,25.5,24.0,257,0.0,True,No hazard,veraval_nodes_REAL_data_20260830_1833.csv
GJ-VER-0103,20.67477432,71.04123656,Gir Somnath,22.2 km seaward operational buffer,2026-08-31T00:00,1.32,231,7.65,1.16,229,6.65,3.5,78,25.7,15.6,259,0.0,True,No hazard,veraval_nodes_REAL_data_20260830_1833.csv
GJ-VER-0104,20.71984577,71.04006482,Gir Somnath,22.2 km seaward operational buffer,2026-08-31T00:00,1.32,231,7.65,1.16,229,6.65,3.5,78,25.7,15.6,259,0.0,True,No hazard,veraval_nodes_REAL_data_20260830_1833.csv
GJ-VER-0105,20.54064504,71.09258403,Gir Somnath,22.2 km seaward operational buffer,2026-08-31T00:00,2.04,244,7.6,1.72,243,6.85,4.0,80,26.2,26.1,255,0.0,True,No hazard,veraval_nodes_REAL_data_20260830_1833.csv
GJ-VER-0106,20.58571998,71.09143565,Gir Somnath,22.2 km seaward operational buffer,2026-08-31T00:00,1.72,240,7.65,1.46,238,6.85,3.8,73,25.6,26.1,255,0.0,True,No hazard,veraval_nodes_REAL_data_20260830_1833.csv
GJ-VER-0107,20.63079462,71.09028418,Gir Somnath,22.2 km seaward operational buffer,2026-08-31T00:00,1.72,240,7.65,1.46,238,6.85,3.8,73,25.6,25.4,256,0.0,True,No hazard,veraval_nodes_REAL_data_20260830_1833.csv
GJ-VER-0108,20.67586897,71.08912962,Gir Somnath,22.2 km seaward operational buffer,2026-08-31T00:00,1.24,232,7.55,1.04,229,6.6,3.6,70,25.8,15.6,259,0.0,True,No hazard,veraval_nodes_REAL_data_20260830_1833.csv
GJ-VER-0109,20.72094302,71.08797196,Gir Somnath,22.2 km seaward operational buffer,2026-08-31T00:00,1.24,232,7.55,1.04,229,6.6,3.6,70,25.8,15.6,259,0.0,True,No hazard,veraval_nodes_REAL_data_20260830_1833.csv
GJ-VER-0110,20.58679624,71.13930373,Gir Somnath,22.2 km seaward operational buffer,2026-08-31T00:00,1.72,240,7.65,1.46,238,6.85,3.8,73,25.6,26.1,255,0.0,True,No hazard,veraval_nodes_REAL_data_20260830_1833.csv
GJ-VER-0111,20.63187345,71.13816627,Gir Somnath,22.2 km seaward operational buffer,2026-08-31T00:00,1.72,240,7.65,1.46,238,6.85,3.8,73,25.6,25.4,256,0.0,True,No hazard,veraval_nodes_REAL_data_20260830_1833.csv
GJ-VER-0112,20.67695037,71.13702577,Gir Somnath,22.2 km seaward operational buffer,2026-08-31T00:00,1.24,232,7.55,1.04,229,6.6,3.6,70,25.8,15.6,259,0.0,True,No hazard,veraval_nodes_REAL_data_20260830_1833.csv
GJ-VER-0113,20.72202699,71.13588221,Gir Somnath,22.2 km seaward operational buffer,2026-08-31T00:00,1.24,232,7.55,1.04,229,6.6,3.6,70,25.8,15.6,259,0.0,True,No hazard,veraval_nodes_REAL_data_20260830_1833.csv
GJ-VER-0114,20.58785932,71.18717485,Gir Somnath,22.2 km seaward operational buffer,2026-08-31T00:00,1.64,239,7.5,1.34,236,6.85,3.8,71,25.9,25.5,254,0.0,True,No hazard,veraval_nodes_REAL_data_20260830_1833.csv
GJ-VER-0115,20.63293906,71.18605142,Gir Somnath,22.2 km seaward operational buffer,2026-08-31T00:00,1.64,239,7.5,1.34,236,6.85,3.8,71,25.9,25.6,256,0.0,True,No hazard,veraval_nodes_REAL_data_20260830_1833.csv
GJ-VER-0116,20.67801851,71.18492497,Gir Somnath,22.2 km seaward operational buffer,2026-08-31T00:00,1.16,233,7.25,0.96,229,6.55,3.9,68,25.9,15.6,259,0.0,True,No hazard,veraval_nodes_REAL_data_20260830_1833.csv
GJ-VER-0117,20.72309767,71.1837955,Gir Somnath,22.2 km seaward operational buffer,2026-08-31T00:00,1.16,233,7.25,0.96,229,6.55,3.9,68,25.9,15.6,259,0.0,True,No hazard,veraval_nodes_REAL_data_20260830_1833.csv
GJ-VER-0118,20.76817653,71.18266302,Gir Somnath,22.2 km seaward operational buffer,2026-08-31T00:00,0.76,225,6.7,0.6,224,6.6,3.7,67,26.5,14.5,256,0.0,True,No hazard,veraval_nodes_REAL_data_20260830_1833.csv
GJ-VER-0119,20.5889092,71.23504899,Gir Somnath,22.2 km seaward operational buffer,2026-08-31T00:00,1.64,239,7.5,1.34,236,6.85,3.8,71,25.9,25.5,254,0.0,True,No hazard,veraval_nodes_REAL_data_20260830_1833.csv
GJ-VER-0120,20.63399145,71.23393958,Gir Somnath,22.2 km seaward operational buffer,2026-08-31T00:00,1.64,239,7.5,1.34,236,6.85,3.8,71,25.9,25.6,256,0.0,True,No hazard,veraval_nodes_REAL_data_20260830_1833.csv
GJ-VER-0121,20.6790734,71.23282719,Gir Somnath,22.2 km seaward operational buffer,2026-08-31T00:00,1.16,233,7.25,0.96,229,6.55,3.9,68,25.9,24.7,257,0.0,True,No hazard,veraval_nodes_REAL_data_20260830_1833.csv
GJ-VER-0122,20.72415507,71.23171182,Gir Somnath,22.2 km seaward operational buffer,2026-08-31T00:00,1.16,233,7.25,0.96,229,6.55,3.9,68,25.9,24.7,257,0.0,True,No hazard,veraval_nodes_REAL_data_20260830_1833.csv
GJ-VER-0123,20.76923643,71.23059347,Gir Somnath,22.2 km seaward operational buffer,2026-08-31T00:00,0.76,225,6.7,0.6,224,6.6,3.7,67,26.5,15.6,255,0.0,True,No hazard,veraval_nodes_REAL_data_20260830_1833.csv
GJ-VER-0124,20.63503061,71.28183071,Gir Somnath,22.2 km seaward operational buffer,2026-08-31T00:00,1.58,239,7.35,1.26,236,6.85,4.0,69,26.1,25.7,255,0.0,True,No hazard,veraval_nodes_REAL_data_20260830_1833.csv
GJ-VER-0125,20.68011503,71.28073239,Gir Somnath,22.2 km seaward operational buffer,2026-08-31T00:00,1.14,233,7.0,0.9,229,6.55,4.1,67,26.1,24.7,257,0.0,True,No hazard,veraval_nodes_REAL_data_20260830_1833.csv
GJ-VER-0126,20.72519917,71.27963113,Gir Somnath,22.2 km seaward operational buffer,2026-08-31T00:00,1.14,233,7.0,0.9,229,6.55,4.1,67,26.1,24.7,257,0.0,True,No hazard,veraval_nodes_REAL_data_20260830_1833.csv
GJ-VER-0127,20.77028301,71.27852692,Gir Somnath,22.2 km seaward operational buffer,2026-08-31T00:00,0.8,225,6.5,0.58,224,6.55,3.9,66,26.6,15.6,255,0.0,True,No hazard,veraval_nodes_REAL_data_20260830_1833.csv
GJ-VER-0128,20.81536657,71.27741976,Gir Somnath,22.2 km seaward operational buffer,2026-08-31T00:00,0.8,225,6.5,0.58,224,6.55,3.9,66,26.6,15.6,255,0.0,True,No hazard,veraval_nodes_REAL_data_20260830_1833.csv
GJ-VER-0129,20.63605653,71.32972479,Gir Somnath,22.2 km seaward operational buffer,2026-08-31T00:00,1.58,239,7.35,1.26,236,6.85,4.0,69,26.1,25.7,255,0.0,True,No hazard,veraval_nodes_REAL_data_20260830_1833.csv
GJ-VER-0130,20.6811434,71.32864054,Gir Somnath,22.2 km seaward operational buffer,2026-08-31T00:00,1.14,233,7.0,0.9,229,6.55,4.1,67,26.1,27.1,256,0.0,True,No hazard,veraval_nodes_REAL_data_20260830_1833.csv
GJ-VER-0131,20.72622998,71.32755338,Gir Somnath,22.2 km seaward operational buffer,2026-08-31T00:00,1.14,233,7.0,0.9,229,6.55,4.1,67,26.1,27.1,256,0.0,True,No hazard,veraval_nodes_REAL_data_20260830_1833.csv
GJ-VER-0132,20.77131627,71.32646331,Gir Somnath,22.2 km seaward operational buffer,2026-08-31T00:00,0.8,225,6.5,0.58,224,6.55,3.9,66,26.6,15.6,255,0.0,True,No hazard,veraval_nodes_REAL_data_20260830_1833.csv
GJ-VER-0133,20.81640226,71.32537034,Gir Somnath,22.2 km seaward operational buffer,2026-08-31T00:00,0.8,225,6.5,0.58,224,6.55,3.9,66,26.6,15.6,255,0.0,True,No hazard,veraval_nodes_REAL_data_20260830_1833.csv
GJ-VER-0134,20.6821585,71.37655158,Gir Somnath,22.2 km seaward operational buffer,2026-08-31T00:00,1.18,234,6.8,0.9,227,6.6,4.3,68,26.3,27.1,256,0.0,True,No hazard,veraval_nodes_REAL_data_20260830_1833.csv
GJ-VER-0135,20.72724749,71.37547854,Gir Somnath,22.2 km seaward operational buffer,2026-08-31T00:00,1.18,234,6.8,0.9,227,6.6,4.3,68,26.3,27.1,256,0.0,True,No hazard,veraval_nodes_REAL_data_20260830_1833.csv
GJ-VER-0136,20.77233619,71.37440262,Gir Somnath,22.2 km seaward operational buffer,2026-08-31T00:00,0.88,228,6.35,0.64,223,6.35,4.1,67,26.7,23.6,257,0.0,True,No hazard,veraval_nodes_REAL_data_20260830_1833.csv
GJ-VER-0137,20.8174246,71.37332383,Gir Somnath,22.2 km seaward operational buffer,2026-08-31T00:00,0.88,228,6.35,0.64,223,6.35,4.1,67,26.7,14.3,251,0.0,True,No hazard,veraval_nodes_REAL_data_20260830_1833.csv
GJ-VER-0138,20.77334278,71.4223448,Gir Somnath,22.2 km seaward operational buffer,2026-08-31T00:00,1.04,230,6.35,0.76,220,6.2,4.4,69,26.7,26.7,256,0.0,True,No hazard,veraval_nodes_REAL_data_20260830_1833.csv
GJ-VER-0139,20.81843357,71.4212802,Gir Somnath,22.2 km seaward operational buffer,2026-08-31T00:00,1.04,230,6.35,0.76,220,6.2,4.4,69,26.7,14.3,251,0.0,True,No hazard,veraval_nodes_REAL_data_20260830_1833.csv
GJ-VER-0140,20.86352407,71.42021276,Gir Somnath,22.2 km seaward operational buffer,2026-08-31T00:00,0.72,230,5.95,0.52,220,5.85,4.0,72,27.6,14.3,251,0.0,True,No hazard,veraval_nodes_REAL_data_20260830_1833.csv
GJ-VER-0001,20.87516585,70.07678103,Gir Somnath,22.2 km seaward operational buffer,2026-08-30T04:00,2.32,243,7.75,1.66,244,7.1,1.0,121,27.1,32.7,253,0.0,True,No hazard,veraval_nodes_REAL_data_20260829_2236.csv
GJ-VER-0002,20.92017704,70.07530903,Gir Somnath,22.2 km seaward operational buffer,2026-08-30T04:00,2.2,244,7.8,1.62,245,7.15,1.0,135,26.7,33.1,253,0.0,True,No hazard,veraval_nodes_REAL_data_20260829_2236.csv
GJ-VER-0003,20.9651879,70.07383312,Gir Somnath,22.2 km seaward operational buffer,2026-08-30T04:00,2.2,244,7.8,1.62,245,7.15,1.0,135,26.7,22.4,253,0.0,True,No hazard,veraval_nodes_REAL_data_20260829_2236.csv
GJ-VER-0004,21.01019843,70.0723533,Gir Somnath,22.2 km seaward operational buffer,2026-08-30T04:00,1.74,244,8.1,1.36,244,7.25,1.3,135,26.4,22.4,253,0.0,True,No hazard,veraval_nodes_REAL_data_20260829_2236.csv
GJ-VER-0005,21.05520861,70.07086956,Gir Somnath,22.2 km seaward operational buffer,2026-08-30T04:00,1.74,244,8.1,1.36,244,7.25,1.3,135,26.4,22.4,253,0.0,True,No hazard,veraval_nodes_REAL_data_20260829_2236.csv
GJ-VER-0006,21.10021846,70.06938189,Gir Somnath,22.2 km seaward operational buffer,2026-08-30T04:00,1.48,245,7.95,1.26,246,7.05,1.0,135,26.2,20.2,251,0.0,True,No hazard,veraval_nodes_REAL_data_20260829_2236.csv
GJ-VER-0007,20.83152605,70.12612866,Gir Somnath,22.2 km seaward operational buffer,2026-08-30T04:00,2.44,242,7.75,1.76,242,7.1,0.9,127,27.1,33.6,254,0.0,True,No hazard,veraval_nodes_REAL_data_20260829_2236.csv
GJ-VER-0008,20.87654082,70.12467471,Gir Somnath,22.2 km seaward operational buffer,2026-08-30T04:00,2.32,242,7.7,1.68,242,7.05,1.0,135,26.7,33.6,254,0.0,True,No hazard,veraval_nodes_REAL_data_20260829_2236.csv
GJ-VER-0009,20.92155525,70.12321689,Gir Somnath,22.2 km seaward operational buffer,2026-08-30T04:00,2.16,242,7.8,1.6,242,7.05,1.2,141,26.5,32.5,254,0.0,True,No hazard,veraval_nodes_REAL_data_20260829_2236.csv
GJ-VER-0010,20.96656935,70.1217552,Gir Somnath,22.2 km seaward operational buffer,2026-08-30T04:00,2.16,242,7.8,1.6,242,7.05,1.2,141,26.5,22.4,253,0.0,True,No hazard,veraval_nodes_REAL_data_20260829_2236.csv
GJ-VER-0011,21.01158311,70.12028964,Gir Somnath,22.2 km seaward operational buffer,2026-08-30T04:00,1.7,237,8.05,1.38,239,6.95,0.9,143,26.3,22.4,253,0.0,True,No hazard,veraval_nodes_REAL_data_20260829_2236.csv
GJ-VER-0012,21.05659653,70.11882019,Gir Somnath,22.2 km seaward operational buffer,2026-08-30T04:00,1.7,237,8.05,1.38,239,6.95,0.9,143,26.3,22.4,253,0.0,True,No hazard,veraval_nodes_REAL_data_20260829_2236.csv
GJ-VER-0013,20.7878662,70.17544804,Gir Somnath,22.2 km seaward operational buffer,2026-08-30T04:00,2.42,242,7.7,1.76,240,7.1,1.2,129,26.6,33.5,254,0.0,True,No hazard,veraval_nodes_REAL_data_20260829_2236.csv
GJ-VER-0014,20.8328845,70.17401206,Gir Somnath,22.2 km seaward operational buffer,2026-08-30T04:00,2.42,242,7.7,1.76,240,7.1,1.2,129,26.6,33.6,254,0.0,True,No hazard,veraval_nodes_REAL_data_20260829_2236.csv
GJ-VER-0015,20.87790246,70.17257226,Gir Somnath,22.2 km seaward operational buffer,2026-08-30T04:00,2.32,242,7.7,1.74,240,7.0,1.3,135,26.2,33.6,254,0.0,True,No hazard,veraval_nodes_REAL_data_20260829_2236.csv
GJ-VER-0016,20.9229201,70.17112863,Gir Somnath,22.2 km seaward operational buffer,2026-08-30T04:00,2.18,241,7.8,1.7,240,6.9,0.9,127,25.9,21.3,253,0.0,True,No hazard,veraval_nodes_REAL_data_20260829_2236.csv
GJ-VER-0017,20.9679374,70.16968116,Gir Somnath,22.2 km seaward operational buffer,2026-08-30T04:00,2.18,241,7.8,1.7,240,6.9,0.9,127,25.9,22.4,253,0.0,True,No hazard,veraval_nodes_REAL_data_20260829_2236.csv
GJ-VER-0018,21.01295437,70.16822986,Gir Somnath,22.2 km seaward operational buffer,2026-08-30T04:00,1.7,237,8.05,1.38,239,6.95,0.4,153,26.3,22.4,253,0.0,True,No hazard,veraval_nodes_REAL_data_20260829_2236.csv
GJ-VER-0019,20.78920817,70.22332115,Gir Somnath,22.2 km seaward operational buffer,2026-08-30T04:00,2.42,242,7.7,1.76,240,7.1,1.2,129,26.6,34.3,255,0.0,True,No hazard,veraval_nodes_REAL_data_20260829_2236.csv
GJ-VER-0020,20.83422964,70.22189929,Gir Somnath,22.2 km seaward operational buffer,2026-08-30T04:00,2.32,242,7.7,1.74,240,7.0,1.3,135,26.2,33.8,255,0.0,True,No hazard,veraval_nodes_REAL_data_20260829_2236.csv
GJ-VER-0021,20.87925078,70.22047364,Gir Somnath,22.2 km seaward operational buffer,2026-08-30T04:00,2.32,242,7.7,1.74,240,7.0,1.3,135,26.2,21.3,253,0.0,True,No hazard,veraval_nodes_REAL_data_20260829_2236.csv
GJ-VER-0022,20.92427159,70.2190442,Gir Somnath,22.2 km seaward operational buffer,2026-08-30T04:00,2.18,241,7.8,1.7,240,6.9,0.9,127,25.9,21.3,253,0.0,True,No hazard,veraval_nodes_REAL_data_20260829_2236.csv
GJ-VER-0023,20.96929207,70.21761096,Gir Somnath,22.2 km seaward operational buffer,2026-08-30T04:00,2.18,241,7.8,1.7,240,6.9,0.9,127,25.9,21.3,253,0.0,True,No hazard,veraval_nodes_REAL_data_20260829_2236.csv
GJ-VER-0024,20.74551194,70.27260204,Gir Somnath,22.2 km seaward operational buffer,2026-08-30T04:00,2.46,245,7.7,1.8,241,7.1,1.0,135,26.5,34.3,255,0.0,True,No hazard,veraval_nodes_REAL_data_20260829_2236.csv
GJ-VER-0025,20.79053688,70.27119804,Gir Somnath,22.2 km seaward operational buffer,2026-08-30T04:00,2.36,242,7.65,1.76,240,7.05,1.0,121,26.1,34.3,255,0.0,True,No hazard,veraval_nodes_REAL_data_20260829_2236.csv
GJ-VER-0026,20.83556148,70.2697903,Gir Somnath,22.2 km seaward operational buffer,2026-08-30T04:00,2.28,242,7.7,1.76,240,6.9,1.0,121,25.8,21.0,254,0.0,True,No hazard,veraval_nodes_REAL_data_20260829_2236.csv
GJ-VER-0027,20.88058576,70.26837881,Gir Somnath,22.2 km seaward operational buffer,2026-08-30T04:00,2.28,242,7.7,1.76,240,6.9,1.0,121,25.8,21.3,253,0.0,True,No hazard,veraval_nodes_REAL_data_20260829_2236.csv
GJ-VER-0028,20.92560971,70.26696356,Gir Somnath,22.2 km seaward operational buffer,2026-08-30T04:00,2.28,242,7.7,1.76,240,6.9,0.6,162,25.7,21.3,253,0.0,True,No hazard,veraval_nodes_REAL_data_20260829_2236.csv
GJ-VER-0029,20.7017959,70.32185479,Gir Somnath,22.2 km seaward operational buffer,2026-08-30T04:00,2.46,245,7.7,1.8,241,7.1,1.0,135,26.5,33.1,255,0.0,True,No hazard,veraval_nodes_REAL_data_20260829_2236.csv
GJ-VER-0030,20.74682427,70.32046858,Gir Somnath,22.2 km seaward operational buffer,2026-08-30T04:00,2.46,245,7.7,1.8,241,7.1,1.0,135,26.5,33.3,256,0.1,True,No hazard,veraval_nodes_REAL_data_20260829_2236.csv
GJ-VER-0031,20.7918523,70.31907867,Gir Somnath,22.2 km seaward operational buffer,2026-08-30T04:00,2.36,242,7.65,1.76,240,7.05,1.0,121,26.1,33.3,256,0.1,True,No hazard,veraval_nodes_REAL_data_20260829_2236.csv
GJ-VER-0032,20.83688002,70.31768506,Gir Somnath,22.2 km seaward operational buffer,2026-08-30T04:00,2.28,242,7.7,1.76,240,6.9,1.0,121,25.8,21.0,254,0.0,True,No hazard,veraval_nodes_REAL_data_20260829_2236.csv
GJ-VER-0033,20.8819074,70.31628773,Gir Somnath,22.2 km seaward operational buffer,2026-08-30T04:00,2.28,242,7.7,1.76,240,6.9,1.0,121,25.8,21.0,254,0.0,True,No hazard,veraval_nodes_REAL_data_20260829_2236.csv
GJ-VER-0034,20.92693447,70.31488669,Gir Somnath,22.2 km seaward operational buffer,2026-08-30T04:00,2.28,242,7.7,1.76,240,6.9,0.6,162,25.7,21.3,253,0.0,True,No hazard,veraval_nodes_REAL_data_20260829_2236.csv
GJ-VER-0035,20.70309191,70.36971098,Gir Somnath,22.2 km seaward operational buffer,2026-08-30T04:00,2.36,245,7.65,1.78,242,7.05,1.2,129,26.2,33.1,255,0.0,True,No hazard,veraval_nodes_REAL_data_20260829_2236.csv
GJ-VER-0036,20.74812334,70.36833883,Gir Somnath,22.2 km seaward operational buffer,2026-08-30T04:00,2.36,245,7.65,1.78,242,7.05,1.2,129,26.2,33.3,256,0.1,True,No hazard,veraval_nodes_REAL_data_20260829_2236.csv
GJ-VER-0037,20.79315445,70.36696301,Gir Somnath,22.2 km seaward operational buffer,2026-08-30T04:00,2.3,242,7.65,1.76,240,6.95,1.2,129,25.9,33.3,256,0.1,True,No hazard,veraval_nodes_REAL_data_20260829_2236.csv
GJ-VER-0038,20.83818524,70.36558353,Gir Somnath,22.2 km seaward operational buffer,2026-08-30T04:00,2.18,242,7.7,1.78,240,6.75,0.9,127,25.7,21.0,254,0.0,True,No hazard,veraval_nodes_REAL_data_20260829_2236.csv
GJ-VER-0039,20.88321571,70.36420037,Gir Somnath,22.2 km seaward operational buffer,2026-08-30T04:00,2.18,242,7.7,1.78,240,6.75,0.9,127,25.7,21.0,254,0.0,True,No hazard,veraval_nodes_REAL_data_20260829_2236.csv
GJ-VER-0040,20.65933989,70.4189253,Gir Somnath,22.2 km seaward operational buffer,2026-08-30T04:00,2.36,246,7.6,1.74,245,7.05,0.9,127,26.3,32.6,253,0.0,True,No hazard,veraval_nodes_REAL_data_20260829_2236.csv
GJ-VER-0041,20.70437469,70.41757083,Gir Somnath,22.2 km seaward operational buffer,2026-08-30T04:00,2.28,244,7.6,1.72,242,6.95,1.2,129,25.8,32.2,255,0.0,True,No hazard,veraval_nodes_REAL_data_20260829_2236.csv
GJ-VER-0042,20.74940916,70.41621274,Gir Somnath,22.2 km seaward operational buffer,2026-08-30T04:00,2.36,245,7.65,1.78,242,7.05,1.2,129,26.2,21.4,255,0.0,True,No hazard,veraval_nodes_REAL_data_20260829_2236.csv
GJ-VER-0043,20.79444332,70.41485102,Gir Somnath,22.2 km seaward operational buffer,2026-08-30T04:00,2.3,242,7.65,1.76,240,6.95,1.2,129,25.9,21.4,255,0.0,True,No hazard,veraval_nodes_REAL_data_20260829_2236.csv
GJ-VER-0044,20.83947715,70.41348568,Gir Somnath,22.2 km seaward operational buffer,2026-08-30T04:00,2.18,242,7.7,1.78,240,6.75,0.9,127,25.7,21.0,254,0.0,True,No hazard,veraval_nodes_REAL_data_20260829_2236.csv
GJ-VER-0045,20.61556832,70.4681116,Gir Somnath,22.2 km seaward operational buffer,2026-08-30T04:00,2.36,246,7.6,1.74,245,7.05,0.9,127,26.3,32.5,254,0.0,True,No hazard,veraval_nodes_REAL_data_20260829_2236.csv
GJ-VER-0046,20.66060644,70.46677474,Gir Somnath,22.2 km seaward operational buffer,2026-08-30T04:00,2.36,246,7.6,1.74,245,7.05,0.9,127,26.3,32.5,254,0.0,True,No hazard,veraval_nodes_REAL_data_20260829_2236.csv
GJ-VER-0047,20.70564424,70.4654343,Gir Somnath,22.2 km seaward operational buffer,2026-08-30T04:00,2.28,244,7.6,1.72,242,6.95,1.2,129,25.8,32.2,255,0.0,True,No hazard,veraval_nodes_REAL_data_20260829_2236.csv
GJ-VER-0048,20.75068172,70.46409028,Gir Somnath,22.2 km seaward operational buffer,2026-08-30T04:00,2.16,241,7.65,1.72,241,6.85,1.2,129,25.3,21.4,255,0.0,True,No hazard,veraval_nodes_REAL_data_20260829_2236.csv
GJ-VER-0049,20.79571889,70.46274267,Gir Somnath,22.2 km seaward operational buffer,2026-08-30T04:00,2.16,241,7.65,1.72,241,6.85,1.2,129,25.3,21.4,255,0.0,True,No hazard,veraval_nodes_REAL_data_20260829_2236.csv
GJ-VER-0050,20.84075574,70.46139146,Gir Somnath,22.2 km seaward operational buffer,2026-08-30T04:00,2.16,241,7.65,1.72,241,6.85,0.6,162,25.0,21.4,255,0.0,True,No hazard,veraval_nodes_REAL_data_20260829_2236.csv
GJ-VER-0051,20.61681869,70.51595063,Gir Somnath,22.2 km seaward operational buffer,2026-08-30T04:00,2.28,245,7.55,1.66,243,7.05,1.0,121,26.1,32.5,254,0.0,True,No hazard,veraval_nodes_REAL_data_20260829_2236.csv
GJ-VER-0052,20.66185978,70.51462777,Gir Somnath,22.2 km seaward operational buffer,2026-08-30T04:00,2.28,245,7.55,1.66,243,7.05,1.0,121,26.1,32.5,254,0.0,True,No hazard,veraval_nodes_REAL_data_20260829_2236.csv
GJ-VER-0053,20.70690056,70.51330136,Gir Somnath,22.2 km seaward operational buffer,2026-08-30T04:00,2.14,243,7.6,1.64,242,6.95,1.2,129,25.5,31.9,256,0.0,True,No hazard,veraval_nodes_REAL_data_20260829_2236.csv
GJ-VER-0054,20.75194103,70.51197141,Gir Somnath,22.2 km seaward operational buffer,2026-08-30T04:00,1.96,241,7.65,1.58,241,6.75,0.9,127,25.3,21.4,255,0.0,True,No hazard,veraval_nodes_REAL_data_20260829_2236.csv
GJ-VER-0055,20.79698117,70.5106379,Gir Somnath,22.2 km seaward operational buffer,2026-08-30T04:00,1.96,241,7.65,1.58,241,6.75,0.9,127,25.3,21.4,255,0.0,True,No hazard,veraval_nodes_REAL_data_20260829_2236.csv
GJ-VER-0056,20.61805589,70.5637932,Gir Somnath,22.2 km seaward operational buffer,2026-08-30T04:00,2.28,245,7.55,1.66,243,7.05,1.0,121,26.1,33.5,255,0.0,True,No hazard,veraval_nodes_REAL_data_20260829_2236.csv
GJ-VER-0057,20.66309993,70.56248433,Gir Somnath,22.2 km seaward operational buffer,2026-08-30T04:00,2.28,245,7.55,1.66,243,7.05,1.0,121,26.1,33.5,255,0.0,True,No hazard,veraval_nodes_REAL_data_20260829_2236.csv
GJ-VER-0058,20.70814365,70.56117196,Gir Somnath,22.2 km seaward operational buffer,2026-08-30T04:00,2.14,243,7.6,1.64,242,6.95,1.2,129,25.5,31.9,256,0.0,True,No hazard,veraval_nodes_REAL_data_20260829_2236.csv
GJ-VER-0059,20.75318706,70.55985608,Gir Somnath,22.2 km seaward operational buffer,2026-08-30T04:00,1.96,241,7.65,1.58,241,6.75,0.9,127,25.3,19.6,255,0.0,True,No hazard,veraval_nodes_REAL_data_20260829_2236.csv
GJ-VER-0060,20.57423265,70.61293066,Gir Somnath,22.2 km seaward operational buffer,2026-08-30T04:00,2.32,247,7.5,1.7,246,7.0,0.9,101,26.7,33.1,254,0.0,True,No hazard,veraval_nodes_REAL_data_20260829_2236.csv
GJ-VER-0061,20.61927992,70.61163926,Gir Somnath,22.2 km seaward operational buffer,2026-08-30T04:00,2.22,244,7.5,1.58,240,7.05,1.2,117,25.9,33.0,256,0.0,True,No hazard,veraval_nodes_REAL_data_20260829_2236.csv
GJ-VER-0062,20.66432687,70.6103444,Gir Somnath,22.2 km seaward operational buffer,2026-08-30T04:00,2.22,244,7.5,1.58,240,7.05,1.2,117,25.9,30.1,257,0.0,True,No hazard,veraval_nodes_REAL_data_20260829_2236.csv
GJ-VER-0063,20.7093735,70.60904607,Gir Somnath,22.2 km seaward operational buffer,2026-08-30T04:00,1.96,241,7.65,1.5,240,6.9,1.0,112,25.3,21.2,258,0.0,True,No hazard,veraval_nodes_REAL_data_20260829_2236.csv
GJ-VER-0064,20.75441983,70.60774428,Gir Somnath,22.2 km seaward operational buffer,2026-08-30T04:00,1.64,240,7.65,1.36,240,6.7,0.6,124,25.0,19.6,255,0.0,True,No hazard,veraval_nodes_REAL_data_20260829_2236.csv
GJ-VER-0065,20.57544062,70.66076621,Gir Somnath,22.2 km seaward operational buffer,2026-08-30T04:00,2.32,247,7.5,1.7,246,7.0,0.9,101,26.7,34.0,254,0.0,True,No hazard,veraval_nodes_REAL_data_20260829_2236.csv
GJ-VER-0066,20.62049076,70.65948879,Gir Somnath,22.2 km seaward operational buffer,2026-08-30T04:00,2.22,244,7.5,1.58,240,7.05,1.2,117,25.9,33.0,256,0.0,True,No hazard,veraval_nodes_REAL_data_20260829_2236.csv
GJ-VER-0067,20.66554059,70.65820794,Gir Somnath,22.2 km seaward operational buffer,2026-08-30T04:00,2.22,244,7.5,1.58,240,7.05,1.2,117,25.9,33.0,256,0.0,True,No hazard,veraval_nodes_REAL_data_20260829_2236.csv
GJ-VER-0068,20.71059011,70.65692366,Gir Somnath,22.2 km seaward operational buffer,2026-08-30T04:00,1.96,241,7.65,1.5,240,6.9,1.0,112,25.3,21.2,258,0.0,True,No hazard,veraval_nodes_REAL_data_20260829_2236.csv
GJ-VER-0069,20.75563932,70.65563594,Gir Somnath,22.2 km seaward operational buffer,2026-08-30T04:00,1.64,240,7.65,1.36,240,6.7,0.6,124,25.0,21.2,258,0.0,True,No hazard,veraval_nodes_REAL_data_20260829_2236.csv
GJ-VER-0070,20.53158213,70.70986525,Gir Somnath,22.2 km seaward operational buffer,2026-08-30T04:00,2.32,246,7.45,1.7,244,7.0,1.1,108,26.6,33.6,254,0.0,True,No hazard,veraval_nodes_REAL_data_20260829_2236.csv
GJ-VER-0071,20.57663543,70.70860519,Gir Somnath,22.2 km seaward operational buffer,2026-08-30T04:00,2.32,246,7.45,1.7,244,7.0,1.1,108,26.6,34.0,254,0.0,True,No hazard,veraval_nodes_REAL_data_20260829_2236.csv
GJ-VER-0072,20.62168842,70.70734174,Gir Somnath,22.2 km seaward operational buffer,2026-08-30T04:00,2.16,243,7.45,1.56,239,7.05,1.5,120,25.7,31.1,256,0.0,True,No hazard,veraval_nodes_REAL_data_20260829_2236.csv
GJ-VER-0073,20.6667411,70.7060749,Gir Somnath,22.2 km seaward operational buffer,2026-08-30T04:00,1.8,238,7.6,1.38,238,6.8,1.0,121,25.3,26.1,258,0.0,True,No hazard,veraval_nodes_REAL_data_20260829_2236.csv
GJ-VER-0074,20.71179348,70.70480468,Gir Somnath,22.2 km seaward operational buffer,2026-08-30T04:00,1.8,238,7.6,1.38,238,6.8,1.0,121,25.3,21.2,258,0.0,True,No hazard,veraval_nodes_REAL_data_20260829_2236.csv
GJ-VER-0075,20.53276097,70.75769366,Gir Somnath,22.2 km seaward operational buffer,2026-08-30T04:00,2.32,246,7.45,1.68,244,7.05,1.3,106,26.6,33.8,255,0.0,True,No hazard,veraval_nodes_REAL_data_20260829_2236.csv
GJ-VER-0076,20.57781709,70.75644754,Gir Somnath,22.2 km seaward operational buffer,2026-08-30T04:00,2.32,246,7.45,1.68,244,7.05,1.3,106,26.6,33.8,255,0.0,True,No hazard,veraval_nodes_REAL_data_20260829_2236.csv
GJ-VER-0077,20.6228729,70.75519808,Gir Somnath,22.2 km seaward operational buffer,2026-08-30T04:00,2.14,243,7.45,1.56,239,7.0,1.3,106,25.6,31.1,256,0.0,True,No hazard,veraval_nodes_REAL_data_20260829_2236.csv
GJ-VER-0078,20.66792839,70.75394526,Gir Somnath,22.2 km seaward operational buffer,2026-08-30T04:00,1.66,238,7.5,1.3,238,6.65,0.6,108,25.2,21.2,258,0.0,True,No hazard,veraval_nodes_REAL_data_20260829_2236.csv
GJ-VER-0079,20.71298359,70.75268909,Gir Somnath,22.2 km seaward operational buffer,2026-08-30T04:00,1.66,238,7.5,1.3,238,6.65,0.6,108,25.2,21.2,258,0.0,True,No hazard,veraval_nodes_REAL_data_20260829_2236.csv
GJ-VER-0080,20.53392669,70.80552542,Gir Somnath,22.2 km seaward operational buffer,2026-08-30T04:00,2.32,246,7.45,1.68,244,7.05,1.3,106,26.6,34.4,253,0.0,True,No hazard,veraval_nodes_REAL_data_20260829_2236.csv
GJ-VER-0081,20.57898558,70.80429325,Gir Somnath,22.2 km seaward operational buffer,2026-08-30T04:00,2.32,246,7.45,1.68,244,7.05,1.3,106,26.6,33.8,255,0.0,True,No hazard,veraval_nodes_REAL_data_20260829_2236.csv
GJ-VER-0082,20.62404418,70.80305777,Gir Somnath,22.2 km seaward operational buffer,2026-08-30T04:00,2.14,243,7.45,1.56,239,7.0,1.3,106,25.6,29.8,256,0.0,True,No hazard,veraval_nodes_REAL_data_20260829_2236.csv
GJ-VER-0083,20.66910246,70.80181898,Gir Somnath,22.2 km seaward operational buffer,2026-08-30T04:00,1.66,238,7.5,1.3,238,6.65,0.6,108,25.2,19.0,258,0.0,True,No hazard,veraval_nodes_REAL_data_20260829_2236.csv
GJ-VER-0084,20.53507927,70.85336048,Gir Somnath,22.2 km seaward operational buffer,2026-08-30T04:00,2.3,246,7.4,1.66,243,7.1,1.3,106,26.5,34.1,254,0.0,True,No hazard,veraval_nodes_REAL_data_20260829_2236.csv
GJ-VER-0085,20.58014092,70.85214226,Gir Somnath,22.2 km seaward operational buffer,2026-08-30T04:00,2.3,246,7.4,1.66,243,7.1,1.3,106,26.5,34.1,254,0.0,True,No hazard,veraval_nodes_REAL_data_20260829_2236.csv
GJ-VER-0086,20.62520226,70.85092077,Gir Somnath,22.2 km seaward operational buffer,2026-08-30T04:00,2.14,242,7.45,1.58,238,7.0,1.3,106,25.6,29.8,256,0.0,True,No hazard,veraval_nodes_REAL_data_20260829_2236.csv
GJ-VER-0087,20.6702633,70.84969601,Gir Somnath,22.2 km seaward operational buffer,2026-08-30T04:00,1.58,234,7.45,1.22,234,6.6,0.3,225,25.3,18.6,257,0.0,True,No hazard,veraval_nodes_REAL_data_20260829_2236.csv
GJ-VER-0088,20.53621871,70.9011988,Gir Somnath,22.2 km seaward operational buffer,2026-08-30T04:00,2.3,246,7.4,1.66,243,7.1,1.3,106,26.5,34.5,253,0.0,True,No hazard,veraval_nodes_REAL_data_20260829_2236.csv
GJ-VER-0089,20.58128308,70.89999455,Gir Somnath,22.2 km seaward operational buffer,2026-08-30T04:00,2.3,246,7.4,1.66,243,7.1,1.3,106,26.5,34.1,254,0.0,True,No hazard,veraval_nodes_REAL_data_20260829_2236.csv
GJ-VER-0090,20.62634715,70.89878705,Gir Somnath,22.2 km seaward operational buffer,2026-08-30T04:00,2.14,242,7.45,1.58,238,7.0,1.3,106,25.6,31.2,256,0.0,True,No hazard,veraval_nodes_REAL_data_20260829_2236.csv
GJ-VER-0091,20.67141091,70.89757632,Gir Somnath,22.2 km seaward operational buffer,2026-08-30T04:00,1.58,234,7.45,1.22,234,6.6,0.3,225,25.3,18.6,257,0.0,True,No hazard,veraval_nodes_REAL_data_20260829_2236.csv
GJ-VER-0092,20.53734501,70.94904036,Gir Somnath,22.2 km seaward operational buffer,2026-08-30T04:00,2.26,246,7.35,1.6,242,7.15,1.3,106,26.5,34.6,254,0.0,True,No hazard,veraval_nodes_REAL_data_20260829_2236.csv
GJ-VER-0093,20.58241207,70.94785006,Gir Somnath,22.2 km seaward operational buffer,2026-08-30T04:00,2.26,246,7.35,1.6,242,7.15,1.3,106,26.5,34.6,254,0.0,True,No hazard,veraval_nodes_REAL_data_20260829_2236.csv
GJ-VER-0094,20.62747883,70.94665657,Gir Somnath,22.2 km seaward operational buffer,2026-08-30T04:00,2.1,241,7.45,1.52,237,7.1,1.3,106,25.6,31.2,256,0.0,True,No hazard,veraval_nodes_REAL_data_20260829_2236.csv
GJ-VER-0095,20.67254529,70.94545987,Gir Somnath,22.2 km seaward operational buffer,2026-08-30T04:00,1.5,232,7.4,1.14,231,6.6,0.2,270,25.6,19.6,257,0.0,True,No hazard,veraval_nodes_REAL_data_20260829_2236.csv
GJ-VER-0096,20.53845817,70.99688511,Gir Somnath,22.2 km seaward operational buffer,2026-08-30T04:00,2.26,246,7.35,1.6,242,7.15,1.3,106,26.5,35.0,253,0.0,True,No hazard,veraval_nodes_REAL_data_20260829_2236.csv
GJ-VER-0097,20.58352789,70.99570878,Gir Somnath,22.2 km seaward operational buffer,2026-08-30T04:00,2.1,241,7.45,1.52,237,7.1,1.3,106,25.6,35.0,253,0.0,True,No hazard,veraval_nodes_REAL_data_20260829_2236.csv
GJ-VER-0098,20.62859731,70.99452929,Gir Somnath,22.2 km seaward operational buffer,2026-08-30T04:00,2.1,241,7.45,1.52,237,7.1,1.3,106,25.6,33.7,255,0.1,True,No hazard,veraval_nodes_REAL_data_20260829_2236.csv
GJ-VER-0099,20.67366643,70.99334663,Gir Somnath,22.2 km seaward operational buffer,2026-08-30T04:00,1.5,232,7.4,1.14,231,6.6,0.2,270,25.6,19.6,257,0.0,True,No hazard,veraval_nodes_REAL_data_20260829_2236.csv
GJ-VER-0100,20.53955818,71.04473301,Gir Somnath,22.2 km seaward operational buffer,2026-08-30T04:00,2.24,246,7.35,1.58,242,7.15,1.3,106,26.4,35.0,253,0.0,True,No hazard,veraval_nodes_REAL_data_20260829_2236.csv
GJ-VER-0101,20.58463052,71.04357065,Gir Somnath,22.2 km seaward operational buffer,2026-08-30T04:00,2.0,241,7.45,1.4,236,7.25,0.9,90,25.7,35.0,253,0.0,True,No hazard,veraval_nodes_REAL_data_20260829_2236.csv
GJ-VER-0102,20.62970257,71.04240517,Gir Somnath,22.2 km seaward operational buffer,2026-08-30T04:00,2.0,241,7.45,1.4,236,7.25,0.9,90,25.7,33.7,255,0.1,True,No hazard,veraval_nodes_REAL_data_20260829_2236.csv
GJ-VER-0103,20.67477432,71.04123656,Gir Somnath,22.2 km seaward operational buffer,2026-08-30T04:00,1.44,233,7.25,1.04,229,6.75,0.2,270,25.8,20.6,256,0.0,True,No hazard,veraval_nodes_REAL_data_20260829_2236.csv
GJ-VER-0104,20.71984577,71.04006482,Gir Somnath,22.2 km seaward operational buffer,2026-08-30T04:00,1.44,233,7.25,1.04,229,6.75,0.2,270,25.8,20.6,256,0.0,True,No hazard,veraval_nodes_REAL_data_20260829_2236.csv
GJ-VER-0105,20.54064504,71.09258403,Gir Somnath,22.2 km seaward operational buffer,2026-08-30T04:00,2.18,246,7.3,1.5,241,7.2,1.1,108,26.4,34.3,253,0.0,True,No hazard,veraval_nodes_REAL_data_20260829_2236.csv
GJ-VER-0106,20.58571998,71.09143565,Gir Somnath,22.2 km seaward operational buffer,2026-08-30T04:00,1.88,242,7.3,1.26,236,7.25,0.7,90,25.9,34.3,253,0.0,True,No hazard,veraval_nodes_REAL_data_20260829_2236.csv
GJ-VER-0107,20.63079462,71.09028418,Gir Somnath,22.2 km seaward operational buffer,2026-08-30T04:00,1.88,242,7.3,1.26,236,7.25,0.7,90,25.9,34.7,255,0.0,True,No hazard,veraval_nodes_REAL_data_20260829_2236.csv
GJ-VER-0108,20.67586897,71.08912962,Gir Somnath,22.2 km seaward operational buffer,2026-08-30T04:00,1.36,234,7.1,0.96,229,6.85,0.2,0,25.8,20.6,256,0.0,True,No hazard,veraval_nodes_REAL_data_20260829_2236.csv
GJ-VER-0109,20.72094302,71.08797196,Gir Somnath,22.2 km seaward operational buffer,2026-08-30T04:00,1.36,234,7.1,0.96,229,6.85,0.2,0,25.8,20.6,256,0.0,True,No hazard,veraval_nodes_REAL_data_20260829_2236.csv
GJ-VER-0110,20.58679624,71.13930373,Gir Somnath,22.2 km seaward operational buffer,2026-08-30T04:00,1.88,242,7.3,1.26,236,7.25,0.7,90,25.9,34.3,253,0.0,True,No hazard,veraval_nodes_REAL_data_20260829_2236.csv
GJ-VER-0111,20.63187345,71.13816627,Gir Somnath,22.2 km seaward operational buffer,2026-08-30T04:00,1.88,242,7.3,1.26,236,7.25,0.7,90,25.9,34.7,255,0.0,True,No hazard,veraval_nodes_REAL_data_20260829_2236.csv
GJ-VER-0112,20.67695037,71.13702577,Gir Somnath,22.2 km seaward operational buffer,2026-08-30T04:00,1.36,234,7.1,0.96,229,6.85,0.2,0,25.8,20.6,256,0.0,True,No hazard,veraval_nodes_REAL_data_20260829_2236.csv
GJ-VER-0113,20.72202699,71.13588221,Gir Somnath,22.2 km seaward operational buffer,2026-08-30T04:00,1.36,234,7.1,0.96,229,6.85,0.2,0,25.8,20.6,256,0.0,True,No hazard,veraval_nodes_REAL_data_20260829_2236.csv
GJ-VER-0114,20.58785932,71.18717485,Gir Somnath,22.2 km seaward operational buffer,2026-08-30T04:00,1.78,241,7.2,1.16,234,7.3,0.4,117,26.1,33.4,252,0.0,True,No hazard,veraval_nodes_REAL_data_20260829_2236.csv
GJ-VER-0115,20.63293906,71.18605142,Gir Somnath,22.2 km seaward operational buffer,2026-08-30T04:00,1.78,241,7.2,1.16,234,7.3,0.4,117,26.1,35.2,254,0.0,True,No hazard,veraval_nodes_REAL_data_20260829_2236.csv
GJ-VER-0116,20.67801851,71.18492497,Gir Somnath,22.2 km seaward operational buffer,2026-08-30T04:00,1.3,236,6.85,0.86,226,6.85,0.0,90,26.0,20.6,256,0.0,True,No hazard,veraval_nodes_REAL_data_20260829_2236.csv
GJ-VER-0117,20.72309767,71.1837955,Gir Somnath,22.2 km seaward operational buffer,2026-08-30T04:00,1.3,236,6.85,0.86,226,6.85,0.0,90,26.0,20.6,256,0.0,True,No hazard,veraval_nodes_REAL_data_20260829_2236.csv
GJ-VER-0118,20.76817653,71.18266302,Gir Somnath,22.2 km seaward operational buffer,2026-08-30T04:00,0.9,229,6.15,0.62,221,6.15,0.6,252,26.6,16.8,254,0.0,True,No hazard,veraval_nodes_REAL_data_20260829_2236.csv
GJ-VER-0119,20.5889092,71.23504899,Gir Somnath,22.2 km seaward operational buffer,2026-08-30T04:00,1.78,241,7.2,1.16,234,7.3,0.4,117,26.1,33.4,252,0.0,True,No hazard,veraval_nodes_REAL_data_20260829_2236.csv
GJ-VER-0120,20.63399145,71.23393958,Gir Somnath,22.2 km seaward operational buffer,2026-08-30T04:00,1.78,241,7.2,1.16,234,7.3,0.4,117,26.1,35.2,254,0.0,True,No hazard,veraval_nodes_REAL_data_20260829_2236.csv
GJ-VER-0121,20.6790734,71.23282719,Gir Somnath,22.2 km seaward operational buffer,2026-08-30T04:00,1.3,236,6.85,0.86,226,6.85,0.0,90,26.0,35.3,256,0.1,True,No hazard,veraval_nodes_REAL_data_20260829_2236.csv
GJ-VER-0122,20.72415507,71.23171182,Gir Somnath,22.2 km seaward operational buffer,2026-08-30T04:00,1.3,236,6.85,0.86,226,6.85,0.0,90,26.0,35.3,256,0.1,True,No hazard,veraval_nodes_REAL_data_20260829_2236.csv
GJ-VER-0123,20.76923643,71.23059347,Gir Somnath,22.2 km seaward operational buffer,2026-08-30T04:00,0.9,229,6.15,0.62,221,6.15,0.6,252,26.6,18.7,256,0.0,True,No hazard,veraval_nodes_REAL_data_20260829_2236.csv
GJ-VER-0124,20.63503061,71.28183071,Gir Somnath,22.2 km seaward operational buffer,2026-08-30T04:00,1.74,241,7.05,1.1,234,7.3,0.4,117,26.3,36.2,254,0.0,True,No hazard,veraval_nodes_REAL_data_20260829_2236.csv
GJ-VER-0125,20.68011503,71.28073239,Gir Somnath,22.2 km seaward operational buffer,2026-08-30T04:00,1.28,236,6.6,0.8,226,6.85,0.3,135,26.2,35.3,256,0.1,True,No hazard,veraval_nodes_REAL_data_20260829_2236.csv
GJ-VER-0126,20.72519917,71.27963113,Gir Somnath,22.2 km seaward operational buffer,2026-08-30T04:00,1.28,236,6.6,0.8,226,6.85,0.3,135,26.2,35.3,256,0.1,True,No hazard,veraval_nodes_REAL_data_20260829_2236.csv
GJ-VER-0127,20.77028301,71.27852692,Gir Somnath,22.2 km seaward operational buffer,2026-08-30T04:00,0.92,229,6.05,0.6,221,6.2,0.4,207,26.6,18.7,256,0.0,True,No hazard,veraval_nodes_REAL_data_20260829_2236.csv
GJ-VER-0128,20.81536657,71.27741976,Gir Somnath,22.2 km seaward operational buffer,2026-08-30T04:00,0.92,229,6.05,0.6,221,6.2,0.4,207,26.6,18.7,256,0.0,True,No hazard,veraval_nodes_REAL_data_20260829_2236.csv
GJ-VER-0129,20.63605653,71.32972479,Gir Somnath,22.2 km seaward operational buffer,2026-08-30T04:00,1.74,241,7.05,1.1,234,7.3,0.4,117,26.3,36.2,254,0.0,True,No hazard,veraval_nodes_REAL_data_20260829_2236.csv
GJ-VER-0130,20.6811434,71.32864054,Gir Somnath,22.2 km seaward operational buffer,2026-08-30T04:00,1.28,236,6.6,0.8,226,6.85,0.3,135,26.2,38.3,256,0.0,True,No hazard,veraval_nodes_REAL_data_20260829_2236.csv
GJ-VER-0131,20.72622998,71.32755338,Gir Somnath,22.2 km seaward operational buffer,2026-08-30T04:00,1.28,236,6.6,0.8,226,6.85,0.3,135,26.2,38.3,256,0.0,True,No hazard,veraval_nodes_REAL_data_20260829_2236.csv
GJ-VER-0132,20.77131627,71.32646331,Gir Somnath,22.2 km seaward operational buffer,2026-08-30T04:00,0.92,229,6.05,0.6,221,6.2,0.4,207,26.6,18.7,256,0.0,True,No hazard,veraval_nodes_REAL_data_20260829_2236.csv
GJ-VER-0133,20.81640226,71.32537034,Gir Somnath,22.2 km seaward operational buffer,2026-08-30T04:00,0.92,229,6.05,0.6,221,6.2,0.4,207,26.6,18.7,256,0.0,True,No hazard,veraval_nodes_REAL_data_20260829_2236.csv
GJ-VER-0134,20.6821585,71.37655158,Gir Somnath,22.2 km seaward operational buffer,2026-08-30T04:00,1.36,237,6.45,0.78,223,6.9,0.4,117,26.4,38.3,256,0.0,True,No hazard,veraval_nodes_REAL_data_20260829_2236.csv
GJ-VER-0135,20.72724749,71.37547854,Gir Somnath,22.2 km seaward operational buffer,2026-08-30T04:00,1.36,237,6.45,0.78,223,6.9,0.4,117,26.4,38.3,256,0.0,True,No hazard,veraval_nodes_REAL_data_20260829_2236.csv
GJ-VER-0136,20.77233619,71.37440262,Gir Somnath,22.2 km seaward operational buffer,2026-08-30T04:00,1.02,231,6.05,0.6,221,6.35,0.3,135,26.7,33.1,258,0.0,True,No hazard,veraval_nodes_REAL_data_20260829_2236.csv
GJ-VER-0137,20.8174246,71.37332383,Gir Somnath,22.2 km seaward operational buffer,2026-08-30T04:00,1.02,231,6.05,0.6,221,6.35,0.3,135,26.7,17.4,254,0.0,True,No hazard,veraval_nodes_REAL_data_20260829_2236.csv
GJ-VER-0138,20.77334278,71.4223448,Gir Somnath,22.2 km seaward operational buffer,2026-08-30T04:00,1.2,232,6.15,0.68,220,6.55,0.2,90,26.9,35.7,258,0.0,True,No hazard,veraval_nodes_REAL_data_20260829_2236.csv
GJ-VER-0139,20.81843357,71.4212802,Gir Somnath,22.2 km seaward operational buffer,2026-08-30T04:00,1.2,232,6.15,0.68,220,6.55,0.2,90,26.9,17.4,254,0.0,True,No hazard,veraval_nodes_REAL_data_20260829_2236.csv
GJ-VER-0140,20.86352407,71.42021276,Gir Somnath,22.2 km seaward operational buffer,2026-08-30T04:00,0.84,232,5.8,0.5,220,6.15,0.4,270,27.6,17.4,254,0.0,True,No hazard,veraval_nodes_REAL_data_20260829_2236.csv
GJ-VER-0001,20.87516585,70.07678103,Gir Somnath,22.2 km seaward operational buffer,2026-08-31T12:15,2.24,242,8.0,1.86,243,6.85,2.2,125,26.7,29.4,260,0.0,True,No hazard,veraval_nodes_REAL_data_20260831_0656.csv
GJ-VER-0002,20.92017704,70.07530903,Gir Somnath,22.2 km seaward operational buffer,2026-08-31T12:15,2.14,244,8.05,1.82,244,6.9,2.3,129,26.4,29.7,261,0.0,True,No hazard,veraval_nodes_REAL_data_20260831_0656.csv
GJ-VER-0003,20.9651879,70.07383312,Gir Somnath,22.2 km seaward operational buffer,2026-08-31T12:15,2.14,244,8.05,1.82,244,6.9,2.3,129,26.4,23.8,260,0.1,True,No hazard,veraval_nodes_REAL_data_20260831_0656.csv
GJ-VER-0004,21.01019843,70.0723533,Gir Somnath,22.2 km seaward operational buffer,2026-08-31T12:15,1.72,243,8.3,1.56,244,7.0,2.2,132,26.2,23.8,260,0.1,True,No hazard,veraval_nodes_REAL_data_20260831_0656.csv
GJ-VER-0005,21.05520861,70.07086956,Gir Somnath,22.2 km seaward operational buffer,2026-08-31T12:15,1.72,243,8.3,1.56,244,7.0,2.2,132,26.2,23.8,260,0.1,True,No hazard,veraval_nodes_REAL_data_20260831_0656.csv
GJ-VER-0006,21.10021846,70.06938189,Gir Somnath,22.2 km seaward operational buffer,2026-08-31T12:15,1.5,245,8.15,1.4,245,6.95,2.1,128,26.0,23.5,256,0.1,True,No hazard,veraval_nodes_REAL_data_20260831_0656.csv
GJ-VER-0007,20.83152605,70.12612866,Gir Somnath,22.2 km seaward operational buffer,2026-08-31T12:15,2.38,241,8.1,2.0,242,6.8,2.3,122,26.9,29.1,261,0.0,True,No hazard,veraval_nodes_REAL_data_20260831_0656.csv
GJ-VER-0008,20.87654082,70.12467471,Gir Somnath,22.2 km seaward operational buffer,2026-08-31T12:15,2.26,241,8.05,1.9,242,6.8,2.4,126,26.6,29.1,261,0.0,True,No hazard,veraval_nodes_REAL_data_20260831_0656.csv
GJ-VER-0009,20.92155525,70.12321689,Gir Somnath,22.2 km seaward operational buffer,2026-08-31T12:15,2.1,241,8.1,1.8,242,6.8,2.4,132,26.3,27.8,263,0.0,True,No hazard,veraval_nodes_REAL_data_20260831_0656.csv
GJ-VER-0010,20.96656935,70.1217552,Gir Somnath,22.2 km seaward operational buffer,2026-08-31T12:15,2.1,241,8.1,1.8,242,6.8,2.4,132,26.3,23.8,260,0.1,True,No hazard,veraval_nodes_REAL_data_20260831_0656.csv
GJ-VER-0011,21.01158311,70.12028964,Gir Somnath,22.2 km seaward operational buffer,2026-08-31T12:15,1.68,237,8.3,1.48,239,6.8,2.2,132,26.1,23.8,260,0.1,True,No hazard,veraval_nodes_REAL_data_20260831_0656.csv
GJ-VER-0012,21.05659653,70.11882019,Gir Somnath,22.2 km seaward operational buffer,2026-08-31T12:15,1.68,237,8.3,1.48,239,6.8,2.2,132,26.1,23.8,260,0.1,True,No hazard,veraval_nodes_REAL_data_20260831_0656.csv
GJ-VER-0013,20.7878662,70.17544804,Gir Somnath,22.2 km seaward operational buffer,2026-08-31T12:15,2.34,241,8.05,1.96,240,6.8,2.6,124,26.6,30.5,260,0.0,True,No hazard,veraval_nodes_REAL_data_20260831_0656.csv
GJ-VER-0014,20.8328845,70.17401206,Gir Somnath,22.2 km seaward operational buffer,2026-08-31T12:15,2.34,241,8.05,1.96,240,6.8,2.6,124,26.6,29.1,261,0.0,True,No hazard,veraval_nodes_REAL_data_20260831_0656.csv
GJ-VER-0015,20.87790246,70.17257226,Gir Somnath,22.2 km seaward operational buffer,2026-08-31T12:15,2.26,241,8.05,1.9,240,6.75,2.7,127,26.2,29.1,261,0.0,True,No hazard,veraval_nodes_REAL_data_20260831_0656.csv
GJ-VER-0016,20.9229201,70.17112863,Gir Somnath,22.2 km seaward operational buffer,2026-08-31T12:15,2.12,240,8.05,1.82,240,6.7,2.3,129,26.1,24.2,262,0.1,True,No hazard,veraval_nodes_REAL_data_20260831_0656.csv
GJ-VER-0017,20.9679374,70.16968116,Gir Somnath,22.2 km seaward operational buffer,2026-08-31T12:15,2.12,240,8.05,1.82,240,6.7,2.3,129,26.1,23.8,260,0.1,True,No hazard,veraval_nodes_REAL_data_20260831_0656.csv
GJ-VER-0018,21.01295437,70.16822986,Gir Somnath,22.2 km seaward operational buffer,2026-08-31T12:15,1.68,237,8.3,1.48,239,6.8,1.8,135,26.4,23.8,260,0.1,True,No hazard,veraval_nodes_REAL_data_20260831_0656.csv
GJ-VER-0019,20.78920817,70.22332115,Gir Somnath,22.2 km seaward operational buffer,2026-08-31T12:15,2.34,241,8.05,1.96,240,6.8,2.6,124,26.6,31.9,261,0.0,True,No hazard,veraval_nodes_REAL_data_20260831_0656.csv
GJ-VER-0020,20.83422964,70.22189929,Gir Somnath,22.2 km seaward operational buffer,2026-08-31T12:15,2.26,241,8.05,1.9,240,6.75,2.7,127,26.2,29.6,262,0.0,True,No hazard,veraval_nodes_REAL_data_20260831_0656.csv
GJ-VER-0021,20.87925078,70.22047364,Gir Somnath,22.2 km seaward operational buffer,2026-08-31T12:15,2.26,241,8.05,1.9,240,6.75,2.7,127,26.2,24.2,262,0.1,True,No hazard,veraval_nodes_REAL_data_20260831_0656.csv
GJ-VER-0022,20.92427159,70.2190442,Gir Somnath,22.2 km seaward operational buffer,2026-08-31T12:15,2.12,240,8.05,1.82,240,6.7,2.3,129,26.1,24.2,262,0.1,True,No hazard,veraval_nodes_REAL_data_20260831_0656.csv
GJ-VER-0023,20.96929207,70.21761096,Gir Somnath,22.2 km seaward operational buffer,2026-08-31T12:15,2.12,240,8.05,1.82,240,6.7,2.3,129,26.1,24.2,262,0.1,True,No hazard,veraval_nodes_REAL_data_20260831_0656.csv
GJ-VER-0024,20.74551194,70.27260204,Gir Somnath,22.2 km seaward operational buffer,2026-08-31T12:15,2.4,243,8.0,2.0,243,6.85,2.7,118,26.6,31.9,261,0.0,True,No hazard,veraval_nodes_REAL_data_20260831_0656.csv
GJ-VER-0025,20.79053688,70.27119804,Gir Somnath,22.2 km seaward operational buffer,2026-08-31T12:15,2.3,241,8.0,1.92,240,6.8,2.7,122,26.1,31.9,261,0.0,True,No hazard,veraval_nodes_REAL_data_20260831_0656.csv
GJ-VER-0026,20.83556148,70.2697903,Gir Somnath,22.2 km seaward operational buffer,2026-08-31T12:15,2.22,241,8.0,1.88,240,6.75,2.6,124,25.8,24.2,261,0.1,True,No hazard,veraval_nodes_REAL_data_20260831_0656.csv
GJ-VER-0027,20.88058576,70.26837881,Gir Somnath,22.2 km seaward operational buffer,2026-08-31T12:15,2.22,241,8.0,1.88,240,6.75,2.6,124,25.8,24.2,262,0.1,True,No hazard,veraval_nodes_REAL_data_20260831_0656.csv
GJ-VER-0028,20.92560971,70.26696356,Gir Somnath,22.2 km seaward operational buffer,2026-08-31T12:15,2.22,241,8.0,1.88,240,6.75,2.0,135,25.8,24.2,262,0.1,True,No hazard,veraval_nodes_REAL_data_20260831_0656.csv
GJ-VER-0029,20.7017959,70.32185479,Gir Somnath,22.2 km seaward operational buffer,2026-08-31T12:15,2.4,243,8.0,2.0,243,6.85,2.7,118,26.6,32.3,265,0.0,True,No hazard,veraval_nodes_REAL_data_20260831_0656.csv
GJ-VER-0030,20.74682427,70.32046858,Gir Somnath,22.2 km seaward operational buffer,2026-08-31T12:15,2.4,243,8.0,2.0,243,6.85,2.7,118,26.6,31.7,263,0.0,True,No hazard,veraval_nodes_REAL_data_20260831_0656.csv
GJ-VER-0031,20.7918523,70.31907867,Gir Somnath,22.2 km seaward operational buffer,2026-08-31T12:15,2.3,241,8.0,1.92,240,6.8,2.7,122,26.1,31.7,263,0.0,True,No hazard,veraval_nodes_REAL_data_20260831_0656.csv
GJ-VER-0032,20.83688002,70.31768506,Gir Somnath,22.2 km seaward operational buffer,2026-08-31T12:15,2.22,241,8.0,1.88,240,6.75,2.6,124,25.8,24.2,261,0.1,True,No hazard,veraval_nodes_REAL_data_20260831_0656.csv
GJ-VER-0033,20.8819074,70.31628773,Gir Somnath,22.2 km seaward operational buffer,2026-08-31T12:15,2.22,241,8.0,1.88,240,6.75,2.6,124,25.8,24.2,261,0.1,True,No hazard,veraval_nodes_REAL_data_20260831_0656.csv
GJ-VER-0034,20.92693447,70.31488669,Gir Somnath,22.2 km seaward operational buffer,2026-08-31T12:15,2.22,241,8.0,1.88,240,6.75,2.0,135,25.8,24.2,262,0.1,True,No hazard,veraval_nodes_REAL_data_20260831_0656.csv
GJ-VER-0035,20.70309191,70.36971098,Gir Somnath,22.2 km seaward operational buffer,2026-08-31T12:15,2.32,243,7.95,1.94,242,6.85,2.7,118,26.3,32.3,265,0.0,True,No hazard,veraval_nodes_REAL_data_20260831_0656.csv
GJ-VER-0036,20.74812334,70.36833883,Gir Somnath,22.2 km seaward operational buffer,2026-08-31T12:15,2.32,243,7.95,1.94,242,6.85,2.7,118,26.3,31.7,263,0.0,True,No hazard,veraval_nodes_REAL_data_20260831_0656.csv
GJ-VER-0037,20.79315445,70.36696301,Gir Somnath,22.2 km seaward operational buffer,2026-08-31T12:15,2.24,240,7.95,1.88,239,6.8,2.7,122,25.9,31.7,263,0.0,True,No hazard,veraval_nodes_REAL_data_20260831_0656.csv
GJ-VER-0038,20.83818524,70.36558353,Gir Somnath,22.2 km seaward operational buffer,2026-08-31T12:15,2.12,240,7.95,1.82,239,6.75,2.6,124,25.8,24.2,261,0.1,True,No hazard,veraval_nodes_REAL_data_20260831_0656.csv
GJ-VER-0039,20.88321571,70.36420037,Gir Somnath,22.2 km seaward operational buffer,2026-08-31T12:15,2.12,240,7.95,1.82,239,6.75,2.6,124,25.8,24.2,261,0.1,True,No hazard,veraval_nodes_REAL_data_20260831_0656.csv
GJ-VER-0040,20.65933989,70.4189253,Gir Somnath,22.2 km seaward operational buffer,2026-08-31T12:15,2.32,244,7.9,1.9,242,6.9,2.7,113,26.3,31.3,265,0.0,True,No hazard,veraval_nodes_REAL_data_20260831_0656.csv
GJ-VER-0041,20.70437469,70.41757083,Gir Somnath,22.2 km seaward operational buffer,2026-08-31T12:15,2.24,242,7.95,1.86,241,6.85,2.8,117,25.8,31.4,266,0.0,True,No hazard,veraval_nodes_REAL_data_20260831_0656.csv
GJ-VER-0042,20.74940916,70.41621274,Gir Somnath,22.2 km seaward operational buffer,2026-08-31T12:15,2.32,243,7.95,1.94,242,6.85,2.7,118,26.3,25.3,261,0.2,True,No hazard,veraval_nodes_REAL_data_20260831_0656.csv
GJ-VER-0043,20.79444332,70.41485102,Gir Somnath,22.2 km seaward operational buffer,2026-08-31T12:15,2.24,240,7.95,1.88,239,6.8,2.7,122,25.9,25.3,261,0.2,True,No hazard,veraval_nodes_REAL_data_20260831_0656.csv
GJ-VER-0044,20.83947715,70.41348568,Gir Somnath,22.2 km seaward operational buffer,2026-08-31T12:15,2.12,240,7.95,1.82,239,6.75,2.6,124,25.8,24.2,261,0.1,True,No hazard,veraval_nodes_REAL_data_20260831_0656.csv
GJ-VER-0045,20.61556832,70.4681116,Gir Somnath,22.2 km seaward operational buffer,2026-08-31T12:15,2.32,244,7.9,1.9,242,6.9,2.7,113,26.3,30.5,266,0.0,True,No hazard,veraval_nodes_REAL_data_20260831_0656.csv
GJ-VER-0046,20.66060644,70.46677474,Gir Somnath,22.2 km seaward operational buffer,2026-08-31T12:15,2.32,244,7.9,1.9,242,6.9,2.7,113,26.3,30.5,266,0.0,True,No hazard,veraval_nodes_REAL_data_20260831_0656.csv
GJ-VER-0047,20.70564424,70.4654343,Gir Somnath,22.2 km seaward operational buffer,2026-08-31T12:15,2.24,242,7.95,1.86,241,6.85,2.8,117,25.8,31.4,266,0.0,True,No hazard,veraval_nodes_REAL_data_20260831_0656.csv
GJ-VER-0048,20.75068172,70.46409028,Gir Somnath,22.2 km seaward operational buffer,2026-08-31T12:15,2.1,240,7.95,1.8,239,6.8,2.7,122,25.4,25.3,261,0.2,True,No hazard,veraval_nodes_REAL_data_20260831_0656.csv
GJ-VER-0049,20.79571889,70.46274267,Gir Somnath,22.2 km seaward operational buffer,2026-08-31T12:15,2.1,240,7.95,1.8,239,6.8,2.7,122,25.4,25.3,261,0.2,True,No hazard,veraval_nodes_REAL_data_20260831_0656.csv
GJ-VER-0050,20.84075574,70.46139146,Gir Somnath,22.2 km seaward operational buffer,2026-08-31T12:15,2.1,240,7.95,1.8,239,6.8,2.2,132,25.1,25.3,261,0.2,True,No hazard,veraval_nodes_REAL_data_20260831_0656.csv
GJ-VER-0051,20.61681869,70.51595063,Gir Somnath,22.2 km seaward operational buffer,2026-08-31T12:15,2.24,244,7.85,1.82,241,6.85,2.9,112,26.0,30.5,266,0.0,True,No hazard,veraval_nodes_REAL_data_20260831_0656.csv
GJ-VER-0052,20.66185978,70.51462777,Gir Somnath,22.2 km seaward operational buffer,2026-08-31T12:15,2.24,244,7.85,1.82,241,6.85,2.9,112,26.0,30.5,266,0.0,True,No hazard,veraval_nodes_REAL_data_20260831_0656.csv
GJ-VER-0053,20.70690056,70.51330136,Gir Somnath,22.2 km seaward operational buffer,2026-08-31T12:15,2.1,242,7.95,1.76,240,6.85,3.0,115,25.5,31.3,264,0.0,True,No hazard,veraval_nodes_REAL_data_20260831_0656.csv
GJ-VER-0054,20.75194103,70.51197141,Gir Somnath,22.2 km seaward operational buffer,2026-08-31T12:15,1.92,240,7.95,1.64,239,6.8,2.7,113,25.4,25.3,261,0.2,True,No hazard,veraval_nodes_REAL_data_20260831_0656.csv
GJ-VER-0055,20.79698117,70.5106379,Gir Somnath,22.2 km seaward operational buffer,2026-08-31T12:15,1.92,240,7.95,1.64,239,6.8,2.7,113,25.4,25.3,261,0.2,True,No hazard,veraval_nodes_REAL_data_20260831_0656.csv
GJ-VER-0056,20.61805589,70.5637932,Gir Somnath,22.2 km seaward operational buffer,2026-08-31T12:15,2.24,244,7.85,1.82,241,6.85,2.9,112,26.0,30.4,265,0.0,True,No hazard,veraval_nodes_REAL_data_20260831_0656.csv
GJ-VER-0057,20.66309993,70.56248433,Gir Somnath,22.2 km seaward operational buffer,2026-08-31T12:15,2.24,244,7.85,1.82,241,6.85,2.9,112,26.0,30.4,265,0.0,True,No hazard,veraval_nodes_REAL_data_20260831_0656.csv
GJ-VER-0058,20.70814365,70.56117196,Gir Somnath,22.2 km seaward operational buffer,2026-08-31T12:15,2.1,242,7.95,1.76,240,6.85,3.0,115,25.5,31.3,264,0.0,True,No hazard,veraval_nodes_REAL_data_20260831_0656.csv
GJ-VER-0059,20.75318706,70.55985608,Gir Somnath,22.2 km seaward operational buffer,2026-08-31T12:15,1.92,240,7.95,1.64,239,6.8,2.7,113,25.4,24.7,260,0.1,True,No hazard,veraval_nodes_REAL_data_20260831_0656.csv
GJ-VER-0060,20.57423265,70.61293066,Gir Somnath,22.2 km seaward operational buffer,2026-08-31T12:15,2.28,246,7.75,1.82,241,6.95,2.8,105,26.3,29.8,265,0.0,True,No hazard,veraval_nodes_REAL_data_20260831_0656.csv
GJ-VER-0061,20.61927992,70.61163926,Gir Somnath,22.2 km seaward operational buffer,2026-08-31T12:15,2.16,243,7.85,1.76,240,6.85,3.1,111,25.7,29.8,263,0.0,True,No hazard,veraval_nodes_REAL_data_20260831_0656.csv
GJ-VER-0062,20.66432687,70.6103444,Gir Somnath,22.2 km seaward operational buffer,2026-08-31T12:15,2.16,243,7.85,1.76,240,6.85,3.1,111,25.7,30.0,261,0.0,True,No hazard,veraval_nodes_REAL_data_20260831_0656.csv
GJ-VER-0063,20.7093735,70.60904607,Gir Somnath,22.2 km seaward operational buffer,2026-08-31T12:15,1.92,240,8.0,1.6,239,6.8,3.0,115,25.1,26.2,259,0.1,True,No hazard,veraval_nodes_REAL_data_20260831_0656.csv
GJ-VER-0064,20.75441983,70.60774428,Gir Somnath,22.2 km seaward operational buffer,2026-08-31T12:15,1.62,239,7.9,1.38,238,6.8,2.8,117,25.0,24.7,260,0.1,True,No hazard,veraval_nodes_REAL_data_20260831_0656.csv
GJ-VER-0065,20.57544062,70.66076621,Gir Somnath,22.2 km seaward operational buffer,2026-08-31T12:15,2.28,246,7.75,1.82,241,6.95,2.8,105,26.3,29.6,265,0.0,True,No hazard,veraval_nodes_REAL_data_20260831_0656.csv
GJ-VER-0066,20.62049076,70.65948879,Gir Somnath,22.2 km seaward operational buffer,2026-08-31T12:15,2.16,243,7.85,1.76,240,6.85,3.1,111,25.7,29.8,263,0.0,True,No hazard,veraval_nodes_REAL_data_20260831_0656.csv
GJ-VER-0067,20.66554059,70.65820794,Gir Somnath,22.2 km seaward operational buffer,2026-08-31T12:15,2.16,243,7.85,1.76,240,6.85,3.1,111,25.7,29.8,263,0.0,True,No hazard,veraval_nodes_REAL_data_20260831_0656.csv
GJ-VER-0068,20.71059011,70.65692366,Gir Somnath,22.2 km seaward operational buffer,2026-08-31T12:15,1.92,240,8.0,1.6,239,6.8,3.0,115,25.1,26.2,259,0.1,True,No hazard,veraval_nodes_REAL_data_20260831_0656.csv
GJ-VER-0069,20.75563932,70.65563594,Gir Somnath,22.2 km seaward operational buffer,2026-08-31T12:15,1.62,239,7.9,1.38,238,6.8,2.8,117,25.0,26.2,259,0.1,True,No hazard,veraval_nodes_REAL_data_20260831_0656.csv
GJ-VER-0070,20.53158213,70.70986525,Gir Somnath,22.2 km seaward operational buffer,2026-08-31T12:15,2.26,245,7.75,1.84,241,6.9,3.1,100,26.1,30.7,266,0.0,True,No hazard,veraval_nodes_REAL_data_20260831_0656.csv
GJ-VER-0071,20.57663543,70.70860519,Gir Somnath,22.2 km seaward operational buffer,2026-08-31T12:15,2.26,245,7.75,1.84,241,6.9,3.1,100,26.1,29.6,265,0.0,True,No hazard,veraval_nodes_REAL_data_20260831_0656.csv
GJ-VER-0072,20.62168842,70.70734174,Gir Somnath,22.2 km seaward operational buffer,2026-08-31T12:15,2.1,242,7.8,1.72,238,6.8,3.4,106,25.4,28.6,261,0.0,True,No hazard,veraval_nodes_REAL_data_20260831_0656.csv
GJ-VER-0073,20.6667411,70.7060749,Gir Somnath,22.2 km seaward operational buffer,2026-08-31T12:15,1.76,238,7.9,1.46,236,6.8,3.2,109,25.2,27.7,258,0.0,True,No hazard,veraval_nodes_REAL_data_20260831_0656.csv
GJ-VER-0074,20.71179348,70.70480468,Gir Somnath,22.2 km seaward operational buffer,2026-08-31T12:15,1.76,238,7.9,1.46,236,6.8,3.2,109,25.2,26.2,259,0.1,True,No hazard,veraval_nodes_REAL_data_20260831_0656.csv
GJ-VER-0075,20.53276097,70.75769366,Gir Somnath,22.2 km seaward operational buffer,2026-08-31T12:15,2.26,245,7.75,1.82,241,6.9,3.3,99,26.0,29.4,265,0.0,True,No hazard,veraval_nodes_REAL_data_20260831_0656.csv
GJ-VER-0076,20.57781709,70.75644754,Gir Somnath,22.2 km seaward operational buffer,2026-08-31T12:15,2.26,245,7.75,1.82,241,6.9,3.3,99,26.0,29.4,265,0.0,True,No hazard,veraval_nodes_REAL_data_20260831_0656.csv
GJ-VER-0077,20.6228729,70.75519808,Gir Somnath,22.2 km seaward operational buffer,2026-08-31T12:15,2.08,242,7.8,1.7,238,6.85,3.5,102,25.3,28.6,261,0.0,True,No hazard,veraval_nodes_REAL_data_20260831_0656.csv
GJ-VER-0078,20.66792839,70.75394526,Gir Somnath,22.2 km seaward operational buffer,2026-08-31T12:15,1.64,238,7.75,1.34,236,6.7,3.2,106,25.1,26.2,259,0.1,True,No hazard,veraval_nodes_REAL_data_20260831_0656.csv
GJ-VER-0079,20.71298359,70.75268909,Gir Somnath,22.2 km seaward operational buffer,2026-08-31T12:15,1.64,238,7.75,1.34,236,6.7,3.2,106,25.1,26.2,259,0.1,True,No hazard,veraval_nodes_REAL_data_20260831_0656.csv
GJ-VER-0080,20.53392669,70.80552542,Gir Somnath,22.2 km seaward operational buffer,2026-08-31T12:15,2.26,245,7.75,1.82,241,6.9,3.3,99,26.0,30.8,267,0.0,True,No hazard,veraval_nodes_REAL_data_20260831_0656.csv
GJ-VER-0081,20.57898558,70.80429325,Gir Somnath,22.2 km seaward operational buffer,2026-08-31T12:15,2.26,245,7.75,1.82,241,6.9,3.3,99,26.0,29.4,265,0.0,True,No hazard,veraval_nodes_REAL_data_20260831_0656.csv
GJ-VER-0082,20.62404418,70.80305777,Gir Somnath,22.2 km seaward operational buffer,2026-08-31T12:15,2.08,242,7.8,1.7,238,6.85,3.5,102,25.3,28.3,260,0.0,True,No hazard,veraval_nodes_REAL_data_20260831_0656.csv
GJ-VER-0083,20.66910246,70.80181898,Gir Somnath,22.2 km seaward operational buffer,2026-08-31T12:15,1.64,238,7.75,1.34,236,6.7,3.2,106,25.1,25.0,258,0.2,True,No hazard,veraval_nodes_REAL_data_20260831_0656.csv
GJ-VER-0084,20.53507927,70.85336048,Gir Somnath,22.2 km seaward operational buffer,2026-08-31T12:15,2.24,245,7.7,1.8,240,6.95,3.4,93,25.9,29.8,264,0.0,True,No hazard,veraval_nodes_REAL_data_20260831_0656.csv
GJ-VER-0085,20.58014092,70.85214226,Gir Somnath,22.2 km seaward operational buffer,2026-08-31T12:15,2.24,245,7.7,1.8,240,6.95,3.4,93,25.9,29.8,264,0.0,True,No hazard,veraval_nodes_REAL_data_20260831_0656.csv
GJ-VER-0086,20.62520226,70.85092077,Gir Somnath,22.2 km seaward operational buffer,2026-08-31T12:15,2.08,241,7.8,1.68,237,6.9,3.6,96,25.3,28.3,260,0.0,True,No hazard,veraval_nodes_REAL_data_20260831_0656.csv
GJ-VER-0087,20.6702633,70.84969601,Gir Somnath,22.2 km seaward operational buffer,2026-08-31T12:15,1.56,235,7.65,1.26,232,6.75,2.9,101,25.3,25.2,258,0.1,True,No hazard,veraval_nodes_REAL_data_20260831_0656.csv
GJ-VER-0088,20.53621871,70.9011988,Gir Somnath,22.2 km seaward operational buffer,2026-08-31T12:15,2.24,245,7.7,1.8,240,6.95,3.4,93,25.9,30.5,267,0.0,True,No hazard,veraval_nodes_REAL_data_20260831_0656.csv
GJ-VER-0089,20.58128308,70.89999455,Gir Somnath,22.2 km seaward operational buffer,2026-08-31T12:15,2.24,245,7.7,1.8,240,6.95,3.4,93,25.9,29.8,264,0.0,True,No hazard,veraval_nodes_REAL_data_20260831_0656.csv
GJ-VER-0090,20.62634715,70.89878705,Gir Somnath,22.2 km seaward operational buffer,2026-08-31T12:15,2.08,241,7.8,1.68,237,6.9,3.6,96,25.3,29.8,258,0.0,True,No hazard,veraval_nodes_REAL_data_20260831_0656.csv
GJ-VER-0091,20.67141091,70.89757632,Gir Somnath,22.2 km seaward operational buffer,2026-08-31T12:15,1.56,235,7.65,1.26,232,6.75,2.9,101,25.3,25.2,258,0.1,True,No hazard,veraval_nodes_REAL_data_20260831_0656.csv
GJ-VER-0092,20.53734501,70.94904036,Gir Somnath,22.2 km seaward operational buffer,2026-08-31T12:15,2.2,245,7.65,1.76,239,7.0,3.6,90,25.9,30.7,263,0.0,True,No hazard,veraval_nodes_REAL_data_20260831_0656.csv
GJ-VER-0093,20.58241207,70.94785006,Gir Somnath,22.2 km seaward operational buffer,2026-08-31T12:15,2.2,245,7.65,1.76,239,7.0,3.6,90,25.9,30.7,263,0.0,True,No hazard,veraval_nodes_REAL_data_20260831_0656.csv
GJ-VER-0094,20.62747883,70.94665657,Gir Somnath,22.2 km seaward operational buffer,2026-08-31T12:15,2.06,241,7.8,1.64,236,7.0,3.6,87,25.3,29.8,258,0.0,True,No hazard,veraval_nodes_REAL_data_20260831_0656.csv
GJ-VER-0095,20.67254529,70.94545987,Gir Somnath,22.2 km seaward operational buffer,2026-08-31T12:15,1.5,234,7.6,1.16,229,6.8,3.2,90,25.4,25.9,257,0.0,True,No hazard,veraval_nodes_REAL_data_20260831_0656.csv
GJ-VER-0096,20.53845817,70.99688511,Gir Somnath,22.2 km seaward operational buffer,2026-08-31T12:15,2.2,245,7.65,1.76,239,7.0,3.6,90,25.9,31.3,262,0.0,True,No hazard,veraval_nodes_REAL_data_20260831_0656.csv
GJ-VER-0097,20.58352789,70.99570878,Gir Somnath,22.2 km seaward operational buffer,2026-08-31T12:15,2.06,241,7.8,1.64,236,7.0,3.6,87,25.3,31.3,262,0.0,True,No hazard,veraval_nodes_REAL_data_20260831_0656.csv
GJ-VER-0098,20.62859731,70.99452929,Gir Somnath,22.2 km seaward operational buffer,2026-08-31T12:15,2.06,241,7.8,1.64,236,7.0,3.6,87,25.3,31.7,257,0.0,True,No hazard,veraval_nodes_REAL_data_20260831_0656.csv
GJ-VER-0099,20.67366643,70.99334663,Gir Somnath,22.2 km seaward operational buffer,2026-08-31T12:15,1.5,234,7.6,1.16,229,6.8,3.2,90,25.4,25.9,257,0.0,True,No hazard,veraval_nodes_REAL_data_20260831_0656.csv
GJ-VER-0100,20.53955818,71.04473301,Gir Somnath,22.2 km seaward operational buffer,2026-08-31T12:15,2.14,245,7.6,1.7,239,7.0,3.8,87,25.9,31.3,262,0.0,True,No hazard,veraval_nodes_REAL_data_20260831_0656.csv
GJ-VER-0101,20.58463052,71.04357065,Gir Somnath,22.2 km seaward operational buffer,2026-08-31T12:15,1.94,241,7.75,1.52,235,7.15,3.7,79,25.3,31.3,262,0.0,True,No hazard,veraval_nodes_REAL_data_20260831_0656.csv
GJ-VER-0102,20.62970257,71.04240517,Gir Somnath,22.2 km seaward operational buffer,2026-08-31T12:15,1.94,241,7.75,1.52,235,7.15,3.7,79,25.3,31.7,257,0.0,True,No hazard,veraval_nodes_REAL_data_20260831_0656.csv
GJ-VER-0103,20.67477432,71.04123656,Gir Somnath,22.2 km seaward operational buffer,2026-08-31T12:15,1.42,234,7.4,1.06,228,6.95,3.3,77,25.7,26.3,254,0.0,True,No hazard,veraval_nodes_REAL_data_20260831_0656.csv
GJ-VER-0104,20.71984577,71.04006482,Gir Somnath,22.2 km seaward operational buffer,2026-08-31T12:15,1.42,234,7.4,1.06,228,6.95,3.3,77,25.7,26.3,254,0.0,True,No hazard,veraval_nodes_REAL_data_20260831_0656.csv
GJ-VER-0105,20.54064504,71.09258403,Gir Somnath,22.2 km seaward operational buffer,2026-08-31T12:15,2.1,245,7.6,1.66,240,7.05,3.8,82,25.9,31.2,261,0.0,True,No hazard,veraval_nodes_REAL_data_20260831_0656.csv
GJ-VER-0106,20.58571998,71.09143565,Gir Somnath,22.2 km seaward operational buffer,2026-08-31T12:15,1.82,241,7.6,1.36,235,7.2,3.8,73,25.5,31.2,261,0.0,True,No hazard,veraval_nodes_REAL_data_20260831_0656.csv
GJ-VER-0107,20.63079462,71.09028418,Gir Somnath,22.2 km seaward operational buffer,2026-08-31T12:15,1.82,241,7.6,1.36,235,7.2,3.8,73,25.5,32.4,255,0.0,True,No hazard,veraval_nodes_REAL_data_20260831_0656.csv
GJ-VER-0108,20.67586897,71.08912962,Gir Somnath,22.2 km seaward operational buffer,2026-08-31T12:15,1.34,235,7.25,0.98,227,7.05,3.6,72,25.7,26.3,254,0.0,True,No hazard,veraval_nodes_REAL_data_20260831_0656.csv
GJ-VER-0109,20.72094302,71.08797196,Gir Somnath,22.2 km seaward operational buffer,2026-08-31T12:15,1.34,235,7.25,0.98,227,7.05,3.6,72,25.7,26.3,254,0.0,True,No hazard,veraval_nodes_REAL_data_20260831_0656.csv
GJ-VER-0110,20.58679624,71.13930373,Gir Somnath,22.2 km seaward operational buffer,2026-08-31T12:15,1.82,241,7.6,1.36,235,7.2,3.8,73,25.5,31.2,261,0.0,True,No hazard,veraval_nodes_REAL_data_20260831_0656.csv
GJ-VER-0111,20.63187345,71.13816627,Gir Somnath,22.2 km seaward operational buffer,2026-08-31T12:15,1.82,241,7.6,1.36,235,7.2,3.8,73,25.5,32.4,255,0.0,True,No hazard,veraval_nodes_REAL_data_20260831_0656.csv
GJ-VER-0112,20.67695037,71.13702577,Gir Somnath,22.2 km seaward operational buffer,2026-08-31T12:15,1.34,235,7.25,0.98,227,7.05,3.6,72,25.7,26.3,254,0.0,True,No hazard,veraval_nodes_REAL_data_20260831_0656.csv
GJ-VER-0113,20.72202699,71.13588221,Gir Somnath,22.2 km seaward operational buffer,2026-08-31T12:15,1.34,235,7.25,0.98,227,7.05,3.6,72,25.7,26.3,254,0.0,True,No hazard,veraval_nodes_REAL_data_20260831_0656.csv
GJ-VER-0114,20.58785932,71.18717485,Gir Somnath,22.2 km seaward operational buffer,2026-08-31T12:15,1.7,240,7.45,1.26,234,7.15,3.6,70,25.8,30.4,260,0.0,True,No hazard,veraval_nodes_REAL_data_20260831_0656.csv
GJ-VER-0115,20.63293906,71.18605142,Gir Somnath,22.2 km seaward operational buffer,2026-08-31T12:15,1.7,240,7.45,1.26,234,7.15,3.6,70,25.8,32.0,254,0.0,True,No hazard,veraval_nodes_REAL_data_20260831_0656.csv
GJ-VER-0116,20.67801851,71.18492497,Gir Somnath,22.2 km seaward operational buffer,2026-08-31T12:15,1.26,236,7.0,0.9,226,7.05,3.7,67,25.8,26.3,254,0.0,True,No hazard,veraval_nodes_REAL_data_20260831_0656.csv
GJ-VER-0117,20.72309767,71.1837955,Gir Somnath,22.2 km seaward operational buffer,2026-08-31T12:15,1.26,236,7.0,0.9,226,7.05,3.7,67,25.8,26.3,254,0.0,True,No hazard,veraval_nodes_REAL_data_20260831_0656.csv
GJ-VER-0118,20.76817653,71.18266302,Gir Somnath,22.2 km seaward operational buffer,2026-08-31T12:15,0.9,233,6.05,0.58,223,6.9,3.6,70,26.4,25.1,258,0.0,True,No hazard,veraval_nodes_REAL_data_20260831_0656.csv
GJ-VER-0119,20.5889092,71.23504899,Gir Somnath,22.2 km seaward operational buffer,2026-08-31T12:15,1.7,240,7.45,1.26,234,7.15,3.6,70,25.8,30.4,260,0.0,True,No hazard,veraval_nodes_REAL_data_20260831_0656.csv
GJ-VER-0120,20.63399145,71.23393958,Gir Somnath,22.2 km seaward operational buffer,2026-08-31T12:15,1.7,240,7.45,1.26,234,7.15,3.6,70,25.8,32.0,254,0.0,True,No hazard,veraval_nodes_REAL_data_20260831_0656.csv
GJ-VER-0121,20.6790734,71.23282719,Gir Somnath,22.2 km seaward operational buffer,2026-08-31T12:15,1.26,236,7.0,0.9,226,7.05,3.7,67,25.8,31.8,247,0.0,True,No hazard,veraval_nodes_REAL_data_20260831_0656.csv
GJ-VER-0122,20.72415507,71.23171182,Gir Somnath,22.2 km seaward operational buffer,2026-08-31T12:15,1.26,236,7.0,0.9,226,7.05,3.7,67,25.8,31.8,247,0.0,True,No hazard,veraval_nodes_REAL_data_20260831_0656.csv
GJ-VER-0123,20.76923643,71.23059347,Gir Somnath,22.2 km seaward operational buffer,2026-08-31T12:15,0.9,233,6.05,0.58,223,6.9,3.6,70,26.4,25.7,251,0.0,True,No hazard,veraval_nodes_REAL_data_20260831_0656.csv
GJ-VER-0124,20.63503061,71.28183071,Gir Somnath,22.2 km seaward operational buffer,2026-08-31T12:15,1.64,240,7.3,1.18,234,7.1,3.8,71,26.0,31.2,254,0.0,True,No hazard,veraval_nodes_REAL_data_20260831_0656.csv
GJ-VER-0125,20.68011503,71.28073239,Gir Somnath,22.2 km seaward operational buffer,2026-08-31T12:15,1.22,236,6.8,0.84,226,7.0,3.9,68,26.1,31.8,247,0.0,True,No hazard,veraval_nodes_REAL_data_20260831_0656.csv
GJ-VER-0126,20.72519917,71.27963113,Gir Somnath,22.2 km seaward operational buffer,2026-08-31T12:15,1.22,236,6.8,0.84,226,7.0,3.9,68,26.1,31.8,247,0.0,True,No hazard,veraval_nodes_REAL_data_20260831_0656.csv
GJ-VER-0127,20.77028301,71.27852692,Gir Somnath,22.2 km seaward operational buffer,2026-08-31T12:15,0.94,233,5.95,0.56,223,7.0,3.9,66,26.6,25.7,251,0.0,True,No hazard,veraval_nodes_REAL_data_20260831_0656.csv
GJ-VER-0128,20.81536657,71.27741976,Gir Somnath,22.2 km seaward operational buffer,2026-08-31T12:15,0.94,233,5.95,0.56,223,7.0,3.9,66,26.6,25.7,251,0.0,True,No hazard,veraval_nodes_REAL_data_20260831_0656.csv
GJ-VER-0129,20.63605653,71.32972479,Gir Somnath,22.2 km seaward operational buffer,2026-08-31T12:15,1.64,240,7.3,1.18,234,7.1,3.8,71,26.0,31.2,254,0.0,True,No hazard,veraval_nodes_REAL_data_20260831_0656.csv
GJ-VER-0130,20.6811434,71.32864054,Gir Somnath,22.2 km seaward operational buffer,2026-08-31T12:15,1.22,236,6.8,0.84,226,7.0,3.9,68,26.1,33.0,248,0.0,True,No hazard,veraval_nodes_REAL_data_20260831_0656.csv
GJ-VER-0131,20.72622998,71.32755338,Gir Somnath,22.2 km seaward operational buffer,2026-08-31T12:15,1.22,236,6.8,0.84,226,7.0,3.9,68,26.1,33.0,248,0.0,True,No hazard,veraval_nodes_REAL_data_20260831_0656.csv
GJ-VER-0132,20.77131627,71.32646331,Gir Somnath,22.2 km seaward operational buffer,2026-08-31T12:15,0.94,233,5.95,0.56,223,7.0,3.9,66,26.6,25.7,251,0.0,True,No hazard,veraval_nodes_REAL_data_20260831_0656.csv
GJ-VER-0133,20.81640226,71.32537034,Gir Somnath,22.2 km seaward operational buffer,2026-08-31T12:15,0.94,233,5.95,0.56,223,7.0,3.9,66,26.6,25.7,251,0.0,True,No hazard,veraval_nodes_REAL_data_20260831_0656.csv
GJ-VER-0134,20.6821585,71.37655158,Gir Somnath,22.2 km seaward operational buffer,2026-08-31T12:15,1.28,236,6.6,0.82,226,7.05,4.0,69,26.3,33.0,248,0.0,True,No hazard,veraval_nodes_REAL_data_20260831_0656.csv
GJ-VER-0135,20.72724749,71.37547854,Gir Somnath,22.2 km seaward operational buffer,2026-08-31T12:15,1.28,236,6.6,0.82,226,7.05,4.0,69,26.3,33.0,248,0.0,True,No hazard,veraval_nodes_REAL_data_20260831_0656.csv
GJ-VER-0136,20.77233619,71.37440262,Gir Somnath,22.2 km seaward operational buffer,2026-08-31T12:15,1.0,233,5.95,0.56,222,7.0,4.1,67,26.6,32.2,243,0.0,True,No hazard,veraval_nodes_REAL_data_20260831_0656.csv
GJ-VER-0137,20.8174246,71.37332383,Gir Somnath,22.2 km seaward operational buffer,2026-08-31T12:15,1.0,233,5.95,0.56,222,7.0,4.1,67,26.6,24.7,249,0.0,True,No hazard,veraval_nodes_REAL_data_20260831_0656.csv
GJ-VER-0138,20.77334278,71.4223448,Gir Somnath,22.2 km seaward operational buffer,2026-08-31T12:15,1.16,233,6.1,0.6,223,7.15,4.0,69,26.7,34.0,243,0.0,True,No hazard,veraval_nodes_REAL_data_20260831_0656.csv
GJ-VER-0139,20.81843357,71.4212802,Gir Somnath,22.2 km seaward operational buffer,2026-08-31T12:15,1.16,233,6.1,0.6,223,7.15,4.0,69,26.7,24.7,249,0.0,True,No hazard,veraval_nodes_REAL_data_20260831_0656.csv
GJ-VER-0140,20.86352407,71.42021276,Gir Somnath,22.2 km seaward operational buffer,2026-08-31T12:15,0.88,233,5.4,0.42,223,6.7,3.9,68,27.5,24.7,249,0.0,True,No hazard,veraval_nodes_REAL_data_20260831_0656.csv
GJ-VER-0001,20.87516585,70.07678103,Gir Somnath,22.2 km seaward operational buffer,2026-08-28T22:45,2.2,240,8.05,1.72,239,7.0,2.1,121,27.6,30.3,251,0.0,True,No hazard,veraval_nodes_REAL_data_20260828_1726.csv
GJ-VER-0002,20.92017704,70.07530903,Gir Somnath,22.2 km seaward operational buffer,2026-08-28T22:45,2.08,241,8.1,1.68,240,7.05,2.1,128,27.3,30.2,250,0.0,True,No hazard,veraval_nodes_REAL_data_20260828_1726.csv
GJ-VER-0003,20.9651879,70.07383312,Gir Somnath,22.2 km seaward operational buffer,2026-08-28T22:45,2.08,241,8.1,1.68,240,7.05,2.1,128,27.3,19.2,251,0.0,True,No hazard,veraval_nodes_REAL_data_20260828_1726.csv
GJ-VER-0004,21.01019843,70.0723533,Gir Somnath,22.2 km seaward operational buffer,2026-08-28T22:45,1.68,240,8.4,1.46,241,7.15,1.9,131,27.0,19.2,251,0.0,True,No hazard,veraval_nodes_REAL_data_20260828_1726.csv
GJ-VER-0005,21.05520861,70.07086956,Gir Somnath,22.2 km seaward operational buffer,2026-08-28T22:45,1.68,240,8.4,1.46,241,7.15,1.9,131,27.0,19.2,251,0.0,True,No hazard,veraval_nodes_REAL_data_20260828_1726.csv
GJ-VER-0006,21.10021846,70.06938189,Gir Somnath,22.2 km seaward operational buffer,2026-08-28T22:45,1.44,241,8.3,1.32,243,7.0,1.8,135,26.8,17.1,250,0.0,True,No hazard,veraval_nodes_REAL_data_20260828_1726.csv
GJ-VER-0007,20.83152605,70.12612866,Gir Somnath,22.2 km seaward operational buffer,2026-08-28T22:45,2.34,239,8.1,1.88,238,7.0,2.1,121,27.5,30.9,251,0.0,True,No hazard,veraval_nodes_REAL_data_20260828_1726.csv
GJ-VER-0008,20.87654082,70.12467471,Gir Somnath,22.2 km seaward operational buffer,2026-08-28T22:45,2.2,239,8.05,1.76,238,6.95,2.2,125,27.2,30.9,251,0.0,True,No hazard,veraval_nodes_REAL_data_20260828_1726.csv
GJ-VER-0009,20.92155525,70.12321689,Gir Somnath,22.2 km seaward operational buffer,2026-08-28T22:45,2.06,239,8.15,1.68,238,6.95,2.2,125,26.8,29.5,251,0.0,True,No hazard,veraval_nodes_REAL_data_20260828_1726.csv
GJ-VER-0010,20.96656935,70.1217552,Gir Somnath,22.2 km seaward operational buffer,2026-08-28T22:45,2.06,239,8.15,1.68,238,6.95,2.2,125,26.8,19.2,251,0.0,True,No hazard,veraval_nodes_REAL_data_20260828_1726.csv
GJ-VER-0011,21.01158311,70.12028964,Gir Somnath,22.2 km seaward operational buffer,2026-08-28T22:45,1.64,234,8.5,1.42,236,6.9,1.9,131,26.6,19.2,251,0.0,True,No hazard,veraval_nodes_REAL_data_20260828_1726.csv
GJ-VER-0012,21.05659653,70.11882019,Gir Somnath,22.2 km seaward operational buffer,2026-08-28T22:45,1.64,234,8.5,1.42,236,6.9,1.9,131,26.6,19.2,251,0.0,True,No hazard,veraval_nodes_REAL_data_20260828_1726.csv
GJ-VER-0013,20.7878662,70.17544804,Gir Somnath,22.2 km seaward operational buffer,2026-08-28T22:45,2.3,239,8.05,1.88,237,6.95,2.1,121,27.0,31.0,250,0.0,True,No hazard,veraval_nodes_REAL_data_20260828_1726.csv
GJ-VER-0014,20.8328845,70.17401206,Gir Somnath,22.2 km seaward operational buffer,2026-08-28T22:45,2.3,239,8.05,1.88,237,6.95,2.1,121,27.0,30.9,251,0.0,True,No hazard,veraval_nodes_REAL_data_20260828_1726.csv
GJ-VER-0015,20.87790246,70.17257226,Gir Somnath,22.2 km seaward operational buffer,2026-08-28T22:45,2.2,239,8.05,1.8,237,6.9,2.2,125,26.6,30.9,251,0.0,True,No hazard,veraval_nodes_REAL_data_20260828_1726.csv
GJ-VER-0016,20.9229201,70.17112863,Gir Somnath,22.2 km seaward operational buffer,2026-08-28T22:45,2.08,238,8.15,1.74,238,6.85,1.9,124,26.3,19.0,252,0.0,True,No hazard,veraval_nodes_REAL_data_20260828_1726.csv
GJ-VER-0017,20.9679374,70.16968116,Gir Somnath,22.2 km seaward operational buffer,2026-08-28T22:45,2.08,238,8.15,1.74,238,6.85,1.9,124,26.3,19.2,251,0.0,True,No hazard,veraval_nodes_REAL_data_20260828_1726.csv
GJ-VER-0018,21.01295437,70.16822986,Gir Somnath,22.2 km seaward operational buffer,2026-08-28T22:45,1.64,234,8.5,1.42,236,6.9,1.5,135,26.6,19.2,251,0.0,True,No hazard,veraval_nodes_REAL_data_20260828_1726.csv
GJ-VER-0019,20.78920817,70.22332115,Gir Somnath,22.2 km seaward operational buffer,2026-08-28T22:45,2.3,239,8.05,1.88,237,6.95,2.1,121,27.0,31.6,251,0.0,True,No hazard,veraval_nodes_REAL_data_20260828_1726.csv
GJ-VER-0020,20.83422964,70.22189929,Gir Somnath,22.2 km seaward operational buffer,2026-08-28T22:45,2.2,239,8.05,1.8,237,6.9,2.2,125,26.6,31.0,251,0.0,True,No hazard,veraval_nodes_REAL_data_20260828_1726.csv
GJ-VER-0021,20.87925078,70.22047364,Gir Somnath,22.2 km seaward operational buffer,2026-08-28T22:45,2.2,239,8.05,1.8,237,6.9,2.2,125,26.6,19.0,252,0.0,True,No hazard,veraval_nodes_REAL_data_20260828_1726.csv
GJ-VER-0022,20.92427159,70.2190442,Gir Somnath,22.2 km seaward operational buffer,2026-08-28T22:45,2.08,238,8.15,1.74,238,6.85,1.9,124,26.3,19.0,252,0.0,True,No hazard,veraval_nodes_REAL_data_20260828_1726.csv
GJ-VER-0023,20.96929207,70.21761096,Gir Somnath,22.2 km seaward operational buffer,2026-08-28T22:45,2.08,238,8.15,1.74,238,6.85,1.9,124,26.3,19.0,252,0.0,True,No hazard,veraval_nodes_REAL_data_20260828_1726.csv
GJ-VER-0024,20.74551194,70.27260204,Gir Somnath,22.2 km seaward operational buffer,2026-08-28T22:45,2.36,241,8.0,1.94,240,7.0,2.0,117,27.0,31.6,251,0.0,True,No hazard,veraval_nodes_REAL_data_20260828_1726.csv
GJ-VER-0025,20.79053688,70.27119804,Gir Somnath,22.2 km seaward operational buffer,2026-08-28T22:45,2.26,239,8.0,1.86,237,6.9,2.3,119,26.6,31.6,251,0.0,True,No hazard,veraval_nodes_REAL_data_20260828_1726.csv
GJ-VER-0026,20.83556148,70.2697903,Gir Somnath,22.2 km seaward operational buffer,2026-08-28T22:45,2.16,239,8.0,1.82,237,6.85,2.1,121,26.3,19.1,254,0.0,True,No hazard,veraval_nodes_REAL_data_20260828_1726.csv
GJ-VER-0027,20.88058576,70.26837881,Gir Somnath,22.2 km seaward operational buffer,2026-08-28T22:45,2.16,239,8.0,1.82,237,6.85,2.1,121,26.3,19.0,252,0.0,True,No hazard,veraval_nodes_REAL_data_20260828_1726.csv
GJ-VER-0028,20.92560971,70.26696356,Gir Somnath,22.2 km seaward operational buffer,2026-08-28T22:45,2.16,239,8.0,1.82,237,6.85,1.8,135,26.2,19.0,252,0.0,True,No hazard,veraval_nodes_REAL_data_20260828_1726.csv
GJ-VER-0029,20.7017959,70.32185479,Gir Somnath,22.2 km seaward operational buffer,2026-08-28T22:45,2.36,241,8.0,1.94,240,7.0,2.0,117,27.0,29.9,252,0.0,True,No hazard,veraval_nodes_REAL_data_20260828_1726.csv
GJ-VER-0030,20.74682427,70.32046858,Gir Somnath,22.2 km seaward operational buffer,2026-08-28T22:45,2.36,241,8.0,1.94,240,7.0,2.0,117,27.0,30.2,253,0.0,True,No hazard,veraval_nodes_REAL_data_20260828_1726.csv
GJ-VER-0031,20.7918523,70.31907867,Gir Somnath,22.2 km seaward operational buffer,2026-08-28T22:45,2.26,239,8.0,1.86,237,6.9,2.3,119,26.6,30.2,253,0.0,True,No hazard,veraval_nodes_REAL_data_20260828_1726.csv
GJ-VER-0032,20.83688002,70.31768506,Gir Somnath,22.2 km seaward operational buffer,2026-08-28T22:45,2.16,239,8.0,1.82,237,6.85,2.1,121,26.3,19.1,254,0.0,True,No hazard,veraval_nodes_REAL_data_20260828_1726.csv
GJ-VER-0033,20.8819074,70.31628773,Gir Somnath,22.2 km seaward operational buffer,2026-08-28T22:45,2.16,239,8.0,1.82,237,6.85,2.1,121,26.3,19.1,254,0.0,True,No hazard,veraval_nodes_REAL_data_20260828_1726.csv
GJ-VER-0034,20.92693447,70.31488669,Gir Somnath,22.2 km seaward operational buffer,2026-08-28T22:45,2.16,239,8.0,1.82,237,6.85,1.8,135,26.2,19.0,252,0.0,True,No hazard,veraval_nodes_REAL_data_20260828_1726.csv
GJ-VER-0035,20.70309191,70.36971098,Gir Somnath,22.2 km seaward operational buffer,2026-08-28T22:45,2.3,241,7.95,1.88,239,6.95,2.2,114,26.6,29.9,252,0.0,True,No hazard,veraval_nodes_REAL_data_20260828_1726.csv
GJ-VER-0036,20.74812334,70.36833883,Gir Somnath,22.2 km seaward operational buffer,2026-08-28T22:45,2.3,241,7.95,1.88,239,6.95,2.2,114,26.6,30.2,253,0.0,True,No hazard,veraval_nodes_REAL_data_20260828_1726.csv
GJ-VER-0037,20.79315445,70.36696301,Gir Somnath,22.2 km seaward operational buffer,2026-08-28T22:45,2.2,238,7.95,1.84,237,6.85,2.3,119,26.1,30.2,253,0.0,True,No hazard,veraval_nodes_REAL_data_20260828_1726.csv
GJ-VER-0038,20.83818524,70.36558353,Gir Somnath,22.2 km seaward operational buffer,2026-08-28T22:45,2.08,238,8.0,1.82,237,6.7,2.1,121,25.8,19.1,254,0.0,True,No hazard,veraval_nodes_REAL_data_20260828_1726.csv
GJ-VER-0039,20.88321571,70.36420037,Gir Somnath,22.2 km seaward operational buffer,2026-08-28T22:45,2.08,238,8.0,1.82,237,6.7,2.1,121,25.8,19.1,254,0.0,True,No hazard,veraval_nodes_REAL_data_20260828_1726.csv
GJ-VER-0040,20.65933989,70.4189253,Gir Somnath,22.2 km seaward operational buffer,2026-08-28T22:45,2.28,243,7.85,1.84,241,6.95,2.2,104,27.0,30.1,252,0.0,True,No hazard,veraval_nodes_REAL_data_20260828_1726.csv
GJ-VER-0041,20.70437469,70.41757083,Gir Somnath,22.2 km seaward operational buffer,2026-08-28T22:45,2.2,241,7.9,1.82,239,6.9,2.3,113,26.3,29.5,253,0.0,True,No hazard,veraval_nodes_REAL_data_20260828_1726.csv
GJ-VER-0042,20.74940916,70.41621274,Gir Somnath,22.2 km seaward operational buffer,2026-08-28T22:45,2.3,241,7.95,1.88,239,6.95,2.2,114,26.6,19.1,258,0.0,True,No hazard,veraval_nodes_REAL_data_20260828_1726.csv
GJ-VER-0043,20.79444332,70.41485102,Gir Somnath,22.2 km seaward operational buffer,2026-08-28T22:45,2.2,238,7.95,1.84,237,6.85,2.3,119,26.1,19.1,258,0.0,True,No hazard,veraval_nodes_REAL_data_20260828_1726.csv
GJ-VER-0044,20.83947715,70.41348568,Gir Somnath,22.2 km seaward operational buffer,2026-08-28T22:45,2.08,238,8.0,1.82,237,6.7,2.1,121,25.8,19.1,254,0.0,True,No hazard,veraval_nodes_REAL_data_20260828_1726.csv
GJ-VER-0045,20.61556832,70.4681116,Gir Somnath,22.2 km seaward operational buffer,2026-08-28T22:45,2.28,243,7.85,1.84,241,6.95,2.2,104,27.0,30.7,253,0.0,True,No hazard,veraval_nodes_REAL_data_20260828_1726.csv
GJ-VER-0046,20.66060644,70.46677474,Gir Somnath,22.2 km seaward operational buffer,2026-08-28T22:45,2.28,243,7.85,1.84,241,6.95,2.2,104,27.0,30.7,253,0.0,True,No hazard,veraval_nodes_REAL_data_20260828_1726.csv
GJ-VER-0047,20.70564424,70.4654343,Gir Somnath,22.2 km seaward operational buffer,2026-08-28T22:45,2.2,241,7.9,1.82,239,6.9,2.3,113,26.3,29.5,253,0.0,True,No hazard,veraval_nodes_REAL_data_20260828_1726.csv
GJ-VER-0048,20.75068172,70.46409028,Gir Somnath,22.2 km seaward operational buffer,2026-08-28T22:45,2.08,238,7.95,1.78,238,6.8,2.2,114,25.7,19.1,258,0.0,True,No hazard,veraval_nodes_REAL_data_20260828_1726.csv
GJ-VER-0049,20.79571889,70.46274267,Gir Somnath,22.2 km seaward operational buffer,2026-08-28T22:45,2.08,238,7.95,1.78,238,6.8,2.2,114,25.7,19.1,258,0.0,True,No hazard,veraval_nodes_REAL_data_20260828_1726.csv
GJ-VER-0050,20.84075574,70.46139146,Gir Somnath,22.2 km seaward operational buffer,2026-08-28T22:45,2.08,238,7.95,1.78,238,6.8,1.9,131,25.4,19.1,258,0.0,True,No hazard,veraval_nodes_REAL_data_20260828_1726.csv
GJ-VER-0051,20.61681869,70.51595063,Gir Somnath,22.2 km seaward operational buffer,2026-08-28T22:45,2.22,243,7.8,1.78,239,6.95,2.6,102,26.9,30.7,253,0.0,True,No hazard,veraval_nodes_REAL_data_20260828_1726.csv
GJ-VER-0052,20.66185978,70.51462777,Gir Somnath,22.2 km seaward operational buffer,2026-08-28T22:45,2.22,243,7.8,1.78,239,6.95,2.6,102,26.9,30.7,253,0.0,True,No hazard,veraval_nodes_REAL_data_20260828_1726.csv
GJ-VER-0053,20.70690056,70.51330136,Gir Somnath,22.2 km seaward operational buffer,2026-08-28T22:45,2.08,240,7.9,1.72,239,6.85,2.4,107,26.1,29.3,256,0.0,True,No hazard,veraval_nodes_REAL_data_20260828_1726.csv
GJ-VER-0054,20.75194103,70.51197141,Gir Somnath,22.2 km seaward operational buffer,2026-08-28T22:45,1.88,237,8.0,1.64,238,6.7,2.3,113,25.7,19.1,258,0.0,True,No hazard,veraval_nodes_REAL_data_20260828_1726.csv
GJ-VER-0055,20.79698117,70.5106379,Gir Somnath,22.2 km seaward operational buffer,2026-08-28T22:45,1.88,237,8.0,1.64,238,6.7,2.3,113,25.7,19.1,258,0.0,True,No hazard,veraval_nodes_REAL_data_20260828_1726.csv
GJ-VER-0056,20.61805589,70.5637932,Gir Somnath,22.2 km seaward operational buffer,2026-08-28T22:45,2.22,243,7.8,1.78,239,6.95,2.6,102,26.9,31.6,254,0.0,True,No hazard,veraval_nodes_REAL_data_20260828_1726.csv
GJ-VER-0057,20.66309993,70.56248433,Gir Somnath,22.2 km seaward operational buffer,2026-08-28T22:45,2.22,243,7.8,1.78,239,6.95,2.6,102,26.9,31.6,254,0.0,True,No hazard,veraval_nodes_REAL_data_20260828_1726.csv
GJ-VER-0058,20.70814365,70.56117196,Gir Somnath,22.2 km seaward operational buffer,2026-08-28T22:45,2.08,240,7.9,1.72,239,6.85,2.4,107,26.1,29.3,256,0.0,True,No hazard,veraval_nodes_REAL_data_20260828_1726.csv
GJ-VER-0059,20.75318706,70.55985608,Gir Somnath,22.2 km seaward operational buffer,2026-08-28T22:45,1.88,237,8.0,1.64,238,6.7,2.3,113,25.7,17.1,259,0.0,True,No hazard,veraval_nodes_REAL_data_20260828_1726.csv
GJ-VER-0060,20.57423265,70.61293066,Gir Somnath,22.2 km seaward operational buffer,2026-08-28T22:45,2.28,245,7.75,1.84,242,6.85,2.3,94,27.4,31.7,255,0.0,True,No hazard,veraval_nodes_REAL_data_20260828_1726.csv
GJ-VER-0061,20.61927992,70.61163926,Gir Somnath,22.2 km seaward operational buffer,2026-08-28T22:45,2.14,242,7.8,1.74,239,6.9,2.8,101,26.7,30.9,257,0.0,True,No hazard,veraval_nodes_REAL_data_20260828_1726.csv
GJ-VER-0062,20.66432687,70.6103444,Gir Somnath,22.2 km seaward operational buffer,2026-08-28T22:45,2.14,242,7.8,1.74,239,6.9,2.8,101,26.7,27.6,258,0.0,True,No hazard,veraval_nodes_REAL_data_20260828_1726.csv
GJ-VER-0063,20.7093735,70.60904607,Gir Somnath,22.2 km seaward operational buffer,2026-08-28T22:45,1.9,238,8.0,1.58,238,6.8,2.6,106,26.0,18.8,260,0.0,True,No hazard,veraval_nodes_REAL_data_20260828_1726.csv
GJ-VER-0064,20.75441983,70.60774428,Gir Somnath,22.2 km seaward operational buffer,2026-08-28T22:45,1.58,236,8.0,1.38,237,6.65,2.5,111,25.6,17.1,259,0.0,True,No hazard,veraval_nodes_REAL_data_20260828_1726.csv
GJ-VER-0065,20.57544062,70.66076621,Gir Somnath,22.2 km seaward operational buffer,2026-08-28T22:45,2.28,245,7.75,1.84,242,6.85,2.3,94,27.4,32.0,255,0.0,True,No hazard,veraval_nodes_REAL_data_20260828_1726.csv
GJ-VER-0066,20.62049076,70.65948879,Gir Somnath,22.2 km seaward operational buffer,2026-08-28T22:45,2.14,242,7.8,1.74,239,6.9,2.8,101,26.7,30.9,257,0.0,True,No hazard,veraval_nodes_REAL_data_20260828_1726.csv
GJ-VER-0067,20.66554059,70.65820794,Gir Somnath,22.2 km seaward operational buffer,2026-08-28T22:45,2.14,242,7.8,1.74,239,6.9,2.8,101,26.7,30.9,257,0.0,True,No hazard,veraval_nodes_REAL_data_20260828_1726.csv
GJ-VER-0068,20.71059011,70.65692366,Gir Somnath,22.2 km seaward operational buffer,2026-08-28T22:45,1.9,238,8.0,1.58,238,6.8,2.6,106,26.0,18.8,260,0.0,True,No hazard,veraval_nodes_REAL_data_20260828_1726.csv
GJ-VER-0069,20.75563932,70.65563594,Gir Somnath,22.2 km seaward operational buffer,2026-08-28T22:45,1.58,236,8.0,1.38,237,6.65,2.5,111,25.6,18.8,260,0.0,True,No hazard,veraval_nodes_REAL_data_20260828_1726.csv
GJ-VER-0070,20.53158213,70.70986525,Gir Somnath,22.2 km seaward operational buffer,2026-08-28T22:45,2.28,245,7.75,1.86,242,6.8,2.5,94,27.3,32.1,255,0.0,True,No hazard,veraval_nodes_REAL_data_20260828_1726.csv
GJ-VER-0071,20.57663543,70.70860519,Gir Somnath,22.2 km seaward operational buffer,2026-08-28T22:45,2.28,245,7.75,1.86,242,6.8,2.5,94,27.3,32.0,255,0.0,True,No hazard,veraval_nodes_REAL_data_20260828_1726.csv
GJ-VER-0072,20.62168842,70.70734174,Gir Somnath,22.2 km seaward operational buffer,2026-08-28T22:45,2.1,241,7.8,1.7,237,6.85,3.1,97,26.6,27.9,259,0.0,True,No hazard,veraval_nodes_REAL_data_20260828_1726.csv
GJ-VER-0073,20.6667411,70.7060749,Gir Somnath,22.2 km seaward operational buffer,2026-08-28T22:45,1.72,235,7.95,1.46,235,6.7,3.1,103,26.0,23.5,261,0.0,True,No hazard,veraval_nodes_REAL_data_20260828_1726.csv
GJ-VER-0074,20.71179348,70.70480468,Gir Somnath,22.2 km seaward operational buffer,2026-08-28T22:45,1.72,235,7.95,1.46,235,6.7,3.1,103,26.0,18.8,260,0.0,True,No hazard,veraval_nodes_REAL_data_20260828_1726.csv
GJ-VER-0075,20.53276097,70.75769366,Gir Somnath,22.2 km seaward operational buffer,2026-08-28T22:45,2.28,245,7.75,1.88,242,6.8,2.9,94,27.2,31.1,257,0.0,True,No hazard,veraval_nodes_REAL_data_20260828_1726.csv
GJ-VER-0076,20.57781709,70.75644754,Gir Somnath,22.2 km seaward operational buffer,2026-08-28T22:45,2.28,245,7.75,1.88,242,6.8,2.9,94,27.2,31.1,257,0.0,True,No hazard,veraval_nodes_REAL_data_20260828_1726.csv
GJ-VER-0077,20.6228729,70.75519808,Gir Somnath,22.2 km seaward operational buffer,2026-08-28T22:45,2.08,241,7.8,1.74,237,6.85,3.3,96,26.4,27.9,259,0.0,True,No hazard,veraval_nodes_REAL_data_20260828_1726.csv
GJ-VER-0078,20.66792839,70.75394526,Gir Somnath,22.2 km seaward operational buffer,2026-08-28T22:45,1.6,235,7.9,1.36,235,6.65,3.3,99,25.9,18.8,260,0.0,True,No hazard,veraval_nodes_REAL_data_20260828_1726.csv
GJ-VER-0079,20.71298359,70.75268909,Gir Somnath,22.2 km seaward operational buffer,2026-08-28T22:45,1.6,235,7.9,1.36,235,6.65,3.3,99,25.9,18.8,260,0.0,True,No hazard,veraval_nodes_REAL_data_20260828_1726.csv
GJ-VER-0080,20.53392669,70.80552542,Gir Somnath,22.2 km seaward operational buffer,2026-08-28T22:45,2.28,245,7.75,1.88,242,6.8,2.9,94,27.2,32.4,255,0.0,True,No hazard,veraval_nodes_REAL_data_20260828_1726.csv
GJ-VER-0081,20.57898558,70.80429325,Gir Somnath,22.2 km seaward operational buffer,2026-08-28T22:45,2.28,245,7.75,1.88,242,6.8,2.9,94,27.2,31.1,257,0.0,True,No hazard,veraval_nodes_REAL_data_20260828_1726.csv
GJ-VER-0082,20.62404418,70.80305777,Gir Somnath,22.2 km seaward operational buffer,2026-08-28T22:45,2.08,241,7.8,1.74,237,6.85,3.3,96,26.4,25.7,262,0.0,True,No hazard,veraval_nodes_REAL_data_20260828_1726.csv
GJ-VER-0083,20.66910246,70.80181898,Gir Somnath,22.2 km seaward operational buffer,2026-08-28T22:45,1.6,235,7.9,1.36,235,6.65,3.3,99,25.9,16.8,260,0.0,True,No hazard,veraval_nodes_REAL_data_20260828_1726.csv
GJ-VER-0084,20.53507927,70.85336048,Gir Somnath,22.2 km seaward operational buffer,2026-08-28T22:45,2.28,245,7.7,1.88,242,6.9,3.1,90,27.2,30.1,259,0.0,True,No hazard,veraval_nodes_REAL_data_20260828_1726.csv
GJ-VER-0085,20.58014092,70.85214226,Gir Somnath,22.2 km seaward operational buffer,2026-08-28T22:45,2.28,245,7.7,1.88,242,6.9,3.1,90,27.2,30.1,259,0.0,True,No hazard,veraval_nodes_REAL_data_20260828_1726.csv
GJ-VER-0086,20.62520226,70.85092077,Gir Somnath,22.2 km seaward operational buffer,2026-08-28T22:45,2.08,240,7.85,1.76,237,6.85,3.6,93,26.4,25.7,262,0.0,True,No hazard,veraval_nodes_REAL_data_20260828_1726.csv
GJ-VER-0087,20.6702633,70.84969601,Gir Somnath,22.2 km seaward operational buffer,2026-08-28T22:45,1.52,232,7.9,1.3,232,6.6,3.3,96,26.0,16.1,257,0.0,True,No hazard,veraval_nodes_REAL_data_20260828_1726.csv
GJ-VER-0088,20.53621871,70.9011988,Gir Somnath,22.2 km seaward operational buffer,2026-08-28T22:45,2.28,245,7.7,1.88,242,6.9,3.1,90,27.2,31.7,257,0.0,True,No hazard,veraval_nodes_REAL_data_20260828_1726.csv
GJ-VER-0089,20.58128308,70.89999455,Gir Somnath,22.2 km seaward operational buffer,2026-08-28T22:45,2.28,245,7.7,1.88,242,6.9,3.1,90,27.2,30.1,259,0.0,True,No hazard,veraval_nodes_REAL_data_20260828_1726.csv
GJ-VER-0090,20.62634715,70.89878705,Gir Somnath,22.2 km seaward operational buffer,2026-08-28T22:45,2.08,240,7.85,1.76,237,6.85,3.6,93,26.4,26.1,263,0.0,True,No hazard,veraval_nodes_REAL_data_20260828_1726.csv
GJ-VER-0091,20.67141091,70.89757632,Gir Somnath,22.2 km seaward operational buffer,2026-08-28T22:45,1.52,232,7.9,1.3,232,6.6,3.3,96,26.0,16.1,257,0.0,True,No hazard,veraval_nodes_REAL_data_20260828_1726.csv
GJ-VER-0092,20.53734501,70.94904036,Gir Somnath,22.2 km seaward operational buffer,2026-08-28T22:45,2.24,245,7.65,1.84,240,6.95,3.4,87,27.1,29.9,261,0.0,True,No hazard,veraval_nodes_REAL_data_20260828_1726.csv
GJ-VER-0093,20.58241207,70.94785006,Gir Somnath,22.2 km seaward operational buffer,2026-08-28T22:45,2.24,245,7.65,1.84,240,6.95,3.4,87,27.1,29.9,261,0.0,True,No hazard,veraval_nodes_REAL_data_20260828_1726.csv
GJ-VER-0094,20.62747883,70.94665657,Gir Somnath,22.2 km seaward operational buffer,2026-08-28T22:45,2.06,239,7.85,1.72,236,6.9,3.8,90,26.4,26.1,263,0.0,True,No hazard,veraval_nodes_REAL_data_20260828_1726.csv
GJ-VER-0095,20.67254529,70.94545987,Gir Somnath,22.2 km seaward operational buffer,2026-08-28T22:45,1.46,230,7.85,1.24,229,6.65,3.4,90,26.2,16.6,257,0.0,True,No hazard,veraval_nodes_REAL_data_20260828_1726.csv
GJ-VER-0096,20.53845817,70.99688511,Gir Somnath,22.2 km seaward operational buffer,2026-08-28T22:45,2.24,245,7.65,1.84,240,6.95,3.4,87,27.1,30.1,263,0.0,True,No hazard,veraval_nodes_REAL_data_20260828_1726.csv
GJ-VER-0097,20.58352789,70.99570878,Gir Somnath,22.2 km seaward operational buffer,2026-08-28T22:45,2.06,239,7.85,1.72,236,6.9,3.8,90,26.4,30.1,263,0.0,True,No hazard,veraval_nodes_REAL_data_20260828_1726.csv
GJ-VER-0098,20.62859731,70.99452929,Gir Somnath,22.2 km seaward operational buffer,2026-08-28T22:45,2.06,239,7.85,1.72,236,6.9,3.8,90,26.4,28.6,264,0.0,True,No hazard,veraval_nodes_REAL_data_20260828_1726.csv
GJ-VER-0099,20.67366643,70.99334663,Gir Somnath,22.2 km seaward operational buffer,2026-08-28T22:45,1.46,230,7.85,1.24,229,6.65,3.4,90,26.2,16.6,257,0.0,True,No hazard,veraval_nodes_REAL_data_20260828_1726.csv
GJ-VER-0100,20.53955818,71.04473301,Gir Somnath,22.2 km seaward operational buffer,2026-08-28T22:45,2.2,245,7.6,1.8,239,6.95,3.6,84,27.1,30.1,263,0.0,True,No hazard,veraval_nodes_REAL_data_20260828_1726.csv
GJ-VER-0101,20.58463052,71.04357065,Gir Somnath,22.2 km seaward operational buffer,2026-08-28T22:45,1.94,240,7.75,1.58,235,6.95,3.8,87,26.5,30.1,263,0.0,True,No hazard,veraval_nodes_REAL_data_20260828_1726.csv
GJ-VER-0102,20.62970257,71.04240517,Gir Somnath,22.2 km seaward operational buffer,2026-08-28T22:45,1.94,240,7.75,1.58,235,6.95,3.8,87,26.5,28.6,264,0.0,True,No hazard,veraval_nodes_REAL_data_20260828_1726.csv
GJ-VER-0103,20.67477432,71.04123656,Gir Somnath,22.2 km seaward operational buffer,2026-08-28T22:45,1.38,231,7.7,1.16,228,6.7,3.6,84,26.2,18.0,256,0.0,True,No hazard,veraval_nodes_REAL_data_20260828_1726.csv
GJ-VER-0104,20.71984577,71.04006482,Gir Somnath,22.2 km seaward operational buffer,2026-08-28T22:45,1.38,231,7.7,1.16,228,6.7,3.6,84,26.2,18.0,256,0.0,True,No hazard,veraval_nodes_REAL_data_20260828_1726.csv
GJ-VER-0105,20.54064504,71.09258403,Gir Somnath,22.2 km seaward operational buffer,2026-08-28T22:45,2.12,245,7.55,1.74,239,7.0,3.8,85,27.1,30.0,264,0.0,True,No hazard,veraval_nodes_REAL_data_20260828_1726.csv
GJ-VER-0106,20.58571998,71.09143565,Gir Somnath,22.2 km seaward operational buffer,2026-08-28T22:45,1.82,240,7.6,1.44,234,7.05,4.0,82,26.5,30.0,264,0.0,True,No hazard,veraval_nodes_REAL_data_20260828_1726.csv
GJ-VER-0107,20.63079462,71.09028418,Gir Somnath,22.2 km seaward operational buffer,2026-08-28T22:45,1.82,240,7.6,1.44,234,7.05,4.0,82,26.5,30.8,264,0.0,True,No hazard,veraval_nodes_REAL_data_20260828_1726.csv
GJ-VER-0108,20.67586897,71.08912962,Gir Somnath,22.2 km seaward operational buffer,2026-08-28T22:45,1.3,233,7.55,1.04,228,6.8,3.5,78,26.2,18.0,256,0.0,True,No hazard,veraval_nodes_REAL_data_20260828_1726.csv
GJ-VER-0109,20.72094302,71.08797196,Gir Somnath,22.2 km seaward operational buffer,2026-08-28T22:45,1.3,233,7.55,1.04,228,6.8,3.5,78,26.2,18.0,256,0.0,True,No hazard,veraval_nodes_REAL_data_20260828_1726.csv
GJ-VER-0110,20.58679624,71.13930373,Gir Somnath,22.2 km seaward operational buffer,2026-08-28T22:45,1.82,240,7.6,1.44,234,7.05,4.0,82,26.5,30.0,264,0.0,True,No hazard,veraval_nodes_REAL_data_20260828_1726.csv
GJ-VER-0111,20.63187345,71.13816627,Gir Somnath,22.2 km seaward operational buffer,2026-08-28T22:45,1.82,240,7.6,1.44,234,7.05,4.0,82,26.5,30.8,264,0.0,True,No hazard,veraval_nodes_REAL_data_20260828_1726.csv
GJ-VER-0112,20.67695037,71.13702577,Gir Somnath,22.2 km seaward operational buffer,2026-08-28T22:45,1.3,233,7.55,1.04,228,6.8,3.5,78,26.2,18.0,256,0.0,True,No hazard,veraval_nodes_REAL_data_20260828_1726.csv
GJ-VER-0113,20.72202699,71.13588221,Gir Somnath,22.2 km seaward operational buffer,2026-08-28T22:45,1.3,233,7.55,1.04,228,6.8,3.5,78,26.2,18.0,256,0.0,True,No hazard,veraval_nodes_REAL_data_20260828_1726.csv
GJ-VER-0114,20.58785932,71.18717485,Gir Somnath,22.2 km seaward operational buffer,2026-08-28T22:45,1.72,240,7.5,1.32,233,7.1,3.8,79,26.5,28.5,265,0.0,True,No hazard,veraval_nodes_REAL_data_20260828_1726.csv
GJ-VER-0115,20.63293906,71.18605142,Gir Somnath,22.2 km seaward operational buffer,2026-08-28T22:45,1.72,240,7.5,1.32,233,7.1,3.8,79,26.5,31.0,264,0.0,True,No hazard,veraval_nodes_REAL_data_20260828_1726.csv
GJ-VER-0116,20.67801851,71.18492497,Gir Somnath,22.2 km seaward operational buffer,2026-08-28T22:45,1.24,235,7.25,0.96,227,6.85,3.6,72,26.3,18.0,256,0.0,True,No hazard,veraval_nodes_REAL_data_20260828_1726.csv
GJ-VER-0117,20.72309767,71.1837955,Gir Somnath,22.2 km seaward operational buffer,2026-08-28T22:45,1.24,235,7.25,0.96,227,6.85,3.6,72,26.3,18.0,256,0.0,True,No hazard,veraval_nodes_REAL_data_20260828_1726.csv
GJ-VER-0118,20.76817653,71.18266302,Gir Somnath,22.2 km seaward operational buffer,2026-08-28T22:45,0.82,227,6.75,0.66,221,6.5,3.2,71,26.9,14.3,251,0.0,True,No hazard,veraval_nodes_REAL_data_20260828_1726.csv
GJ-VER-0119,20.5889092,71.23504899,Gir Somnath,22.2 km seaward operational buffer,2026-08-28T22:45,1.72,240,7.5,1.32,233,7.1,3.8,79,26.5,28.5,265,0.0,True,No hazard,veraval_nodes_REAL_data_20260828_1726.csv
GJ-VER-0120,20.63399145,71.23393958,Gir Somnath,22.2 km seaward operational buffer,2026-08-28T22:45,1.72,240,7.5,1.32,233,7.1,3.8,79,26.5,31.0,264,0.0,True,No hazard,veraval_nodes_REAL_data_20260828_1726.csv
GJ-VER-0121,20.6790734,71.23282719,Gir Somnath,22.2 km seaward operational buffer,2026-08-28T22:45,1.24,235,7.25,0.96,227,6.85,3.6,72,26.3,30.7,260,0.0,True,No hazard,veraval_nodes_REAL_data_20260828_1726.csv
GJ-VER-0122,20.72415507,71.23171182,Gir Somnath,22.2 km seaward operational buffer,2026-08-28T22:45,1.24,235,7.25,0.96,227,6.85,3.6,72,26.3,30.7,260,0.0,True,No hazard,veraval_nodes_REAL_data_20260828_1726.csv
GJ-VER-0123,20.76923643,71.23059347,Gir Somnath,22.2 km seaward operational buffer,2026-08-28T22:45,0.82,227,6.75,0.66,221,6.5,3.2,71,26.9,16.9,251,0.0,True,No hazard,veraval_nodes_REAL_data_20260828_1726.csv
GJ-VER-0124,20.63503061,71.28183071,Gir Somnath,22.2 km seaward operational buffer,2026-08-28T22:45,1.68,240,7.35,1.26,233,7.1,3.8,73,26.6,30.1,263,0.0,True,No hazard,veraval_nodes_REAL_data_20260828_1726.csv
GJ-VER-0125,20.68011503,71.28073239,Gir Somnath,22.2 km seaward operational buffer,2026-08-28T22:45,1.22,235,6.95,0.9,227,6.9,3.5,69,26.4,30.7,260,0.0,True,No hazard,veraval_nodes_REAL_data_20260828_1726.csv
GJ-VER-0126,20.72519917,71.27963113,Gir Somnath,22.2 km seaward operational buffer,2026-08-28T22:45,1.22,235,6.95,0.9,227,6.9,3.5,69,26.4,30.7,260,0.0,True,No hazard,veraval_nodes_REAL_data_20260828_1726.csv
GJ-VER-0127,20.77028301,71.27852692,Gir Somnath,22.2 km seaward operational buffer,2026-08-28T22:45,0.88,227,6.5,0.64,221,6.5,3.5,66,26.8,16.9,251,0.0,True,No hazard,veraval_nodes_REAL_data_20260828_1726.csv
GJ-VER-0128,20.81536657,71.27741976,Gir Somnath,22.2 km seaward operational buffer,2026-08-28T22:45,0.88,227,6.5,0.64,221,6.5,3.5,66,26.8,16.9,251,0.0,True,No hazard,veraval_nodes_REAL_data_20260828_1726.csv
GJ-VER-0129,20.63605653,71.32972479,Gir Somnath,22.2 km seaward operational buffer,2026-08-28T22:45,1.68,240,7.35,1.26,233,7.1,3.8,73,26.6,30.1,263,0.0,True,No hazard,veraval_nodes_REAL_data_20260828_1726.csv
GJ-VER-0130,20.6811434,71.32864054,Gir Somnath,22.2 km seaward operational buffer,2026-08-28T22:45,1.22,235,6.95,0.9,227,6.9,3.5,69,26.4,32.7,258,0.0,True,No hazard,veraval_nodes_REAL_data_20260828_1726.csv
GJ-VER-0131,20.72622998,71.32755338,Gir Somnath,22.2 km seaward operational buffer,2026-08-28T22:45,1.22,235,6.95,0.9,227,6.9,3.5,69,26.4,32.7,258,0.0,True,No hazard,veraval_nodes_REAL_data_20260828_1726.csv
GJ-VER-0132,20.77131627,71.32646331,Gir Somnath,22.2 km seaward operational buffer,2026-08-28T22:45,0.88,227,6.5,0.64,221,6.5,3.5,66,26.8,16.9,251,0.0,True,No hazard,veraval_nodes_REAL_data_20260828_1726.csv
GJ-VER-0133,20.81640226,71.32537034,Gir Somnath,22.2 km seaward operational buffer,2026-08-28T22:45,0.88,227,6.5,0.64,221,6.5,3.5,66,26.8,16.9,251,0.0,True,No hazard,veraval_nodes_REAL_data_20260828_1726.csv
GJ-VER-0134,20.6821585,71.37655158,Gir Somnath,22.2 km seaward operational buffer,2026-08-28T22:45,1.3,236,6.8,0.92,226,6.9,3.7,67,26.6,32.7,258,0.0,True,No hazard,veraval_nodes_REAL_data_20260828_1726.csv
GJ-VER-0135,20.72724749,71.37547854,Gir Somnath,22.2 km seaward operational buffer,2026-08-28T22:45,1.3,236,6.8,0.92,226,6.9,3.7,67,26.6,32.7,258,0.0,True,No hazard,veraval_nodes_REAL_data_20260828_1726.csv
GJ-VER-0136,20.77233619,71.37440262,Gir Somnath,22.2 km seaward operational buffer,2026-08-28T22:45,0.96,230,6.45,0.66,221,6.55,3.7,67,27.1,29.7,256,0.0,True,No hazard,veraval_nodes_REAL_data_20260828_1726.csv
GJ-VER-0137,20.8174246,71.37332383,Gir Somnath,22.2 km seaward operational buffer,2026-08-28T22:45,0.96,230,6.45,0.66,221,6.55,3.7,67,27.1,18.3,249,0.0,True,No hazard,veraval_nodes_REAL_data_20260828_1726.csv
GJ-VER-0138,20.77334278,71.4223448,Gir Somnath,22.2 km seaward operational buffer,2026-08-28T22:45,1.16,231,6.5,0.76,220,6.6,3.9,68,27.2,33.1,255,0.0,True,No hazard,veraval_nodes_REAL_data_20260828_1726.csv
GJ-VER-0139,20.81843357,71.4212802,Gir Somnath,22.2 km seaward operational buffer,2026-08-28T22:45,1.16,231,6.5,0.76,220,6.6,3.9,68,27.2,18.3,249,0.0,True,No hazard,veraval_nodes_REAL_data_20260828_1726.csv
GJ-VER-0140,20.86352407,71.42021276,Gir Somnath,22.2 km seaward operational buffer,2026-08-28T22:45,0.82,231,6.15,0.52,220,6.3,3.6,70,27.9,18.3,249,0.0,True,No hazard,veraval_nodes_REAL_data_20260828_1726.csv
GJ-VER-0001,20.87516585,70.07678103,Gir Somnath,22.2 km seaward operational buffer,2026-08-29T18:30,2.2,242,8.05,1.68,237,6.95,1.0,135,27.4,31.0,266,0.0,True,No hazard,veraval_nodes_REAL_data_20260829_1301.csv
GJ-VER-0002,20.92017704,70.07530903,Gir Somnath,22.2 km seaward operational buffer,2026-08-29T18:30,2.08,243,8.1,1.62,240,7.0,1.0,135,27.1,29.8,265,0.0,True,No hazard,veraval_nodes_REAL_data_20260829_1301.csv
GJ-VER-0003,20.9651879,70.07383312,Gir Somnath,22.2 km seaward operational buffer,2026-08-29T18:30,2.08,243,8.1,1.62,240,7.0,1.0,135,27.1,22.9,267,0.0,True,No hazard,veraval_nodes_REAL_data_20260829_1301.csv
GJ-VER-0004,21.01019843,70.0723533,Gir Somnath,22.2 km seaward operational buffer,2026-08-29T18:30,1.68,242,8.35,1.38,242,7.05,1.0,135,26.9,22.9,267,0.0,True,No hazard,veraval_nodes_REAL_data_20260829_1301.csv
GJ-VER-0005,21.05520861,70.07086956,Gir Somnath,22.2 km seaward operational buffer,2026-08-29T18:30,1.68,242,8.35,1.38,242,7.05,1.0,135,26.9,22.9,267,0.0,True,No hazard,veraval_nodes_REAL_data_20260829_1301.csv
GJ-VER-0006,21.10021846,70.06938189,Gir Somnath,22.2 km seaward operational buffer,2026-08-29T18:30,1.44,243,8.15,1.26,244,6.9,1.0,135,26.7,21.5,264,0.1,True,No hazard,veraval_nodes_REAL_data_20260829_1301.csv
GJ-VER-0007,20.83152605,70.12612866,Gir Somnath,22.2 km seaward operational buffer,2026-08-29T18:30,2.34,241,8.1,1.82,237,6.9,0.9,143,27.5,32.3,267,0.0,True,No hazard,veraval_nodes_REAL_data_20260829_1301.csv
GJ-VER-0008,20.87654082,70.12467471,Gir Somnath,22.2 km seaward operational buffer,2026-08-29T18:30,2.2,241,8.1,1.72,237,6.8,1.2,141,27.1,32.3,267,0.0,True,No hazard,veraval_nodes_REAL_data_20260829_1301.csv
GJ-VER-0009,20.92155525,70.12321689,Gir Somnath,22.2 km seaward operational buffer,2026-08-29T18:30,2.06,240,8.2,1.66,240,6.8,1.2,141,26.8,29.9,267,0.0,True,No hazard,veraval_nodes_REAL_data_20260829_1301.csv
GJ-VER-0010,20.96656935,70.1217552,Gir Somnath,22.2 km seaward operational buffer,2026-08-29T18:30,2.06,240,8.2,1.66,240,6.8,1.2,141,26.8,22.9,267,0.0,True,No hazard,veraval_nodes_REAL_data_20260829_1301.csv
GJ-VER-0011,21.01158311,70.12028964,Gir Somnath,22.2 km seaward operational buffer,2026-08-29T18:30,1.64,235,8.45,1.36,237,6.8,1.0,135,26.7,22.9,267,0.0,True,No hazard,veraval_nodes_REAL_data_20260829_1301.csv
GJ-VER-0012,21.05659653,70.11882019,Gir Somnath,22.2 km seaward operational buffer,2026-08-29T18:30,1.64,235,8.45,1.36,237,6.8,1.0,135,26.7,22.9,267,0.0,True,No hazard,veraval_nodes_REAL_data_20260829_1301.csv
GJ-VER-0013,20.7878662,70.17544804,Gir Somnath,22.2 km seaward operational buffer,2026-08-29T18:30,2.32,241,8.0,1.82,238,6.85,1.0,135,26.9,34.9,268,0.0,True,No hazard,veraval_nodes_REAL_data_20260829_1301.csv
GJ-VER-0014,20.8328845,70.17401206,Gir Somnath,22.2 km seaward operational buffer,2026-08-29T18:30,2.32,241,8.0,1.82,238,6.85,1.0,135,26.9,32.3,267,0.0,True,No hazard,veraval_nodes_REAL_data_20260829_1301.csv
GJ-VER-0015,20.87790246,70.17257226,Gir Somnath,22.2 km seaward operational buffer,2026-08-29T18:30,2.2,241,8.05,1.78,238,6.75,1.0,135,26.5,32.3,267,0.0,True,No hazard,veraval_nodes_REAL_data_20260829_1301.csv
GJ-VER-0016,20.9229201,70.17112863,Gir Somnath,22.2 km seaward operational buffer,2026-08-29T18:30,2.06,239,8.15,1.7,239,6.65,0.9,127,26.3,22.2,266,0.0,True,No hazard,veraval_nodes_REAL_data_20260829_1301.csv
GJ-VER-0017,20.9679374,70.16968116,Gir Somnath,22.2 km seaward operational buffer,2026-08-29T18:30,2.06,239,8.15,1.7,239,6.65,0.9,127,26.3,22.9,267,0.0,True,No hazard,veraval_nodes_REAL_data_20260829_1301.csv
GJ-VER-0018,21.01295437,70.16822986,Gir Somnath,22.2 km seaward operational buffer,2026-08-29T18:30,1.64,235,8.45,1.36,237,6.8,0.6,162,26.6,22.9,267,0.0,True,No hazard,veraval_nodes_REAL_data_20260829_1301.csv
GJ-VER-0019,20.78920817,70.22332115,Gir Somnath,22.2 km seaward operational buffer,2026-08-29T18:30,2.32,241,8.0,1.82,238,6.85,1.0,135,26.9,36.2,269,0.0,True,No hazard,veraval_nodes_REAL_data_20260829_1301.csv
GJ-VER-0020,20.83422964,70.22189929,Gir Somnath,22.2 km seaward operational buffer,2026-08-29T18:30,2.2,241,8.05,1.78,238,6.75,1.0,135,26.5,32.9,269,0.0,True,No hazard,veraval_nodes_REAL_data_20260829_1301.csv
GJ-VER-0021,20.87925078,70.22047364,Gir Somnath,22.2 km seaward operational buffer,2026-08-29T18:30,2.2,241,8.05,1.78,238,6.75,1.0,135,26.5,22.2,266,0.0,True,No hazard,veraval_nodes_REAL_data_20260829_1301.csv
GJ-VER-0022,20.92427159,70.2190442,Gir Somnath,22.2 km seaward operational buffer,2026-08-29T18:30,2.06,239,8.15,1.7,239,6.65,0.9,127,26.3,22.2,266,0.0,True,No hazard,veraval_nodes_REAL_data_20260829_1301.csv
GJ-VER-0023,20.96929207,70.21761096,Gir Somnath,22.2 km seaward operational buffer,2026-08-29T18:30,2.06,239,8.15,1.7,239,6.65,0.9,127,26.3,22.2,266,0.0,True,No hazard,veraval_nodes_REAL_data_20260829_1301.csv
GJ-VER-0024,20.74551194,70.27260204,Gir Somnath,22.2 km seaward operational buffer,2026-08-29T18:30,2.34,243,7.9,1.82,238,6.95,0.9,143,26.9,36.2,269,0.0,True,No hazard,veraval_nodes_REAL_data_20260829_1301.csv
GJ-VER-0025,20.79053688,70.27119804,Gir Somnath,22.2 km seaward operational buffer,2026-08-29T18:30,2.26,241,7.95,1.8,238,6.85,1.0,135,26.5,36.2,269,0.0,True,No hazard,veraval_nodes_REAL_data_20260829_1301.csv
GJ-VER-0026,20.83556148,70.2697903,Gir Somnath,22.2 km seaward operational buffer,2026-08-29T18:30,2.16,241,8.0,1.78,238,6.7,1.0,135,26.3,21.8,269,0.0,True,No hazard,veraval_nodes_REAL_data_20260829_1301.csv
GJ-VER-0027,20.88058576,70.26837881,Gir Somnath,22.2 km seaward operational buffer,2026-08-29T18:30,2.16,241,8.0,1.78,238,6.7,1.0,135,26.3,22.2,266,0.0,True,No hazard,veraval_nodes_REAL_data_20260829_1301.csv
GJ-VER-0028,20.92560971,70.26696356,Gir Somnath,22.2 km seaward operational buffer,2026-08-29T18:30,2.16,241,8.0,1.78,238,6.7,0.6,162,26.2,22.2,266,0.0,True,No hazard,veraval_nodes_REAL_data_20260829_1301.csv
GJ-VER-0029,20.7017959,70.32185479,Gir Somnath,22.2 km seaward operational buffer,2026-08-29T18:30,2.34,243,7.9,1.82,238,6.95,0.9,143,26.9,34.9,268,0.0,True,No hazard,veraval_nodes_REAL_data_20260829_1301.csv
GJ-VER-0030,20.74682427,70.32046858,Gir Somnath,22.2 km seaward operational buffer,2026-08-29T18:30,2.34,243,7.9,1.82,238,6.95,0.9,143,26.9,34.4,270,0.0,True,No hazard,veraval_nodes_REAL_data_20260829_1301.csv
GJ-VER-0031,20.7918523,70.31907867,Gir Somnath,22.2 km seaward operational buffer,2026-08-29T18:30,2.26,241,7.95,1.8,238,6.85,1.0,135,26.5,34.4,270,0.0,True,No hazard,veraval_nodes_REAL_data_20260829_1301.csv
GJ-VER-0032,20.83688002,70.31768506,Gir Somnath,22.2 km seaward operational buffer,2026-08-29T18:30,2.16,241,8.0,1.78,238,6.7,1.0,135,26.3,21.8,269,0.0,True,No hazard,veraval_nodes_REAL_data_20260829_1301.csv
GJ-VER-0033,20.8819074,70.31628773,Gir Somnath,22.2 km seaward operational buffer,2026-08-29T18:30,2.16,241,8.0,1.78,238,6.7,1.0,135,26.3,21.8,269,0.0,True,No hazard,veraval_nodes_REAL_data_20260829_1301.csv
GJ-VER-0034,20.92693447,70.31488669,Gir Somnath,22.2 km seaward operational buffer,2026-08-29T18:30,2.16,241,8.0,1.78,238,6.7,0.6,162,26.2,22.2,266,0.0,True,No hazard,veraval_nodes_REAL_data_20260829_1301.csv
GJ-VER-0035,20.70309191,70.36971098,Gir Somnath,22.2 km seaward operational buffer,2026-08-29T18:30,2.28,243,7.85,1.76,237,6.95,0.9,143,26.5,34.9,268,0.0,True,No hazard,veraval_nodes_REAL_data_20260829_1301.csv
GJ-VER-0036,20.74812334,70.36833883,Gir Somnath,22.2 km seaward operational buffer,2026-08-29T18:30,2.28,243,7.85,1.76,237,6.95,0.9,143,26.5,34.4,270,0.0,True,No hazard,veraval_nodes_REAL_data_20260829_1301.csv
GJ-VER-0037,20.79315445,70.36696301,Gir Somnath,22.2 km seaward operational buffer,2026-08-29T18:30,2.18,240,7.9,1.76,237,6.8,1.0,135,26.2,34.4,270,0.0,True,No hazard,veraval_nodes_REAL_data_20260829_1301.csv
GJ-VER-0038,20.83818524,70.36558353,Gir Somnath,22.2 km seaward operational buffer,2026-08-29T18:30,2.08,240,7.95,1.76,237,6.6,0.9,143,26.1,21.8,269,0.0,True,No hazard,veraval_nodes_REAL_data_20260829_1301.csv
GJ-VER-0039,20.88321571,70.36420037,Gir Somnath,22.2 km seaward operational buffer,2026-08-29T18:30,2.08,240,7.95,1.76,237,6.6,0.9,143,26.1,21.8,269,0.0,True,No hazard,veraval_nodes_REAL_data_20260829_1301.csv
GJ-VER-0040,20.65933989,70.4189253,Gir Somnath,22.2 km seaward operational buffer,2026-08-29T18:30,2.28,246,7.75,1.7,239,7.0,0.6,124,26.7,33.7,267,0.0,True,No hazard,veraval_nodes_REAL_data_20260829_1301.csv
GJ-VER-0041,20.70437469,70.41757083,Gir Somnath,22.2 km seaward operational buffer,2026-08-29T18:30,2.2,243,7.8,1.7,237,6.9,0.8,135,26.1,33.0,267,0.0,True,No hazard,veraval_nodes_REAL_data_20260829_1301.csv
GJ-VER-0042,20.74940916,70.41621274,Gir Somnath,22.2 km seaward operational buffer,2026-08-29T18:30,2.28,243,7.85,1.76,237,6.95,0.9,143,26.5,22.0,270,0.0,True,No hazard,veraval_nodes_REAL_data_20260829_1301.csv
GJ-VER-0043,20.79444332,70.41485102,Gir Somnath,22.2 km seaward operational buffer,2026-08-29T18:30,2.18,240,7.9,1.76,237,6.8,1.0,135,26.2,22.0,270,0.0,True,No hazard,veraval_nodes_REAL_data_20260829_1301.csv
GJ-VER-0044,20.83947715,70.41348568,Gir Somnath,22.2 km seaward operational buffer,2026-08-29T18:30,2.08,240,7.95,1.76,237,6.6,0.9,143,26.1,21.8,269,0.0,True,No hazard,veraval_nodes_REAL_data_20260829_1301.csv
GJ-VER-0045,20.61556832,70.4681116,Gir Somnath,22.2 km seaward operational buffer,2026-08-29T18:30,2.28,246,7.75,1.7,239,7.0,0.6,124,26.7,33.5,268,0.0,True,No hazard,veraval_nodes_REAL_data_20260829_1301.csv
GJ-VER-0046,20.66060644,70.46677474,Gir Somnath,22.2 km seaward operational buffer,2026-08-29T18:30,2.28,246,7.75,1.7,239,7.0,0.6,124,26.7,33.5,268,0.0,True,No hazard,veraval_nodes_REAL_data_20260829_1301.csv
GJ-VER-0047,20.70564424,70.4654343,Gir Somnath,22.2 km seaward operational buffer,2026-08-29T18:30,2.2,243,7.8,1.7,237,6.9,0.8,135,26.1,33.0,267,0.0,True,No hazard,veraval_nodes_REAL_data_20260829_1301.csv
GJ-VER-0048,20.75068172,70.46409028,Gir Somnath,22.2 km seaward operational buffer,2026-08-29T18:30,2.08,240,7.9,1.68,237,6.75,0.8,135,25.7,22.0,270,0.0,True,No hazard,veraval_nodes_REAL_data_20260829_1301.csv
GJ-VER-0049,20.79571889,70.46274267,Gir Somnath,22.2 km seaward operational buffer,2026-08-29T18:30,2.08,240,7.9,1.68,237,6.75,0.8,135,25.7,22.0,270,0.0,True,No hazard,veraval_nodes_REAL_data_20260829_1301.csv
GJ-VER-0050,20.84075574,70.46139146,Gir Somnath,22.2 km seaward operational buffer,2026-08-29T18:30,2.08,240,7.9,1.68,237,6.75,0.7,180,25.4,22.0,270,0.0,True,No hazard,veraval_nodes_REAL_data_20260829_1301.csv
GJ-VER-0051,20.61681869,70.51595063,Gir Somnath,22.2 km seaward operational buffer,2026-08-29T18:30,2.22,245,7.7,1.62,237,7.0,0.6,124,26.5,33.5,268,0.0,True,No hazard,veraval_nodes_REAL_data_20260829_1301.csv
GJ-VER-0052,20.66185978,70.51462777,Gir Somnath,22.2 km seaward operational buffer,2026-08-29T18:30,2.22,245,7.7,1.62,237,7.0,0.6,124,26.5,33.5,268,0.0,True,No hazard,veraval_nodes_REAL_data_20260829_1301.csv
GJ-VER-0053,20.70690056,70.51330136,Gir Somnath,22.2 km seaward operational buffer,2026-08-29T18:30,2.08,242,7.85,1.6,238,6.9,0.6,124,25.9,31.9,267,0.0,True,No hazard,veraval_nodes_REAL_data_20260829_1301.csv
GJ-VER-0054,20.75194103,70.51197141,Gir Somnath,22.2 km seaward operational buffer,2026-08-29T18:30,1.88,239,7.85,1.56,238,6.7,0.5,135,25.7,22.0,270,0.0,True,No hazard,veraval_nodes_REAL_data_20260829_1301.csv
GJ-VER-0055,20.79698117,70.5106379,Gir Somnath,22.2 km seaward operational buffer,2026-08-29T18:30,1.88,239,7.85,1.56,238,6.7,0.5,135,25.7,22.0,270,0.0,True,No hazard,veraval_nodes_REAL_data_20260829_1301.csv
GJ-VER-0056,20.61805589,70.5637932,Gir Somnath,22.2 km seaward operational buffer,2026-08-29T18:30,2.22,245,7.7,1.62,237,7.0,0.6,124,26.5,34.2,268,0.0,True,No hazard,veraval_nodes_REAL_data_20260829_1301.csv
GJ-VER-0057,20.66309993,70.56248433,Gir Somnath,22.2 km seaward operational buffer,2026-08-29T18:30,2.22,245,7.7,1.62,237,7.0,0.6,124,26.5,34.2,268,0.0,True,No hazard,veraval_nodes_REAL_data_20260829_1301.csv
GJ-VER-0058,20.70814365,70.56117196,Gir Somnath,22.2 km seaward operational buffer,2026-08-29T18:30,2.08,242,7.85,1.6,238,6.9,0.6,124,25.9,31.9,267,0.0,True,No hazard,veraval_nodes_REAL_data_20260829_1301.csv
GJ-VER-0059,20.75318706,70.55985608,Gir Somnath,22.2 km seaward operational buffer,2026-08-29T18:30,1.88,239,7.85,1.56,238,6.7,0.5,135,25.7,20.5,269,0.0,True,No hazard,veraval_nodes_REAL_data_20260829_1301.csv
GJ-VER-0060,20.57423265,70.61293066,Gir Somnath,22.2 km seaward operational buffer,2026-08-29T18:30,2.28,248,7.6,1.6,236,7.05,0.6,124,27.1,33.9,272,0.0,True,No hazard,veraval_nodes_REAL_data_20260829_1301.csv
GJ-VER-0061,20.61927992,70.61163926,Gir Somnath,22.2 km seaward operational buffer,2026-08-29T18:30,2.14,245,7.65,1.54,234,7.05,0.6,124,26.3,34.0,268,0.0,True,No hazard,veraval_nodes_REAL_data_20260829_1301.csv
GJ-VER-0062,20.66432687,70.6103444,Gir Somnath,22.2 km seaward operational buffer,2026-08-29T18:30,2.14,245,7.65,1.54,234,7.05,0.6,124,26.3,30.7,266,0.0,True,No hazard,veraval_nodes_REAL_data_20260829_1301.csv
GJ-VER-0063,20.7093735,70.60904607,Gir Somnath,22.2 km seaward operational buffer,2026-08-29T18:30,1.9,240,7.85,1.46,238,6.85,0.6,124,25.6,22.4,267,0.0,True,No hazard,veraval_nodes_REAL_data_20260829_1301.csv
GJ-VER-0064,20.75441983,70.60774428,Gir Somnath,22.2 km seaward operational buffer,2026-08-29T18:30,1.58,239,7.85,1.32,238,6.65,0.6,124,25.4,20.5,269,0.0,True,No hazard,veraval_nodes_REAL_data_20260829_1301.csv
GJ-VER-0065,20.57544062,70.66076621,Gir Somnath,22.2 km seaward operational buffer,2026-08-29T18:30,2.28,248,7.6,1.6,236,7.05,0.6,124,27.1,34.2,272,0.0,True,No hazard,veraval_nodes_REAL_data_20260829_1301.csv
GJ-VER-0066,20.62049076,70.65948879,Gir Somnath,22.2 km seaward operational buffer,2026-08-29T18:30,2.14,245,7.65,1.54,234,7.05,0.6,124,26.3,34.0,268,0.0,True,No hazard,veraval_nodes_REAL_data_20260829_1301.csv
GJ-VER-0067,20.66554059,70.65820794,Gir Somnath,22.2 km seaward operational buffer,2026-08-29T18:30,2.14,245,7.65,1.54,234,7.05,0.6,124,26.3,34.0,268,0.0,True,No hazard,veraval_nodes_REAL_data_20260829_1301.csv
GJ-VER-0068,20.71059011,70.65692366,Gir Somnath,22.2 km seaward operational buffer,2026-08-29T18:30,1.9,240,7.85,1.46,238,6.85,0.6,124,25.6,22.4,267,0.0,True,No hazard,veraval_nodes_REAL_data_20260829_1301.csv
GJ-VER-0069,20.75563932,70.65563594,Gir Somnath,22.2 km seaward operational buffer,2026-08-29T18:30,1.58,239,7.85,1.32,238,6.65,0.6,124,25.4,22.4,267,0.0,True,No hazard,veraval_nodes_REAL_data_20260829_1301.csv
GJ-VER-0070,20.53158213,70.70986525,Gir Somnath,22.2 km seaward operational buffer,2026-08-29T18:30,2.28,248,7.55,1.6,236,7.05,0.6,124,27.1,33.4,274,0.1,True,No hazard,veraval_nodes_REAL_data_20260829_1301.csv
GJ-VER-0071,20.57663543,70.70860519,Gir Somnath,22.2 km seaward operational buffer,2026-08-29T18:30,2.28,248,7.55,1.6,236,7.05,0.6,124,27.1,34.2,272,0.0,True,No hazard,veraval_nodes_REAL_data_20260829_1301.csv
GJ-VER-0072,20.62168842,70.70734174,Gir Somnath,22.2 km seaward operational buffer,2026-08-29T18:30,2.1,244,7.65,1.52,235,7.0,0.5,135,26.2,32.4,267,0.0,True,No hazard,veraval_nodes_REAL_data_20260829_1301.csv
GJ-VER-0073,20.6667411,70.7060749,Gir Somnath,22.2 km seaward operational buffer,2026-08-29T18:30,1.74,238,7.8,1.34,236,6.75,0.3,135,25.7,27.8,265,0.0,True,No hazard,veraval_nodes_REAL_data_20260829_1301.csv
GJ-VER-0074,20.71179348,70.70480468,Gir Somnath,22.2 km seaward operational buffer,2026-08-29T18:30,1.74,238,7.8,1.34,236,6.75,0.3,135,25.7,22.4,267,0.0,True,No hazard,veraval_nodes_REAL_data_20260829_1301.csv
GJ-VER-0075,20.53276097,70.75769366,Gir Somnath,22.2 km seaward operational buffer,2026-08-29T18:30,2.28,248,7.55,1.62,236,7.05,0.6,146,27.0,34.2,272,0.0,True,No hazard,veraval_nodes_REAL_data_20260829_1301.csv
GJ-VER-0076,20.57781709,70.75644754,Gir Somnath,22.2 km seaward operational buffer,2026-08-29T18:30,2.28,248,7.55,1.62,236,7.05,0.6,146,27.0,34.2,272,0.0,True,No hazard,veraval_nodes_REAL_data_20260829_1301.csv
GJ-VER-0077,20.6228729,70.75519808,Gir Somnath,22.2 km seaward operational buffer,2026-08-29T18:30,2.1,244,7.65,1.52,235,6.95,0.6,146,26.1,32.4,267,0.0,True,No hazard,veraval_nodes_REAL_data_20260829_1301.csv
GJ-VER-0078,20.66792839,70.75394526,Gir Somnath,22.2 km seaward operational buffer,2026-08-29T18:30,1.62,238,7.7,1.24,236,6.7,0.2,180,25.6,22.4,267,0.0,True,No hazard,veraval_nodes_REAL_data_20260829_1301.csv
GJ-VER-0079,20.71298359,70.75268909,Gir Somnath,22.2 km seaward operational buffer,2026-08-29T18:30,1.62,238,7.7,1.24,236,6.7,0.2,180,25.6,22.4,267,0.0,True,No hazard,veraval_nodes_REAL_data_20260829_1301.csv
GJ-VER-0080,20.53392669,70.80552542,Gir Somnath,22.2 km seaward operational buffer,2026-08-29T18:30,2.28,248,7.55,1.62,236,7.05,0.6,146,27.0,34.1,275,0.0,True,No hazard,veraval_nodes_REAL_data_20260829_1301.csv
GJ-VER-0081,20.57898558,70.80429325,Gir Somnath,22.2 km seaward operational buffer,2026-08-29T18:30,2.28,248,7.55,1.62,236,7.05,0.6,146,27.0,34.2,272,0.0,True,No hazard,veraval_nodes_REAL_data_20260829_1301.csv
GJ-VER-0082,20.62404418,70.80305777,Gir Somnath,22.2 km seaward operational buffer,2026-08-29T18:30,2.1,244,7.65,1.52,235,6.95,0.6,146,26.1,31.4,266,0.0,True,No hazard,veraval_nodes_REAL_data_20260829_1301.csv
GJ-VER-0083,20.66910246,70.80181898,Gir Somnath,22.2 km seaward operational buffer,2026-08-29T18:30,1.62,238,7.7,1.24,236,6.7,0.2,180,25.6,21.5,265,0.0,True,No hazard,veraval_nodes_REAL_data_20260829_1301.csv
GJ-VER-0084,20.53507927,70.85336048,Gir Somnath,22.2 km seaward operational buffer,2026-08-29T18:30,2.28,248,7.5,1.62,236,7.05,0.7,166,26.9,34.4,271,0.0,True,No hazard,veraval_nodes_REAL_data_20260829_1301.csv
GJ-VER-0085,20.58014092,70.85214226,Gir Somnath,22.2 km seaward operational buffer,2026-08-29T18:30,2.28,248,7.5,1.62,236,7.05,0.7,166,26.9,34.4,271,0.0,True,No hazard,veraval_nodes_REAL_data_20260829_1301.csv
GJ-VER-0086,20.62520226,70.85092077,Gir Somnath,22.2 km seaward operational buffer,2026-08-29T18:30,2.12,242,7.65,1.54,234,7.0,0.7,180,26.1,31.4,266,0.0,True,No hazard,veraval_nodes_REAL_data_20260829_1301.csv
GJ-VER-0087,20.6702633,70.84969601,Gir Somnath,22.2 km seaward operational buffer,2026-08-29T18:30,1.56,235,7.65,1.16,232,6.65,0.5,225,25.8,22.0,262,0.0,True,No hazard,veraval_nodes_REAL_data_20260829_1301.csv
GJ-VER-0088,20.53621871,70.9011988,Gir Somnath,22.2 km seaward operational buffer,2026-08-29T18:30,2.28,248,7.5,1.62,236,7.05,0.7,166,26.9,34.9,275,0.0,True,No hazard,veraval_nodes_REAL_data_20260829_1301.csv
GJ-VER-0089,20.58128308,70.89999455,Gir Somnath,22.2 km seaward operational buffer,2026-08-29T18:30,2.28,248,7.5,1.62,236,7.05,0.7,166,26.9,34.4,271,0.0,True,No hazard,veraval_nodes_REAL_data_20260829_1301.csv
GJ-VER-0090,20.62634715,70.89878705,Gir Somnath,22.2 km seaward operational buffer,2026-08-29T18:30,2.12,242,7.65,1.54,234,7.0,0.7,180,26.1,32.3,266,0.0,True,No hazard,veraval_nodes_REAL_data_20260829_1301.csv
GJ-VER-0091,20.67141091,70.89757632,Gir Somnath,22.2 km seaward operational buffer,2026-08-29T18:30,1.56,235,7.65,1.16,232,6.65,0.5,225,25.8,22.0,262,0.0,True,No hazard,veraval_nodes_REAL_data_20260829_1301.csv
GJ-VER-0092,20.53734501,70.94904036,Gir Somnath,22.2 km seaward operational buffer,2026-08-29T18:30,2.24,248,7.45,1.58,236,7.05,0.9,169,26.8,35.1,271,0.0,True,No hazard,veraval_nodes_REAL_data_20260829_1301.csv
GJ-VER-0093,20.58241207,70.94785006,Gir Somnath,22.2 km seaward operational buffer,2026-08-29T18:30,2.24,248,7.45,1.58,236,7.05,0.9,169,26.8,35.1,271,0.0,True,No hazard,veraval_nodes_REAL_data_20260829_1301.csv
GJ-VER-0094,20.62747883,70.94665657,Gir Somnath,22.2 km seaward operational buffer,2026-08-29T18:30,2.08,242,7.6,1.5,234,7.0,0.7,194,26.1,32.3,266,0.0,True,No hazard,veraval_nodes_REAL_data_20260829_1301.csv
GJ-VER-0095,20.67254529,70.94545987,Gir Somnath,22.2 km seaward operational buffer,2026-08-29T18:30,1.48,233,7.55,1.12,230,6.7,1.2,231,26.0,23.1,261,0.0,True,No hazard,veraval_nodes_REAL_data_20260829_1301.csv
GJ-VER-0096,20.53845817,70.99688511,Gir Somnath,22.2 km seaward operational buffer,2026-08-29T18:30,2.24,248,7.45,1.58,236,7.05,0.9,169,26.8,35.8,269,0.0,True,No hazard,veraval_nodes_REAL_data_20260829_1301.csv
GJ-VER-0097,20.58352789,70.99570878,Gir Somnath,22.2 km seaward operational buffer,2026-08-29T18:30,2.08,242,7.6,1.5,234,7.0,0.7,194,26.1,35.8,269,0.0,True,No hazard,veraval_nodes_REAL_data_20260829_1301.csv
GJ-VER-0098,20.62859731,70.99452929,Gir Somnath,22.2 km seaward operational buffer,2026-08-29T18:30,2.08,242,7.6,1.5,234,7.0,0.7,194,26.1,34.2,264,0.0,True,No hazard,veraval_nodes_REAL_data_20260829_1301.csv
GJ-VER-0099,20.67366643,70.99334663,Gir Somnath,22.2 km seaward operational buffer,2026-08-29T18:30,1.48,233,7.55,1.12,230,6.7,1.2,231,26.0,23.1,261,0.0,True,No hazard,veraval_nodes_REAL_data_20260829_1301.csv
GJ-VER-0100,20.53955818,71.04473301,Gir Somnath,22.2 km seaward operational buffer,2026-08-29T18:30,2.22,247,7.4,1.56,236,7.1,1.1,180,26.8,35.8,269,0.0,True,No hazard,veraval_nodes_REAL_data_20260829_1301.csv
GJ-VER-0101,20.58463052,71.04357065,Gir Somnath,22.2 km seaward operational buffer,2026-08-29T18:30,1.98,242,7.5,1.38,234,7.1,1.1,198,26.1,35.8,269,0.0,True,No hazard,veraval_nodes_REAL_data_20260829_1301.csv
GJ-VER-0102,20.62970257,71.04240517,Gir Somnath,22.2 km seaward operational buffer,2026-08-29T18:30,1.98,242,7.5,1.38,234,7.1,1.1,198,26.1,34.2,264,0.0,True,No hazard,veraval_nodes_REAL_data_20260829_1301.csv
GJ-VER-0103,20.67477432,71.04123656,Gir Somnath,22.2 km seaward operational buffer,2026-08-29T18:30,1.42,235,7.35,1.02,229,6.75,1.3,236,26.1,24.0,259,0.0,True,No hazard,veraval_nodes_REAL_data_20260829_1301.csv
GJ-VER-0104,20.71984577,71.04006482,Gir Somnath,22.2 km seaward operational buffer,2026-08-29T18:30,1.42,235,7.35,1.02,229,6.75,1.3,236,26.1,24.0,259,0.0,True,No hazard,veraval_nodes_REAL_data_20260829_1301.csv
GJ-VER-0105,20.54064504,71.09258403,Gir Somnath,22.2 km seaward operational buffer,2026-08-29T18:30,2.16,247,7.35,1.52,238,7.1,1.3,196,26.8,35.5,267,0.0,True,No hazard,veraval_nodes_REAL_data_20260829_1301.csv
GJ-VER-0106,20.58571998,71.09143565,Gir Somnath,22.2 km seaward operational buffer,2026-08-29T18:30,1.86,243,7.4,1.26,233,7.15,1.3,214,26.1,35.5,267,0.0,True,No hazard,veraval_nodes_REAL_data_20260829_1301.csv
GJ-VER-0107,20.63079462,71.09028418,Gir Somnath,22.2 km seaward operational buffer,2026-08-29T18:30,1.86,243,7.4,1.26,233,7.15,1.3,214,26.1,35.4,263,0.0,True,No hazard,veraval_nodes_REAL_data_20260829_1301.csv
GJ-VER-0108,20.67586897,71.08912962,Gir Somnath,22.2 km seaward operational buffer,2026-08-29T18:30,1.36,236,7.15,0.94,228,6.85,1.6,243,26.1,24.0,259,0.0,True,No hazard,veraval_nodes_REAL_data_20260829_1301.csv
GJ-VER-0109,20.72094302,71.08797196,Gir Somnath,22.2 km seaward operational buffer,2026-08-29T18:30,1.36,236,7.15,0.94,228,6.85,1.6,243,26.1,24.0,259,0.0,True,No hazard,veraval_nodes_REAL_data_20260829_1301.csv
GJ-VER-0110,20.58679624,71.13930373,Gir Somnath,22.2 km seaward operational buffer,2026-08-29T18:30,1.86,243,7.4,1.26,233,7.15,1.3,214,26.1,35.5,267,0.0,True,No hazard,veraval_nodes_REAL_data_20260829_1301.csv
GJ-VER-0111,20.63187345,71.13816627,Gir Somnath,22.2 km seaward operational buffer,2026-08-29T18:30,1.86,243,7.4,1.26,233,7.15,1.3,214,26.1,35.4,263,0.0,True,No hazard,veraval_nodes_REAL_data_20260829_1301.csv
GJ-VER-0112,20.67695037,71.13702577,Gir Somnath,22.2 km seaward operational buffer,2026-08-29T18:30,1.36,236,7.15,0.94,228,6.85,1.6,243,26.1,24.0,259,0.0,True,No hazard,veraval_nodes_REAL_data_20260829_1301.csv
GJ-VER-0113,20.72202699,71.13588221,Gir Somnath,22.2 km seaward operational buffer,2026-08-29T18:30,1.36,236,7.15,0.94,228,6.85,1.6,243,26.1,24.0,259,0.0,True,No hazard,veraval_nodes_REAL_data_20260829_1301.csv
GJ-VER-0114,20.58785932,71.18717485,Gir Somnath,22.2 km seaward operational buffer,2026-08-29T18:30,1.76,243,7.25,1.14,232,7.2,1.7,229,26.3,33.9,265,0.0,True,No hazard,veraval_nodes_REAL_data_20260829_1301.csv
GJ-VER-0115,20.63293906,71.18605142,Gir Somnath,22.2 km seaward operational buffer,2026-08-29T18:30,1.76,243,7.25,1.14,232,7.2,1.7,229,26.3,35.4,261,0.0,True,No hazard,veraval_nodes_REAL_data_20260829_1301.csv
GJ-VER-0116,20.67801851,71.18492497,Gir Somnath,22.2 km seaward operational buffer,2026-08-29T18:30,1.3,238,6.9,0.84,228,7.0,2.0,243,26.3,24.0,259,0.0,True,No hazard,veraval_nodes_REAL_data_20260829_1301.csv
GJ-VER-0117,20.72309767,71.1837955,Gir Somnath,22.2 km seaward operational buffer,2026-08-29T18:30,1.3,238,6.9,0.84,228,7.0,2.0,243,26.3,24.0,259,0.0,True,No hazard,veraval_nodes_REAL_data_20260829_1301.csv
GJ-VER-0118,20.76817653,71.18266302,Gir Somnath,22.2 km seaward operational buffer,2026-08-29T18:30,0.92,234,6.1,0.6,221,6.5,2.1,250,26.9,22.7,257,0.0,True,No hazard,veraval_nodes_REAL_data_20260829_1301.csv
GJ-VER-0119,20.5889092,71.23504899,Gir Somnath,22.2 km seaward operational buffer,2026-08-29T18:30,1.76,243,7.25,1.14,232,7.2,1.7,229,26.3,33.9,265,0.0,True,No hazard,veraval_nodes_REAL_data_20260829_1301.csv
GJ-VER-0120,20.63399145,71.23393958,Gir Somnath,22.2 km seaward operational buffer,2026-08-29T18:30,1.76,243,7.25,1.14,232,7.2,1.7,229,26.3,35.4,261,0.0,True,No hazard,veraval_nodes_REAL_data_20260829_1301.csv
GJ-VER-0121,20.6790734,71.23282719,Gir Somnath,22.2 km seaward operational buffer,2026-08-29T18:30,1.3,238,6.9,0.84,228,7.0,2.0,243,26.3,35.4,256,0.0,True,No hazard,veraval_nodes_REAL_data_20260829_1301.csv
GJ-VER-0122,20.72415507,71.23171182,Gir Somnath,22.2 km seaward operational buffer,2026-08-29T18:30,1.3,238,6.9,0.84,228,7.0,2.0,243,26.3,35.4,256,0.0,True,No hazard,veraval_nodes_REAL_data_20260829_1301.csv
GJ-VER-0123,20.76923643,71.23059347,Gir Somnath,22.2 km seaward operational buffer,2026-08-29T18:30,0.92,234,6.1,0.6,221,6.5,2.1,250,26.9,24.7,253,0.0,True,No hazard,veraval_nodes_REAL_data_20260829_1301.csv
GJ-VER-0124,20.63503061,71.28183071,Gir Somnath,22.2 km seaward operational buffer,2026-08-29T18:30,1.74,243,7.15,1.06,232,7.3,2.1,239,26.5,35.6,259,0.0,True,No hazard,veraval_nodes_REAL_data_20260829_1301.csv
GJ-VER-0125,20.68011503,71.28073239,Gir Somnath,22.2 km seaward operational buffer,2026-08-29T18:30,1.3,238,6.7,0.76,228,7.1,2.3,241,26.4,35.4,256,0.0,True,No hazard,veraval_nodes_REAL_data_20260829_1301.csv
GJ-VER-0126,20.72519917,71.27963113,Gir Somnath,22.2 km seaward operational buffer,2026-08-29T18:30,1.3,238,6.7,0.76,228,7.1,2.3,241,26.4,35.4,256,0.0,True,No hazard,veraval_nodes_REAL_data_20260829_1301.csv
GJ-VER-0127,20.77028301,71.27852692,Gir Somnath,22.2 km seaward operational buffer,2026-08-29T18:30,0.96,234,6.05,0.58,221,6.6,2.5,240,26.9,24.7,253,0.0,True,No hazard,veraval_nodes_REAL_data_20260829_1301.csv
GJ-VER-0128,20.81536657,71.27741976,Gir Somnath,22.2 km seaward operational buffer,2026-08-29T18:30,0.96,234,6.05,0.58,221,6.6,2.5,240,26.9,24.7,253,0.0,True,No hazard,veraval_nodes_REAL_data_20260829_1301.csv
GJ-VER-0129,20.63605653,71.32972479,Gir Somnath,22.2 km seaward operational buffer,2026-08-29T18:30,1.74,243,7.15,1.06,232,7.3,2.1,239,26.5,35.6,259,0.0,True,No hazard,veraval_nodes_REAL_data_20260829_1301.csv
GJ-VER-0130,20.6811434,71.32864054,Gir Somnath,22.2 km seaward operational buffer,2026-08-29T18:30,1.3,238,6.7,0.76,228,7.1,2.3,241,26.4,38.6,255,0.0,True,No hazard,veraval_nodes_REAL_data_20260829_1301.csv
GJ-VER-0131,20.72622998,71.32755338,Gir Somnath,22.2 km seaward operational buffer,2026-08-29T18:30,1.3,238,6.7,0.76,228,7.1,2.3,241,26.4,38.6,255,0.0,True,No hazard,veraval_nodes_REAL_data_20260829_1301.csv
GJ-VER-0132,20.77131627,71.32646331,Gir Somnath,22.2 km seaward operational buffer,2026-08-29T18:30,0.96,234,6.05,0.58,221,6.6,2.5,240,26.9,24.7,253,0.0,True,No hazard,veraval_nodes_REAL_data_20260829_1301.csv
GJ-VER-0133,20.81640226,71.32537034,Gir Somnath,22.2 km seaward operational buffer,2026-08-29T18:30,0.96,234,6.05,0.58,221,6.6,2.5,240,26.9,24.7,253,0.0,True,No hazard,veraval_nodes_REAL_data_20260829_1301.csv
GJ-VER-0134,20.6821585,71.37655158,Gir Somnath,22.2 km seaward operational buffer,2026-08-29T18:30,1.38,239,6.6,0.72,226,7.3,2.4,243,26.6,38.6,255,0.0,True,No hazard,veraval_nodes_REAL_data_20260829_1301.csv
GJ-VER-0135,20.72724749,71.37547854,Gir Somnath,22.2 km seaward operational buffer,2026-08-29T18:30,1.38,239,6.6,0.72,226,7.3,2.4,243,26.6,38.6,255,0.0,True,No hazard,veraval_nodes_REAL_data_20260829_1301.csv
GJ-VER-0136,20.77233619,71.37440262,Gir Somnath,22.2 km seaward operational buffer,2026-08-29T18:30,1.06,235,6.1,0.56,221,6.85,2.6,245,27.0,35.7,253,0.0,True,No hazard,veraval_nodes_REAL_data_20260829_1301.csv
GJ-VER-0137,20.8174246,71.37332383,Gir Somnath,22.2 km seaward operational buffer,2026-08-29T18:30,1.06,235,6.1,0.56,221,6.85,2.6,245,27.0,22.8,248,0.0,True,No hazard,veraval_nodes_REAL_data_20260829_1301.csv
GJ-VER-0138,20.77334278,71.4223448,Gir Somnath,22.2 km seaward operational buffer,2026-08-29T18:30,1.26,233,6.25,0.58,220,7.2,2.7,242,27.1,39.1,252,0.0,True,No hazard,veraval_nodes_REAL_data_20260829_1301.csv
GJ-VER-0139,20.81843357,71.4212802,Gir Somnath,22.2 km seaward operational buffer,2026-08-29T18:30,1.26,233,6.25,0.58,220,7.2,2.7,242,27.1,22.8,248,0.0,True,No hazard,veraval_nodes_REAL_data_20260829_1301.csv
GJ-VER-0140,20.86352407,71.42021276,Gir Somnath,22.2 km seaward operational buffer,2026-08-29T18:30,0.92,233,5.8,0.46,220,6.6,2.9,248,27.9,22.8,248,0.0,True,No hazard,veraval_nodes_REAL_data_20260829_1301.csv
GJ-VER-0001,20.87516585,70.07678103,Gir Somnath,22.2 km seaward operational buffer,2026-08-30T13:30,2.26,242,7.7,1.8,240,6.85,2.2,125,27.1,28.9,255,0.0,True,No hazard,veraval_nodes_REAL_data_20260830_0814.csv
GJ-VER-0002,20.92017704,70.07530903,Gir Somnath,22.2 km seaward operational buffer,2026-08-30T13:30,2.14,243,7.8,1.76,242,6.85,2.2,132,26.6,27.9,256,0.0,True,No hazard,veraval_nodes_REAL_data_20260830_0814.csv
GJ-VER-0003,20.9651879,70.07383312,Gir Somnath,22.2 km seaward operational buffer,2026-08-30T13:30,2.14,243,7.8,1.76,242,6.85,2.2,132,26.6,24.2,257,0.1,True,No hazard,veraval_nodes_REAL_data_20260830_0814.csv
GJ-VER-0004,21.01019843,70.0723533,Gir Somnath,22.2 km seaward operational buffer,2026-08-30T13:30,1.74,242,8.1,1.5,243,6.95,2.0,135,26.4,24.2,257,0.1,True,No hazard,veraval_nodes_REAL_data_20260830_0814.csv
GJ-VER-0005,21.05520861,70.07086956,Gir Somnath,22.2 km seaward operational buffer,2026-08-30T13:30,1.74,242,8.1,1.5,243,6.95,2.0,135,26.4,24.2,257,0.1,True,No hazard,veraval_nodes_REAL_data_20260830_0814.csv
GJ-VER-0006,21.10021846,70.06938189,Gir Somnath,22.2 km seaward operational buffer,2026-08-30T13:30,1.5,243,8.05,1.36,244,6.85,1.9,131,26.2,24.3,256,0.2,True,No hazard,veraval_nodes_REAL_data_20260830_0814.csv
GJ-VER-0007,20.83152605,70.12612866,Gir Somnath,22.2 km seaward operational buffer,2026-08-30T13:30,2.4,241,7.75,1.94,238,6.8,2.2,125,27.1,28.1,256,0.0,True,No hazard,veraval_nodes_REAL_data_20260830_0814.csv
GJ-VER-0008,20.87654082,70.12467471,Gir Somnath,22.2 km seaward operational buffer,2026-08-30T13:30,2.28,241,7.7,1.82,238,6.8,2.4,126,26.8,28.1,256,0.0,True,No hazard,veraval_nodes_REAL_data_20260830_0814.csv
GJ-VER-0009,20.92155525,70.12321689,Gir Somnath,22.2 km seaward operational buffer,2026-08-30T13:30,2.12,241,7.8,1.76,239,6.75,2.4,132,26.4,26.2,257,0.0,True,No hazard,veraval_nodes_REAL_data_20260830_0814.csv
GJ-VER-0010,20.96656935,70.1217552,Gir Somnath,22.2 km seaward operational buffer,2026-08-30T13:30,2.12,241,7.8,1.76,239,6.75,2.4,132,26.4,24.2,257,0.1,True,No hazard,veraval_nodes_REAL_data_20260830_0814.csv
GJ-VER-0011,21.01158311,70.12028964,Gir Somnath,22.2 km seaward operational buffer,2026-08-30T13:30,1.7,236,8.05,1.48,237,6.7,2.0,135,26.2,24.2,257,0.1,True,No hazard,veraval_nodes_REAL_data_20260830_0814.csv
GJ-VER-0012,21.05659653,70.11882019,Gir Somnath,22.2 km seaward operational buffer,2026-08-30T13:30,1.7,236,8.05,1.48,237,6.7,2.0,135,26.2,24.2,257,0.1,True,No hazard,veraval_nodes_REAL_data_20260830_0814.csv
GJ-VER-0013,20.7878662,70.17544804,Gir Somnath,22.2 km seaward operational buffer,2026-08-30T13:30,2.38,241,7.7,1.92,238,6.8,2.6,124,26.7,29.9,254,0.0,True,No hazard,veraval_nodes_REAL_data_20260830_0814.csv
GJ-VER-0014,20.8328845,70.17401206,Gir Somnath,22.2 km seaward operational buffer,2026-08-30T13:30,2.38,241,7.7,1.92,238,6.8,2.6,124,26.7,28.1,256,0.0,True,No hazard,veraval_nodes_REAL_data_20260830_0814.csv
GJ-VER-0015,20.87790246,70.17257226,Gir Somnath,22.2 km seaward operational buffer,2026-08-30T13:30,2.3,241,7.7,1.86,238,6.75,2.4,126,26.3,28.1,256,0.0,True,No hazard,veraval_nodes_REAL_data_20260830_0814.csv
GJ-VER-0016,20.9229201,70.17112863,Gir Somnath,22.2 km seaward operational buffer,2026-08-30T13:30,2.14,239,7.75,1.82,238,6.65,2.3,129,26.1,24.6,257,0.0,True,No hazard,veraval_nodes_REAL_data_20260830_0814.csv
GJ-VER-0017,20.9679374,70.16968116,Gir Somnath,22.2 km seaward operational buffer,2026-08-30T13:30,2.14,239,7.75,1.82,238,6.65,2.3,129,26.1,24.2,257,0.1,True,No hazard,veraval_nodes_REAL_data_20260830_0814.csv
GJ-VER-0018,21.01295437,70.16822986,Gir Somnath,22.2 km seaward operational buffer,2026-08-30T13:30,1.7,236,8.05,1.48,237,6.7,1.7,139,26.4,24.2,257,0.1,True,No hazard,veraval_nodes_REAL_data_20260830_0814.csv
GJ-VER-0019,20.78920817,70.22332115,Gir Somnath,22.2 km seaward operational buffer,2026-08-30T13:30,2.38,241,7.7,1.92,238,6.8,2.6,124,26.7,29.7,256,0.0,True,No hazard,veraval_nodes_REAL_data_20260830_0814.csv
GJ-VER-0020,20.83422964,70.22189929,Gir Somnath,22.2 km seaward operational buffer,2026-08-30T13:30,2.3,241,7.7,1.86,238,6.75,2.4,126,26.3,27.8,257,0.0,True,No hazard,veraval_nodes_REAL_data_20260830_0814.csv
GJ-VER-0021,20.87925078,70.22047364,Gir Somnath,22.2 km seaward operational buffer,2026-08-30T13:30,2.3,241,7.7,1.86,238,6.75,2.4,126,26.3,24.6,257,0.0,True,No hazard,veraval_nodes_REAL_data_20260830_0814.csv
GJ-VER-0022,20.92427159,70.2190442,Gir Somnath,22.2 km seaward operational buffer,2026-08-30T13:30,2.14,239,7.75,1.82,238,6.65,2.3,129,26.1,24.6,257,0.0,True,No hazard,veraval_nodes_REAL_data_20260830_0814.csv
GJ-VER-0023,20.96929207,70.21761096,Gir Somnath,22.2 km seaward operational buffer,2026-08-30T13:30,2.14,239,7.75,1.82,238,6.65,2.3,129,26.1,24.6,257,0.0,True,No hazard,veraval_nodes_REAL_data_20260830_0814.csv
GJ-VER-0024,20.74551194,70.27260204,Gir Somnath,22.2 km seaward operational buffer,2026-08-30T13:30,2.42,243,7.7,1.98,241,6.75,2.5,120,26.6,29.7,256,0.0,True,No hazard,veraval_nodes_REAL_data_20260830_0814.csv
GJ-VER-0025,20.79053688,70.27119804,Gir Somnath,22.2 km seaward operational buffer,2026-08-30T13:30,2.34,241,7.65,1.92,238,6.75,2.5,120,26.2,29.7,256,0.0,True,No hazard,veraval_nodes_REAL_data_20260830_0814.csv
GJ-VER-0026,20.83556148,70.2697903,Gir Somnath,22.2 km seaward operational buffer,2026-08-30T13:30,2.26,241,7.65,1.88,238,6.7,2.4,126,25.9,24.1,258,0.0,True,No hazard,veraval_nodes_REAL_data_20260830_0814.csv
GJ-VER-0027,20.88058576,70.26837881,Gir Somnath,22.2 km seaward operational buffer,2026-08-30T13:30,2.26,241,7.65,1.88,238,6.7,2.4,126,25.9,24.6,257,0.0,True,No hazard,veraval_nodes_REAL_data_20260830_0814.csv
GJ-VER-0028,20.92560971,70.26696356,Gir Somnath,22.2 km seaward operational buffer,2026-08-30T13:30,2.26,241,7.65,1.88,238,6.7,1.8,135,25.8,24.6,257,0.0,True,No hazard,veraval_nodes_REAL_data_20260830_0814.csv
GJ-VER-0029,20.7017959,70.32185479,Gir Somnath,22.2 km seaward operational buffer,2026-08-30T13:30,2.42,243,7.7,1.98,241,6.75,2.5,120,26.6,29.5,258,0.0,True,No hazard,veraval_nodes_REAL_data_20260830_0814.csv
GJ-VER-0030,20.74682427,70.32046858,Gir Somnath,22.2 km seaward operational buffer,2026-08-30T13:30,2.42,243,7.7,1.98,241,6.75,2.5,120,26.6,29.0,257,0.0,True,No hazard,veraval_nodes_REAL_data_20260830_0814.csv
GJ-VER-0031,20.7918523,70.31907867,Gir Somnath,22.2 km seaward operational buffer,2026-08-30T13:30,2.34,241,7.65,1.92,238,6.75,2.5,120,26.2,29.0,257,0.0,True,No hazard,veraval_nodes_REAL_data_20260830_0814.csv
GJ-VER-0032,20.83688002,70.31768506,Gir Somnath,22.2 km seaward operational buffer,2026-08-30T13:30,2.26,241,7.65,1.88,238,6.7,2.4,126,25.9,24.1,258,0.0,True,No hazard,veraval_nodes_REAL_data_20260830_0814.csv
GJ-VER-0033,20.8819074,70.31628773,Gir Somnath,22.2 km seaward operational buffer,2026-08-30T13:30,2.26,241,7.65,1.88,238,6.7,2.4,126,25.9,24.1,258,0.0,True,No hazard,veraval_nodes_REAL_data_20260830_0814.csv
GJ-VER-0034,20.92693447,70.31488669,Gir Somnath,22.2 km seaward operational buffer,2026-08-30T13:30,2.26,241,7.65,1.88,238,6.7,1.8,135,25.8,24.6,257,0.0,True,No hazard,veraval_nodes_REAL_data_20260830_0814.csv
GJ-VER-0035,20.70309191,70.36971098,Gir Somnath,22.2 km seaward operational buffer,2026-08-30T13:30,2.34,243,7.65,1.92,240,6.8,2.5,120,26.3,29.5,258,0.0,True,No hazard,veraval_nodes_REAL_data_20260830_0814.csv
GJ-VER-0036,20.74812334,70.36833883,Gir Somnath,22.2 km seaward operational buffer,2026-08-30T13:30,2.34,243,7.65,1.92,240,6.8,2.5,120,26.3,29.0,257,0.0,True,No hazard,veraval_nodes_REAL_data_20260830_0814.csv
GJ-VER-0037,20.79315445,70.36696301,Gir Somnath,22.2 km seaward operational buffer,2026-08-30T13:30,2.28,240,7.6,1.88,237,6.75,2.6,124,25.9,29.0,257,0.0,True,No hazard,veraval_nodes_REAL_data_20260830_0814.csv
GJ-VER-0038,20.83818524,70.36558353,Gir Somnath,22.2 km seaward operational buffer,2026-08-30T13:30,2.16,240,7.6,1.84,237,6.65,2.2,125,25.7,24.1,258,0.0,True,No hazard,veraval_nodes_REAL_data_20260830_0814.csv
GJ-VER-0039,20.88321571,70.36420037,Gir Somnath,22.2 km seaward operational buffer,2026-08-30T13:30,2.16,240,7.6,1.84,237,6.65,2.2,125,25.7,24.1,258,0.0,True,No hazard,veraval_nodes_REAL_data_20260830_0814.csv
GJ-VER-0040,20.65933989,70.4189253,Gir Somnath,22.2 km seaward operational buffer,2026-08-30T13:30,2.34,245,7.6,1.9,242,6.8,2.6,115,26.4,28.7,258,0.0,True,No hazard,veraval_nodes_REAL_data_20260830_0814.csv
GJ-VER-0041,20.70437469,70.41757083,Gir Somnath,22.2 km seaward operational buffer,2026-08-30T13:30,2.26,243,7.6,1.86,240,6.7,2.7,118,25.9,29.2,259,0.0,True,No hazard,veraval_nodes_REAL_data_20260830_0814.csv
GJ-VER-0042,20.74940916,70.41621274,Gir Somnath,22.2 km seaward operational buffer,2026-08-30T13:30,2.34,243,7.65,1.92,240,6.8,2.5,120,26.3,25.3,261,0.0,True,No hazard,veraval_nodes_REAL_data_20260830_0814.csv
GJ-VER-0043,20.79444332,70.41485102,Gir Somnath,22.2 km seaward operational buffer,2026-08-30T13:30,2.28,240,7.6,1.88,237,6.75,2.6,124,25.9,25.3,261,0.0,True,No hazard,veraval_nodes_REAL_data_20260830_0814.csv
GJ-VER-0044,20.83947715,70.41348568,Gir Somnath,22.2 km seaward operational buffer,2026-08-30T13:30,2.16,240,7.6,1.84,237,6.65,2.2,125,25.7,24.1,258,0.0,True,No hazard,veraval_nodes_REAL_data_20260830_0814.csv
GJ-VER-0045,20.61556832,70.4681116,Gir Somnath,22.2 km seaward operational buffer,2026-08-30T13:30,2.34,245,7.6,1.9,242,6.8,2.6,115,26.4,29.3,260,0.0,True,No hazard,veraval_nodes_REAL_data_20260830_0814.csv
GJ-VER-0046,20.66060644,70.46677474,Gir Somnath,22.2 km seaward operational buffer,2026-08-30T13:30,2.34,245,7.6,1.9,242,6.8,2.6,115,26.4,29.3,260,0.0,True,No hazard,veraval_nodes_REAL_data_20260830_0814.csv
GJ-VER-0047,20.70564424,70.4654343,Gir Somnath,22.2 km seaward operational buffer,2026-08-30T13:30,2.26,243,7.6,1.86,240,6.7,2.7,118,25.9,29.2,259,0.0,True,No hazard,veraval_nodes_REAL_data_20260830_0814.csv
GJ-VER-0048,20.75068172,70.46409028,Gir Somnath,22.2 km seaward operational buffer,2026-08-30T13:30,2.14,240,7.6,1.8,238,6.7,2.5,120,25.4,25.3,261,0.0,True,No hazard,veraval_nodes_REAL_data_20260830_0814.csv
GJ-VER-0049,20.79571889,70.46274267,Gir Somnath,22.2 km seaward operational buffer,2026-08-30T13:30,2.14,240,7.6,1.8,238,6.7,2.5,120,25.4,25.3,261,0.0,True,No hazard,veraval_nodes_REAL_data_20260830_0814.csv
GJ-VER-0050,20.84075574,70.46139146,Gir Somnath,22.2 km seaward operational buffer,2026-08-30T13:30,2.14,240,7.6,1.8,238,6.7,1.9,131,25.2,25.3,261,0.0,True,No hazard,veraval_nodes_REAL_data_20260830_0814.csv
GJ-VER-0051,20.61681869,70.51595063,Gir Somnath,22.2 km seaward operational buffer,2026-08-30T13:30,2.26,244,7.55,1.8,241,6.8,2.7,110,26.1,29.3,260,0.0,True,No hazard,veraval_nodes_REAL_data_20260830_0814.csv
GJ-VER-0052,20.66185978,70.51462777,Gir Somnath,22.2 km seaward operational buffer,2026-08-30T13:30,2.26,244,7.55,1.8,241,6.8,2.7,110,26.1,29.3,260,0.0,True,No hazard,veraval_nodes_REAL_data_20260830_0814.csv
GJ-VER-0053,20.70690056,70.51330136,Gir Somnath,22.2 km seaward operational buffer,2026-08-30T13:30,2.12,242,7.65,1.74,239,6.75,2.8,117,25.6,29.5,259,0.0,True,No hazard,veraval_nodes_REAL_data_20260830_0814.csv
GJ-VER-0054,20.75194103,70.51197141,Gir Somnath,22.2 km seaward operational buffer,2026-08-30T13:30,1.94,240,7.65,1.64,239,6.65,2.4,117,25.4,25.3,261,0.0,True,No hazard,veraval_nodes_REAL_data_20260830_0814.csv
GJ-VER-0055,20.79698117,70.5106379,Gir Somnath,22.2 km seaward operational buffer,2026-08-30T13:30,1.94,240,7.65,1.64,239,6.65,2.4,117,25.4,25.3,261,0.0,True,No hazard,veraval_nodes_REAL_data_20260830_0814.csv
GJ-VER-0056,20.61805589,70.5637932,Gir Somnath,22.2 km seaward operational buffer,2026-08-30T13:30,2.26,244,7.55,1.8,241,6.8,2.7,110,26.1,29.8,260,0.0,True,No hazard,veraval_nodes_REAL_data_20260830_0814.csv
GJ-VER-0057,20.66309993,70.56248433,Gir Somnath,22.2 km seaward operational buffer,2026-08-30T13:30,2.26,244,7.55,1.8,241,6.8,2.7,110,26.1,29.8,260,0.0,True,No hazard,veraval_nodes_REAL_data_20260830_0814.csv
GJ-VER-0058,20.70814365,70.56117196,Gir Somnath,22.2 km seaward operational buffer,2026-08-30T13:30,2.12,242,7.65,1.74,239,6.75,2.8,117,25.6,29.5,259,0.0,True,No hazard,veraval_nodes_REAL_data_20260830_0814.csv
GJ-VER-0059,20.75318706,70.55985608,Gir Somnath,22.2 km seaward operational buffer,2026-08-30T13:30,1.94,240,7.65,1.64,239,6.65,2.4,117,25.4,26.0,262,0.0,True,No hazard,veraval_nodes_REAL_data_20260830_0814.csv
GJ-VER-0060,20.57423265,70.61293066,Gir Somnath,22.2 km seaward operational buffer,2026-08-30T13:30,2.3,246,7.45,1.76,240,6.9,2.8,101,26.6,30.0,262,0.0,True,No hazard,veraval_nodes_REAL_data_20260830_0814.csv
GJ-VER-0061,20.61927992,70.61163926,Gir Somnath,22.2 km seaward operational buffer,2026-08-30T13:30,2.18,243,7.5,1.74,239,6.75,2.8,108,25.9,29.4,261,0.0,True,No hazard,veraval_nodes_REAL_data_20260830_0814.csv
GJ-VER-0062,20.66432687,70.6103444,Gir Somnath,22.2 km seaward operational buffer,2026-08-30T13:30,2.18,243,7.5,1.74,239,6.75,2.8,108,25.9,29.1,259,0.0,True,No hazard,veraval_nodes_REAL_data_20260830_0814.csv
GJ-VER-0063,20.7093735,70.60904607,Gir Somnath,22.2 km seaward operational buffer,2026-08-30T13:30,1.94,240,7.65,1.6,239,6.75,2.7,113,25.3,27.4,260,0.0,True,No hazard,veraval_nodes_REAL_data_20260830_0814.csv
GJ-VER-0064,20.75441983,70.60774428,Gir Somnath,22.2 km seaward operational buffer,2026-08-30T13:30,1.62,239,7.65,1.38,238,6.65,2.4,117,25.1,26.0,262,0.0,True,No hazard,veraval_nodes_REAL_data_20260830_0814.csv
GJ-VER-0065,20.57544062,70.66076621,Gir Somnath,22.2 km seaward operational buffer,2026-08-30T13:30,2.3,246,7.45,1.76,240,6.9,2.8,101,26.6,29.7,263,0.0,True,No hazard,veraval_nodes_REAL_data_20260830_0814.csv
GJ-VER-0066,20.62049076,70.65948879,Gir Somnath,22.2 km seaward operational buffer,2026-08-30T13:30,2.18,243,7.5,1.74,239,6.75,2.8,108,25.9,29.4,261,0.0,True,No hazard,veraval_nodes_REAL_data_20260830_0814.csv
GJ-VER-0067,20.66554059,70.65820794,Gir Somnath,22.2 km seaward operational buffer,2026-08-30T13:30,2.18,243,7.5,1.74,239,6.75,2.8,108,25.9,29.4,261,0.0,True,No hazard,veraval_nodes_REAL_data_20260830_0814.csv
GJ-VER-0068,20.71059011,70.65692366,Gir Somnath,22.2 km seaward operational buffer,2026-08-30T13:30,1.94,240,7.65,1.6,239,6.75,2.7,113,25.3,27.4,260,0.0,True,No hazard,veraval_nodes_REAL_data_20260830_0814.csv
GJ-VER-0069,20.75563932,70.65563594,Gir Somnath,22.2 km seaward operational buffer,2026-08-30T13:30,1.62,239,7.65,1.38,238,6.65,2.4,117,25.1,27.4,260,0.0,True,No hazard,veraval_nodes_REAL_data_20260830_0814.csv
GJ-VER-0070,20.53158213,70.70986525,Gir Somnath,22.2 km seaward operational buffer,2026-08-30T13:30,2.3,246,7.4,1.74,239,6.9,2.9,101,26.5,30.8,263,0.0,True,No hazard,veraval_nodes_REAL_data_20260830_0814.csv
GJ-VER-0071,20.57663543,70.70860519,Gir Somnath,22.2 km seaward operational buffer,2026-08-30T13:30,2.3,246,7.4,1.74,239,6.9,2.9,101,26.5,29.7,263,0.0,True,No hazard,veraval_nodes_REAL_data_20260830_0814.csv
GJ-VER-0072,20.62168842,70.70734174,Gir Somnath,22.2 km seaward operational buffer,2026-08-30T13:30,2.14,242,7.45,1.68,236,6.8,3.4,106,25.7,28.6,261,0.0,True,No hazard,veraval_nodes_REAL_data_20260830_0814.csv
GJ-VER-0073,20.6667411,70.7060749,Gir Somnath,22.2 km seaward operational buffer,2026-08-30T13:30,1.76,238,7.6,1.44,236,6.7,3.1,111,25.4,28.2,259,0.0,True,No hazard,veraval_nodes_REAL_data_20260830_0814.csv
GJ-VER-0074,20.71179348,70.70480468,Gir Somnath,22.2 km seaward operational buffer,2026-08-30T13:30,1.76,238,7.6,1.44,236,6.7,3.1,111,25.4,27.4,260,0.0,True,No hazard,veraval_nodes_REAL_data_20260830_0814.csv
GJ-VER-0075,20.53276097,70.75769366,Gir Somnath,22.2 km seaward operational buffer,2026-08-30T13:30,2.3,246,7.4,1.74,239,6.9,3.3,96,26.4,29.2,263,0.0,True,No hazard,veraval_nodes_REAL_data_20260830_0814.csv
GJ-VER-0076,20.57781709,70.75644754,Gir Somnath,22.2 km seaward operational buffer,2026-08-30T13:30,2.3,246,7.4,1.74,239,6.9,3.3,96,26.4,29.2,263,0.0,True,No hazard,veraval_nodes_REAL_data_20260830_0814.csv
GJ-VER-0077,20.6228729,70.75519808,Gir Somnath,22.2 km seaward operational buffer,2026-08-30T13:30,2.14,242,7.45,1.66,236,6.8,3.5,99,25.6,28.6,261,0.0,True,No hazard,veraval_nodes_REAL_data_20260830_0814.csv
GJ-VER-0078,20.66792839,70.75394526,Gir Somnath,22.2 km seaward operational buffer,2026-08-30T13:30,1.66,238,7.4,1.32,236,6.65,2.8,105,25.2,27.4,260,0.0,True,No hazard,veraval_nodes_REAL_data_20260830_0814.csv
GJ-VER-0079,20.71298359,70.75268909,Gir Somnath,22.2 km seaward operational buffer,2026-08-30T13:30,1.66,238,7.4,1.32,236,6.65,2.8,105,25.2,27.4,260,0.0,True,No hazard,veraval_nodes_REAL_data_20260830_0814.csv
GJ-VER-0080,20.53392669,70.80552542,Gir Somnath,22.2 km seaward operational buffer,2026-08-30T13:30,2.3,246,7.4,1.74,239,6.9,3.3,96,26.4,30.8,264,0.0,True,No hazard,veraval_nodes_REAL_data_20260830_0814.csv
GJ-VER-0081,20.57898558,70.80429325,Gir Somnath,22.2 km seaward operational buffer,2026-08-30T13:30,2.3,246,7.4,1.74,239,6.9,3.3,96,26.4,29.2,263,0.0,True,No hazard,veraval_nodes_REAL_data_20260830_0814.csv
GJ-VER-0082,20.62404418,70.80305777,Gir Somnath,22.2 km seaward operational buffer,2026-08-30T13:30,2.14,242,7.45,1.66,236,6.8,3.5,99,25.6,28.8,261,0.0,True,No hazard,veraval_nodes_REAL_data_20260830_0814.csv
GJ-VER-0083,20.66910246,70.80181898,Gir Somnath,22.2 km seaward operational buffer,2026-08-30T13:30,1.66,238,7.4,1.32,236,6.65,2.8,105,25.2,27.6,260,0.0,True,No hazard,veraval_nodes_REAL_data_20260830_0814.csv
GJ-VER-0084,20.53507927,70.85336048,Gir Somnath,22.2 km seaward operational buffer,2026-08-30T13:30,2.3,246,7.35,1.72,238,6.95,3.6,93,26.3,29.4,263,0.0,True,No hazard,veraval_nodes_REAL_data_20260830_0814.csv
GJ-VER-0085,20.58014092,70.85214226,Gir Somnath,22.2 km seaward operational buffer,2026-08-30T13:30,2.3,246,7.35,1.72,238,6.95,3.6,93,26.3,29.4,263,0.0,True,No hazard,veraval_nodes_REAL_data_20260830_0814.csv
GJ-VER-0086,20.62520226,70.85092077,Gir Somnath,22.2 km seaward operational buffer,2026-08-30T13:30,2.14,241,7.45,1.66,235,6.85,3.6,93,25.5,28.8,261,0.0,True,No hazard,veraval_nodes_REAL_data_20260830_0814.csv
GJ-VER-0087,20.6702633,70.84969601,Gir Somnath,22.2 km seaward operational buffer,2026-08-30T13:30,1.58,235,7.3,1.24,232,6.6,2.5,98,25.3,28.5,259,0.0,True,No hazard,veraval_nodes_REAL_data_20260830_0814.csv
GJ-VER-0088,20.53621871,70.9011988,Gir Somnath,22.2 km seaward operational buffer,2026-08-30T13:30,2.3,246,7.35,1.72,238,6.95,3.6,93,26.3,30.4,264,0.0,True,No hazard,veraval_nodes_REAL_data_20260830_0814.csv
GJ-VER-0089,20.58128308,70.89999455,Gir Somnath,22.2 km seaward operational buffer,2026-08-30T13:30,2.3,246,7.35,1.72,238,6.95,3.6,93,26.3,29.4,263,0.0,True,No hazard,veraval_nodes_REAL_data_20260830_0814.csv
GJ-VER-0090,20.62634715,70.89878705,Gir Somnath,22.2 km seaward operational buffer,2026-08-30T13:30,2.14,241,7.45,1.66,235,6.85,3.6,93,25.5,30.4,259,0.0,True,No hazard,veraval_nodes_REAL_data_20260830_0814.csv
GJ-VER-0091,20.67141091,70.89757632,Gir Somnath,22.2 km seaward operational buffer,2026-08-30T13:30,1.58,235,7.3,1.24,232,6.6,2.5,98,25.3,28.5,259,0.0,True,No hazard,veraval_nodes_REAL_data_20260830_0814.csv
GJ-VER-0092,20.53734501,70.94904036,Gir Somnath,22.2 km seaward operational buffer,2026-08-30T13:30,2.28,246,7.3,1.68,238,7.0,3.8,87,26.3,30.0,262,0.0,True,No hazard,veraval_nodes_REAL_data_20260830_0814.csv
GJ-VER-0093,20.58241207,70.94785006,Gir Somnath,22.2 km seaward operational buffer,2026-08-30T13:30,2.28,246,7.3,1.68,238,7.0,3.8,87,26.3,30.0,262,0.0,True,No hazard,veraval_nodes_REAL_data_20260830_0814.csv
GJ-VER-0094,20.62747883,70.94665657,Gir Somnath,22.2 km seaward operational buffer,2026-08-30T13:30,2.12,241,7.45,1.6,235,6.95,3.6,87,25.5,30.4,259,0.0,True,No hazard,veraval_nodes_REAL_data_20260830_0814.csv
GJ-VER-0095,20.67254529,70.94545987,Gir Somnath,22.2 km seaward operational buffer,2026-08-30T13:30,1.52,234,7.25,1.16,229,6.7,2.7,86,25.6,29.2,257,0.0,True,No hazard,veraval_nodes_REAL_data_20260830_0814.csv
GJ-VER-0096,20.53845817,70.99688511,Gir Somnath,22.2 km seaward operational buffer,2026-08-30T13:30,2.28,246,7.3,1.68,238,7.0,3.8,87,26.3,31.0,261,0.0,True,No hazard,veraval_nodes_REAL_data_20260830_0814.csv
GJ-VER-0097,20.58352789,70.99570878,Gir Somnath,22.2 km seaward operational buffer,2026-08-30T13:30,2.12,241,7.45,1.6,235,6.95,3.6,87,25.5,31.0,261,0.0,True,No hazard,veraval_nodes_REAL_data_20260830_0814.csv
GJ-VER-0098,20.62859731,70.99452929,Gir Somnath,22.2 km seaward operational buffer,2026-08-30T13:30,2.12,241,7.45,1.6,235,6.95,3.6,87,25.5,32.4,258,0.0,True,No hazard,veraval_nodes_REAL_data_20260830_0814.csv
GJ-VER-0099,20.67366643,70.99334663,Gir Somnath,22.2 km seaward operational buffer,2026-08-30T13:30,1.52,234,7.25,1.16,229,6.7,2.7,86,25.6,29.2,257,0.0,True,No hazard,veraval_nodes_REAL_data_20260830_0814.csv
GJ-VER-0100,20.53955818,71.04473301,Gir Somnath,22.2 km seaward operational buffer,2026-08-30T13:30,2.24,246,7.3,1.66,239,7.0,4.0,85,26.3,31.0,261,0.0,True,No hazard,veraval_nodes_REAL_data_20260830_0814.csv
GJ-VER-0101,20.58463052,71.04357065,Gir Somnath,22.2 km seaward operational buffer,2026-08-30T13:30,2.0,241,7.4,1.46,235,7.05,3.7,79,25.6,31.0,261,0.0,True,No hazard,veraval_nodes_REAL_data_20260830_0814.csv
GJ-VER-0102,20.62970257,71.04240517,Gir Somnath,22.2 km seaward operational buffer,2026-08-30T13:30,2.0,241,7.4,1.46,235,7.05,3.7,79,25.6,32.4,258,0.0,True,No hazard,veraval_nodes_REAL_data_20260830_0814.csv
GJ-VER-0103,20.67477432,71.04123656,Gir Somnath,22.2 km seaward operational buffer,2026-08-30T13:30,1.46,234,7.1,1.06,228,6.85,3.0,76,25.8,29.7,255,0.0,True,No hazard,veraval_nodes_REAL_data_20260830_0814.csv
GJ-VER-0104,20.71984577,71.04006482,Gir Somnath,22.2 km seaward operational buffer,2026-08-30T13:30,1.46,234,7.1,1.06,228,6.85,3.0,76,25.8,29.7,255,0.0,True,No hazard,veraval_nodes_REAL_data_20260830_0814.csv
GJ-VER-0105,20.54064504,71.09258403,Gir Somnath,22.2 km seaward operational buffer,2026-08-30T13:30,2.16,246,7.3,1.62,239,7.0,3.8,82,26.3,31.5,261,0.0,True,No hazard,veraval_nodes_REAL_data_20260830_0814.csv
GJ-VER-0106,20.58571998,71.09143565,Gir Somnath,22.2 km seaward operational buffer,2026-08-30T13:30,1.86,241,7.3,1.32,234,7.1,3.8,73,25.8,31.5,261,0.0,True,No hazard,veraval_nodes_REAL_data_20260830_0814.csv
GJ-VER-0107,20.63079462,71.09028418,Gir Somnath,22.2 km seaward operational buffer,2026-08-30T13:30,1.86,241,7.3,1.32,234,7.1,3.8,73,25.8,33.5,257,0.0,True,No hazard,veraval_nodes_REAL_data_20260830_0814.csv
GJ-VER-0108,20.67586897,71.08912962,Gir Somnath,22.2 km seaward operational buffer,2026-08-30T13:30,1.38,236,6.9,0.96,228,7.0,3.5,69,25.9,29.7,255,0.0,True,No hazard,veraval_nodes_REAL_data_20260830_0814.csv
GJ-VER-0109,20.72094302,71.08797196,Gir Somnath,22.2 km seaward operational buffer,2026-08-30T13:30,1.38,236,6.9,0.96,228,7.0,3.5,69,25.9,29.7,255,0.0,True,No hazard,veraval_nodes_REAL_data_20260830_0814.csv
GJ-VER-0110,20.58679624,71.13930373,Gir Somnath,22.2 km seaward operational buffer,2026-08-30T13:30,1.86,241,7.3,1.32,234,7.1,3.8,73,25.8,31.5,261,0.0,True,No hazard,veraval_nodes_REAL_data_20260830_0814.csv
GJ-VER-0111,20.63187345,71.13816627,Gir Somnath,22.2 km seaward operational buffer,2026-08-30T13:30,1.86,241,7.3,1.32,234,7.1,3.8,73,25.8,33.5,257,0.0,True,No hazard,veraval_nodes_REAL_data_20260830_0814.csv
GJ-VER-0112,20.67695037,71.13702577,Gir Somnath,22.2 km seaward operational buffer,2026-08-30T13:30,1.38,236,6.9,0.96,228,7.0,3.5,69,25.9,29.7,255,0.0,True,No hazard,veraval_nodes_REAL_data_20260830_0814.csv
GJ-VER-0113,20.72202699,71.13588221,Gir Somnath,22.2 km seaward operational buffer,2026-08-30T13:30,1.38,236,6.9,0.96,228,7.0,3.5,69,25.9,29.7,255,0.0,True,No hazard,veraval_nodes_REAL_data_20260830_0814.csv
GJ-VER-0114,20.58785932,71.18717485,Gir Somnath,22.2 km seaward operational buffer,2026-08-30T13:30,1.76,241,7.2,1.2,233,7.15,3.8,71,26.0,31.5,262,0.0,True,No hazard,veraval_nodes_REAL_data_20260830_0814.csv
GJ-VER-0115,20.63293906,71.18605142,Gir Somnath,22.2 km seaward operational buffer,2026-08-30T13:30,1.76,241,7.2,1.2,233,7.15,3.8,71,26.0,33.9,256,0.0,True,No hazard,veraval_nodes_REAL_data_20260830_0814.csv
GJ-VER-0116,20.67801851,71.18492497,Gir Somnath,22.2 km seaward operational buffer,2026-08-30T13:30,1.34,237,6.7,0.84,226,7.15,3.7,67,26.0,29.7,255,0.0,True,No hazard,veraval_nodes_REAL_data_20260830_0814.csv
GJ-VER-0117,20.72309767,71.1837955,Gir Somnath,22.2 km seaward operational buffer,2026-08-30T13:30,1.34,237,6.7,0.84,226,7.15,3.7,67,26.0,29.7,255,0.0,True,No hazard,veraval_nodes_REAL_data_20260830_0814.csv
GJ-VER-0118,20.76817653,71.18266302,Gir Somnath,22.2 km seaward operational buffer,2026-08-30T13:30,0.98,234,5.7,0.56,224,6.9,3.3,68,26.6,27.8,256,0.0,True,No hazard,veraval_nodes_REAL_data_20260830_0814.csv
GJ-VER-0119,20.5889092,71.23504899,Gir Somnath,22.2 km seaward operational buffer,2026-08-30T13:30,1.76,241,7.2,1.2,233,7.15,3.8,71,26.0,31.5,262,0.0,True,No hazard,veraval_nodes_REAL_data_20260830_0814.csv
GJ-VER-0120,20.63399145,71.23393958,Gir Somnath,22.2 km seaward operational buffer,2026-08-30T13:30,1.76,241,7.2,1.2,233,7.15,3.8,71,26.0,33.9,256,0.0,True,No hazard,veraval_nodes_REAL_data_20260830_0814.csv
GJ-VER-0121,20.6790734,71.23282719,Gir Somnath,22.2 km seaward operational buffer,2026-08-30T13:30,1.34,237,6.7,0.84,226,7.15,3.7,67,26.0,36.3,251,0.0,True,No hazard,veraval_nodes_REAL_data_20260830_0814.csv
GJ-VER-0122,20.72415507,71.23171182,Gir Somnath,22.2 km seaward operational buffer,2026-08-30T13:30,1.34,237,6.7,0.84,226,7.15,3.7,67,26.0,36.3,251,0.0,True,No hazard,veraval_nodes_REAL_data_20260830_0814.csv
GJ-VER-0123,20.76923643,71.23059347,Gir Somnath,22.2 km seaward operational buffer,2026-08-30T13:30,0.98,234,5.7,0.56,224,6.9,3.3,68,26.6,29.6,253,0.0,True,No hazard,veraval_nodes_REAL_data_20260830_0814.csv
GJ-VER-0124,20.63503061,71.28183071,Gir Somnath,22.2 km seaward operational buffer,2026-08-30T13:30,1.72,241,7.05,1.14,233,7.2,3.9,74,26.3,34.2,257,0.0,True,No hazard,veraval_nodes_REAL_data_20260830_0814.csv
GJ-VER-0125,20.68011503,71.28073239,Gir Somnath,22.2 km seaward operational buffer,2026-08-30T13:30,1.32,237,6.45,0.76,226,7.25,4.0,69,26.2,36.3,251,0.0,True,No hazard,veraval_nodes_REAL_data_20260830_0814.csv
GJ-VER-0126,20.72519917,71.27963113,Gir Somnath,22.2 km seaward operational buffer,2026-08-30T13:30,1.32,237,6.45,0.76,226,7.25,4.0,69,26.2,36.3,251,0.0,True,No hazard,veraval_nodes_REAL_data_20260830_0814.csv
GJ-VER-0127,20.77028301,71.27852692,Gir Somnath,22.2 km seaward operational buffer,2026-08-30T13:30,1.04,234,5.65,0.5,224,7.25,3.9,68,26.7,29.6,253,0.0,True,No hazard,veraval_nodes_REAL_data_20260830_0814.csv
GJ-VER-0128,20.81536657,71.27741976,Gir Somnath,22.2 km seaward operational buffer,2026-08-30T13:30,1.04,234,5.65,0.5,224,7.25,3.9,68,26.7,29.6,253,0.0,True,No hazard,veraval_nodes_REAL_data_20260830_0814.csv
GJ-VER-0129,20.63605653,71.32972479,Gir Somnath,22.2 km seaward operational buffer,2026-08-30T13:30,1.72,241,7.05,1.14,233,7.2,3.9,74,26.3,34.2,257,0.0,True,No hazard,veraval_nodes_REAL_data_20260830_0814.csv
GJ-VER-0130,20.6811434,71.32864054,Gir Somnath,22.2 km seaward operational buffer,2026-08-30T13:30,1.32,237,6.45,0.76,226,7.25,4.0,69,26.2,37.7,250,0.0,True,No hazard,veraval_nodes_REAL_data_20260830_0814.csv
GJ-VER-0131,20.72622998,71.32755338,Gir Somnath,22.2 km seaward operational buffer,2026-08-30T13:30,1.32,237,6.45,0.76,226,7.25,4.0,69,26.2,37.7,250,0.0,True,No hazard,veraval_nodes_REAL_data_20260830_0814.csv
GJ-VER-0132,20.77131627,71.32646331,Gir Somnath,22.2 km seaward operational buffer,2026-08-30T13:30,1.04,234,5.65,0.5,224,7.25,3.9,68,26.7,29.6,253,0.0,True,No hazard,veraval_nodes_REAL_data_20260830_0814.csv
GJ-VER-0133,20.81640226,71.32537034,Gir Somnath,22.2 km seaward operational buffer,2026-08-30T13:30,1.04,234,5.65,0.5,224,7.25,3.9,68,26.7,29.6,253,0.0,True,No hazard,veraval_nodes_REAL_data_20260830_0814.csv
GJ-VER-0134,20.6821585,71.37655158,Gir Somnath,22.2 km seaward operational buffer,2026-08-30T13:30,1.4,237,6.35,0.7,226,7.55,4.2,70,26.4,37.7,250,0.0,True,No hazard,veraval_nodes_REAL_data_20260830_0814.csv
GJ-VER-0135,20.72724749,71.37547854,Gir Somnath,22.2 km seaward operational buffer,2026-08-30T13:30,1.4,237,6.35,0.7,226,7.55,4.2,70,26.4,37.7,250,0.0,True,No hazard,veraval_nodes_REAL_data_20260830_0814.csv
GJ-VER-0136,20.77233619,71.37440262,Gir Somnath,22.2 km seaward operational buffer,2026-08-30T13:30,1.12,234,5.7,0.48,225,7.55,4.0,69,26.7,37.2,246,0.0,True,No hazard,veraval_nodes_REAL_data_20260830_0814.csv
GJ-VER-0137,20.8174246,71.37332383,Gir Somnath,22.2 km seaward operational buffer,2026-08-30T13:30,1.12,234,5.7,0.48,225,7.55,4.0,69,26.7,29.1,249,0.0,True,No hazard,veraval_nodes_REAL_data_20260830_0814.csv
GJ-VER-0138,20.77334278,71.4223448,Gir Somnath,22.2 km seaward operational buffer,2026-08-30T13:30,1.3,233,5.85,0.52,224,7.8,4.3,66,26.8,39.1,245,0.0,True,No hazard,veraval_nodes_REAL_data_20260830_0814.csv
GJ-VER-0139,20.81843357,71.4212802,Gir Somnath,22.2 km seaward operational buffer,2026-08-30T13:30,1.3,233,5.85,0.52,224,7.8,4.3,66,26.8,29.1,249,0.0,True,No hazard,veraval_nodes_REAL_data_20260830_0814.csv
GJ-VER-0140,20.86352407,71.42021276,Gir Somnath,22.2 km seaward operational buffer,2026-08-30T13:30,0.96,233,5.25,0.4,224,7.05,3.9,68,27.7,29.1,249,0.0,True,No hazard,veraval_nodes_REAL_data_20260830_0814.csv
GJ-VER-0001,20.87516585,70.07678103,Gir Somnath,22.2 km seaward operational buffer,2026-09-01T00:15,2.22,238,8.3,1.74,239,7.05,2.3,122,26.9,30.8,248,0.0,True,No hazard,veraval_nodes_REAL_data_20260831_1848.csv
GJ-VER-0002,20.92017704,70.07530903,Gir Somnath,22.2 km seaward operational buffer,2026-09-01T00:15,2.1,240,8.3,1.68,240,7.1,2.3,122,26.6,30.4,248,0.0,True,No hazard,veraval_nodes_REAL_data_20260831_1848.csv
GJ-VER-0003,20.9651879,70.07383312,Gir Somnath,22.2 km seaward operational buffer,2026-09-01T00:15,2.1,240,8.3,1.68,240,7.1,2.3,122,26.6,19.2,248,0.0,True,No hazard,veraval_nodes_REAL_data_20260831_1848.csv
GJ-VER-0004,21.01019843,70.0723533,Gir Somnath,22.2 km seaward operational buffer,2026-09-01T00:15,1.68,239,8.5,1.42,241,7.2,2.2,125,26.3,19.2,248,0.0,True,No hazard,veraval_nodes_REAL_data_20260831_1848.csv
GJ-VER-0005,21.05520861,70.07086956,Gir Somnath,22.2 km seaward operational buffer,2026-09-01T00:15,1.68,239,8.5,1.42,241,7.2,2.2,125,26.3,19.2,248,0.0,True,No hazard,veraval_nodes_REAL_data_20260831_1848.csv
GJ-VER-0006,21.10021846,70.06938189,Gir Somnath,22.2 km seaward operational buffer,2026-09-01T00:15,1.46,241,8.3,1.28,242,7.1,1.9,124,26.0,17.6,247,0.0,True,No hazard,veraval_nodes_REAL_data_20260831_1848.csv
GJ-VER-0007,20.83152605,70.12612866,Gir Somnath,22.2 km seaward operational buffer,2026-09-01T00:15,2.34,237,8.4,1.9,238,7.05,2.5,120,27.0,31.3,248,0.0,True,No hazard,veraval_nodes_REAL_data_20260831_1848.csv
GJ-VER-0008,20.87654082,70.12467471,Gir Somnath,22.2 km seaward operational buffer,2026-09-01T00:15,2.22,237,8.35,1.78,238,7.0,2.6,124,26.7,31.3,248,0.0,True,No hazard,veraval_nodes_REAL_data_20260831_1848.csv
GJ-VER-0009,20.92155525,70.12321689,Gir Somnath,22.2 km seaward operational buffer,2026-09-01T00:15,2.08,237,8.4,1.68,238,7.0,2.4,126,26.4,29.5,248,0.0,True,No hazard,veraval_nodes_REAL_data_20260831_1848.csv
GJ-VER-0010,20.96656935,70.1217552,Gir Somnath,22.2 km seaward operational buffer,2026-09-01T00:15,2.08,237,8.4,1.68,238,7.0,2.4,126,26.4,19.2,248,0.0,True,No hazard,veraval_nodes_REAL_data_20260831_1848.csv
GJ-VER-0011,21.01158311,70.12028964,Gir Somnath,22.2 km seaward operational buffer,2026-09-01T00:15,1.66,233,8.65,1.42,236,7.0,2.2,132,26.2,19.2,248,0.0,True,No hazard,veraval_nodes_REAL_data_20260831_1848.csv
GJ-VER-0012,21.05659653,70.11882019,Gir Somnath,22.2 km seaward operational buffer,2026-09-01T00:15,1.66,233,8.65,1.42,236,7.0,2.2,132,26.2,19.2,248,0.0,True,No hazard,veraval_nodes_REAL_data_20260831_1848.csv
GJ-VER-0013,20.7878662,70.17544804,Gir Somnath,22.2 km seaward operational buffer,2026-09-01T00:15,2.32,237,8.35,1.88,237,7.05,2.7,118,26.8,31.4,248,0.0,True,No hazard,veraval_nodes_REAL_data_20260831_1848.csv
GJ-VER-0014,20.8328845,70.17401206,Gir Somnath,22.2 km seaward operational buffer,2026-09-01T00:15,2.32,237,8.35,1.88,237,7.05,2.7,118,26.8,31.3,248,0.0,True,No hazard,veraval_nodes_REAL_data_20260831_1848.csv
GJ-VER-0015,20.87790246,70.17257226,Gir Somnath,22.2 km seaward operational buffer,2026-09-01T00:15,2.22,237,8.35,1.82,237,7.0,2.6,124,26.4,31.3,248,0.0,True,No hazard,veraval_nodes_REAL_data_20260831_1848.csv
GJ-VER-0016,20.9229201,70.17112863,Gir Somnath,22.2 km seaward operational buffer,2026-09-01T00:15,2.08,236,8.45,1.76,237,6.9,2.3,122,26.2,19.7,249,0.0,True,No hazard,veraval_nodes_REAL_data_20260831_1848.csv
GJ-VER-0017,20.9679374,70.16968116,Gir Somnath,22.2 km seaward operational buffer,2026-09-01T00:15,2.08,236,8.45,1.76,237,6.9,2.3,122,26.2,19.2,248,0.0,True,No hazard,veraval_nodes_REAL_data_20260831_1848.csv
GJ-VER-0018,21.01295437,70.16822986,Gir Somnath,22.2 km seaward operational buffer,2026-09-01T00:15,1.66,233,8.65,1.42,236,7.0,1.9,131,26.4,19.2,248,0.0,True,No hazard,veraval_nodes_REAL_data_20260831_1848.csv
GJ-VER-0019,20.78920817,70.22332115,Gir Somnath,22.2 km seaward operational buffer,2026-09-01T00:15,2.32,237,8.35,1.88,237,7.05,2.7,118,26.8,32.8,249,0.0,True,No hazard,veraval_nodes_REAL_data_20260831_1848.csv
GJ-VER-0020,20.83422964,70.22189929,Gir Somnath,22.2 km seaward operational buffer,2026-09-01T00:15,2.22,237,8.35,1.82,237,7.0,2.6,124,26.4,31.7,250,0.0,True,No hazard,veraval_nodes_REAL_data_20260831_1848.csv
GJ-VER-0021,20.87925078,70.22047364,Gir Somnath,22.2 km seaward operational buffer,2026-09-01T00:15,2.22,237,8.35,1.82,237,7.0,2.6,124,26.4,19.7,249,0.0,True,No hazard,veraval_nodes_REAL_data_20260831_1848.csv
GJ-VER-0022,20.92427159,70.2190442,Gir Somnath,22.2 km seaward operational buffer,2026-09-01T00:15,2.08,236,8.45,1.76,237,6.9,2.3,122,26.2,19.7,249,0.0,True,No hazard,veraval_nodes_REAL_data_20260831_1848.csv
GJ-VER-0023,20.96929207,70.21761096,Gir Somnath,22.2 km seaward operational buffer,2026-09-01T00:15,2.08,236,8.45,1.76,237,6.9,2.3,122,26.2,19.7,249,0.0,True,No hazard,veraval_nodes_REAL_data_20260831_1848.csv
GJ-VER-0024,20.74551194,70.27260204,Gir Somnath,22.2 km seaward operational buffer,2026-09-01T00:15,2.36,239,8.3,1.9,240,7.05,2.6,115,26.7,32.8,249,0.0,True,No hazard,veraval_nodes_REAL_data_20260831_1848.csv
GJ-VER-0025,20.79053688,70.27119804,Gir Somnath,22.2 km seaward operational buffer,2026-09-01T00:15,2.28,237,8.3,1.84,237,7.05,2.7,118,26.2,32.8,249,0.0,True,No hazard,veraval_nodes_REAL_data_20260831_1848.csv
GJ-VER-0026,20.83556148,70.2697903,Gir Somnath,22.2 km seaward operational buffer,2026-09-01T00:15,2.18,237,8.35,1.82,237,6.95,2.5,120,26.0,20.1,250,0.0,True,No hazard,veraval_nodes_REAL_data_20260831_1848.csv
GJ-VER-0027,20.88058576,70.26837881,Gir Somnath,22.2 km seaward operational buffer,2026-09-01T00:15,2.18,237,8.35,1.82,237,6.95,2.5,120,26.0,19.7,249,0.0,True,No hazard,veraval_nodes_REAL_data_20260831_1848.csv
GJ-VER-0028,20.92560971,70.26696356,Gir Somnath,22.2 km seaward operational buffer,2026-09-01T00:15,2.18,237,8.35,1.82,237,6.95,1.9,131,25.9,19.7,249,0.0,True,No hazard,veraval_nodes_REAL_data_20260831_1848.csv
GJ-VER-0029,20.7017959,70.32185479,Gir Somnath,22.2 km seaward operational buffer,2026-09-01T00:15,2.36,239,8.3,1.9,240,7.05,2.6,115,26.7,31.1,249,0.0,True,No hazard,veraval_nodes_REAL_data_20260831_1848.csv
GJ-VER-0030,20.74682427,70.32046858,Gir Somnath,22.2 km seaward operational buffer,2026-09-01T00:15,2.36,239,8.3,1.9,240,7.05,2.6,115,26.7,31.6,249,0.0,True,No hazard,veraval_nodes_REAL_data_20260831_1848.csv
GJ-VER-0031,20.7918523,70.31907867,Gir Somnath,22.2 km seaward operational buffer,2026-09-01T00:15,2.28,237,8.3,1.84,237,7.05,2.7,118,26.2,31.6,249,0.0,True,No hazard,veraval_nodes_REAL_data_20260831_1848.csv
GJ-VER-0032,20.83688002,70.31768506,Gir Somnath,22.2 km seaward operational buffer,2026-09-01T00:15,2.18,237,8.35,1.82,237,6.95,2.5,120,26.0,20.1,250,0.0,True,No hazard,veraval_nodes_REAL_data_20260831_1848.csv
GJ-VER-0033,20.8819074,70.31628773,Gir Somnath,22.2 km seaward operational buffer,2026-09-01T00:15,2.18,237,8.35,1.82,237,6.95,2.5,120,26.0,20.1,250,0.0,True,No hazard,veraval_nodes_REAL_data_20260831_1848.csv
GJ-VER-0034,20.92693447,70.31488669,Gir Somnath,22.2 km seaward operational buffer,2026-09-01T00:15,2.18,237,8.35,1.82,237,6.95,1.9,131,25.9,19.7,249,0.0,True,No hazard,veraval_nodes_REAL_data_20260831_1848.csv
GJ-VER-0035,20.70309191,70.36971098,Gir Somnath,22.2 km seaward operational buffer,2026-09-01T00:15,2.28,239,8.3,1.82,240,7.05,2.7,113,26.5,31.1,249,0.0,True,No hazard,veraval_nodes_REAL_data_20260831_1848.csv
GJ-VER-0036,20.74812334,70.36833883,Gir Somnath,22.2 km seaward operational buffer,2026-09-01T00:15,2.28,239,8.3,1.82,240,7.05,2.7,113,26.5,31.6,249,0.0,True,No hazard,veraval_nodes_REAL_data_20260831_1848.csv
GJ-VER-0037,20.79315445,70.36696301,Gir Somnath,22.2 km seaward operational buffer,2026-09-01T00:15,2.2,237,8.3,1.8,237,7.0,2.7,118,26.1,31.6,249,0.0,True,No hazard,veraval_nodes_REAL_data_20260831_1848.csv
GJ-VER-0038,20.83818524,70.36558353,Gir Somnath,22.2 km seaward operational buffer,2026-09-01T00:15,2.1,237,8.35,1.78,237,6.85,2.5,120,25.8,20.1,250,0.0,True,No hazard,veraval_nodes_REAL_data_20260831_1848.csv
GJ-VER-0039,20.88321571,70.36420037,Gir Somnath,22.2 km seaward operational buffer,2026-09-01T00:15,2.1,237,8.35,1.78,237,6.85,2.5,120,25.8,20.1,250,0.0,True,No hazard,veraval_nodes_REAL_data_20260831_1848.csv
GJ-VER-0040,20.65933989,70.4189253,Gir Somnath,22.2 km seaward operational buffer,2026-09-01T00:15,2.28,241,8.2,1.8,240,7.0,2.8,108,26.6,29.7,250,0.0,True,No hazard,veraval_nodes_REAL_data_20260831_1848.csv
GJ-VER-0041,20.70437469,70.41757083,Gir Somnath,22.2 km seaward operational buffer,2026-09-01T00:15,2.18,239,8.25,1.78,239,7.0,2.9,112,26.1,29.7,249,0.0,True,No hazard,veraval_nodes_REAL_data_20260831_1848.csv
GJ-VER-0042,20.74940916,70.41621274,Gir Somnath,22.2 km seaward operational buffer,2026-09-01T00:15,2.28,239,8.3,1.82,240,7.05,2.7,113,26.5,20.0,249,0.0,True,No hazard,veraval_nodes_REAL_data_20260831_1848.csv
GJ-VER-0043,20.79444332,70.41485102,Gir Somnath,22.2 km seaward operational buffer,2026-09-01T00:15,2.2,237,8.3,1.8,237,7.0,2.7,118,26.1,20.0,249,0.0,True,No hazard,veraval_nodes_REAL_data_20260831_1848.csv
GJ-VER-0044,20.83947715,70.41348568,Gir Somnath,22.2 km seaward operational buffer,2026-09-01T00:15,2.1,237,8.35,1.78,237,6.85,2.5,120,25.8,20.1,250,0.0,True,No hazard,veraval_nodes_REAL_data_20260831_1848.csv
GJ-VER-0045,20.61556832,70.4681116,Gir Somnath,22.2 km seaward operational buffer,2026-09-01T00:15,2.28,241,8.2,1.8,240,7.0,2.8,108,26.6,29.9,250,0.0,True,No hazard,veraval_nodes_REAL_data_20260831_1848.csv
GJ-VER-0046,20.66060644,70.46677474,Gir Somnath,22.2 km seaward operational buffer,2026-09-01T00:15,2.28,241,8.2,1.8,240,7.0,2.8,108,26.6,29.9,250,0.0,True,No hazard,veraval_nodes_REAL_data_20260831_1848.csv
GJ-VER-0047,20.70564424,70.4654343,Gir Somnath,22.2 km seaward operational buffer,2026-09-01T00:15,2.18,239,8.25,1.78,239,7.0,2.9,112,26.1,29.7,249,0.0,True,No hazard,veraval_nodes_REAL_data_20260831_1848.csv
GJ-VER-0048,20.75068172,70.46409028,Gir Somnath,22.2 km seaward operational buffer,2026-09-01T00:15,2.08,237,8.35,1.74,237,6.9,2.7,118,25.6,20.0,249,0.0,True,No hazard,veraval_nodes_REAL_data_20260831_1848.csv
GJ-VER-0049,20.79571889,70.46274267,Gir Somnath,22.2 km seaward operational buffer,2026-09-01T00:15,2.08,237,8.35,1.74,237,6.9,2.7,118,25.6,20.0,249,0.0,True,No hazard,veraval_nodes_REAL_data_20260831_1848.csv
GJ-VER-0050,20.84075574,70.46139146,Gir Somnath,22.2 km seaward operational buffer,2026-09-01T00:15,2.08,237,8.35,1.74,237,6.9,2.2,132,25.2,20.0,249,0.0,True,No hazard,veraval_nodes_REAL_data_20260831_1848.csv
GJ-VER-0051,20.61681869,70.51595063,Gir Somnath,22.2 km seaward operational buffer,2026-09-01T00:15,2.2,241,8.15,1.76,240,7.0,3.0,107,26.2,29.9,250,0.0,True,No hazard,veraval_nodes_REAL_data_20260831_1848.csv
GJ-VER-0052,20.66185978,70.51462777,Gir Somnath,22.2 km seaward operational buffer,2026-09-01T00:15,2.2,241,8.15,1.76,240,7.0,3.0,107,26.2,29.9,250,0.0,True,No hazard,veraval_nodes_REAL_data_20260831_1848.csv
GJ-VER-0053,20.70690056,70.51330136,Gir Somnath,22.2 km seaward operational buffer,2026-09-01T00:15,2.08,239,8.3,1.7,239,7.0,2.9,112,25.8,28.9,249,0.0,True,No hazard,veraval_nodes_REAL_data_20260831_1848.csv
GJ-VER-0054,20.75194103,70.51197141,Gir Somnath,22.2 km seaward operational buffer,2026-09-01T00:15,1.9,237,8.35,1.62,238,6.8,2.7,113,25.4,20.0,249,0.0,True,No hazard,veraval_nodes_REAL_data_20260831_1848.csv
GJ-VER-0055,20.79698117,70.5106379,Gir Somnath,22.2 km seaward operational buffer,2026-09-01T00:15,1.9,237,8.35,1.62,238,6.8,2.7,113,25.4,20.0,249,0.0,True,No hazard,veraval_nodes_REAL_data_20260831_1848.csv
GJ-VER-0056,20.61805589,70.5637932,Gir Somnath,22.2 km seaward operational buffer,2026-09-01T00:15,2.2,241,8.15,1.76,240,7.0,3.0,107,26.2,30.5,250,0.0,True,No hazard,veraval_nodes_REAL_data_20260831_1848.csv
GJ-VER-0057,20.66309993,70.56248433,Gir Somnath,22.2 km seaward operational buffer,2026-09-01T00:15,2.2,241,8.15,1.76,240,7.0,3.0,107,26.2,30.5,250,0.0,True,No hazard,veraval_nodes_REAL_data_20260831_1848.csv
GJ-VER-0058,20.70814365,70.56117196,Gir Somnath,22.2 km seaward operational buffer,2026-09-01T00:15,2.08,239,8.3,1.7,239,7.0,2.9,112,25.8,28.9,249,0.0,True,No hazard,veraval_nodes_REAL_data_20260831_1848.csv
GJ-VER-0059,20.75318706,70.55985608,Gir Somnath,22.2 km seaward operational buffer,2026-09-01T00:15,1.9,237,8.35,1.62,238,6.8,2.7,113,25.4,18.3,249,0.0,True,No hazard,veraval_nodes_REAL_data_20260831_1848.csv
GJ-VER-0060,20.57423265,70.61293066,Gir Somnath,22.2 km seaward operational buffer,2026-09-01T00:15,2.24,242,8.1,1.8,241,6.95,2.9,101,26.5,30.6,251,0.0,True,No hazard,veraval_nodes_REAL_data_20260831_1848.csv
GJ-VER-0061,20.61927992,70.61163926,Gir Somnath,22.2 km seaward operational buffer,2026-09-01T00:15,2.14,240,8.15,1.7,238,7.05,3.2,106,25.9,30.1,250,0.0,True,No hazard,veraval_nodes_REAL_data_20260831_1848.csv
GJ-VER-0062,20.66432687,70.6103444,Gir Somnath,22.2 km seaward operational buffer,2026-09-01T00:15,2.14,240,8.15,1.7,238,7.05,3.2,106,25.9,27.3,250,0.0,True,No hazard,veraval_nodes_REAL_data_20260831_1848.csv
GJ-VER-0063,20.7093735,70.60904607,Gir Somnath,22.2 km seaward operational buffer,2026-09-01T00:15,1.92,237,8.4,1.56,238,6.9,3.1,111,25.3,19.3,249,0.0,True,No hazard,veraval_nodes_REAL_data_20260831_1848.csv
GJ-VER-0064,20.75441983,70.60774428,Gir Somnath,22.2 km seaward operational buffer,2026-09-01T00:15,1.6,236,8.35,1.36,238,6.7,2.9,112,24.9,18.3,249,0.0,True,No hazard,veraval_nodes_REAL_data_20260831_1848.csv
GJ-VER-0065,20.57544062,70.66076621,Gir Somnath,22.2 km seaward operational buffer,2026-09-01T00:15,2.24,242,8.1,1.8,241,6.95,2.9,101,26.5,30.5,250,0.0,True,No hazard,veraval_nodes_REAL_data_20260831_1848.csv
GJ-VER-0066,20.62049076,70.65948879,Gir Somnath,22.2 km seaward operational buffer,2026-09-01T00:15,2.14,240,8.15,1.7,238,7.05,3.2,106,25.9,30.1,250,0.0,True,No hazard,veraval_nodes_REAL_data_20260831_1848.csv
GJ-VER-0067,20.66554059,70.65820794,Gir Somnath,22.2 km seaward operational buffer,2026-09-01T00:15,2.14,240,8.15,1.7,238,7.05,3.2,106,25.9,30.1,250,0.0,True,No hazard,veraval_nodes_REAL_data_20260831_1848.csv
GJ-VER-0068,20.71059011,70.65692366,Gir Somnath,22.2 km seaward operational buffer,2026-09-01T00:15,1.92,237,8.4,1.56,238,6.9,3.1,111,25.3,19.3,249,0.0,True,No hazard,veraval_nodes_REAL_data_20260831_1848.csv
GJ-VER-0069,20.75563932,70.65563594,Gir Somnath,22.2 km seaward operational buffer,2026-09-01T00:15,1.6,236,8.35,1.36,238,6.7,2.9,112,24.9,19.3,249,0.0,True,No hazard,veraval_nodes_REAL_data_20260831_1848.csv
GJ-VER-0070,20.53158213,70.70986525,Gir Somnath,22.2 km seaward operational buffer,2026-09-01T00:15,2.22,242,8.05,1.82,241,6.9,3.1,100,26.2,29.6,250,0.0,True,No hazard,veraval_nodes_REAL_data_20260831_1848.csv
GJ-VER-0071,20.57663543,70.70860519,Gir Somnath,22.2 km seaward operational buffer,2026-09-01T00:15,2.22,242,8.05,1.82,241,6.9,3.1,100,26.2,30.5,250,0.0,True,No hazard,veraval_nodes_REAL_data_20260831_1848.csv
GJ-VER-0072,20.62168842,70.70734174,Gir Somnath,22.2 km seaward operational buffer,2026-09-01T00:15,2.08,239,8.15,1.68,238,6.95,3.3,103,25.6,27.9,250,0.0,True,No hazard,veraval_nodes_REAL_data_20260831_1848.csv
GJ-VER-0073,20.6667411,70.7060749,Gir Somnath,22.2 km seaward operational buffer,2026-09-01T00:15,1.74,234,8.35,1.44,236,6.8,3.4,106,25.2,23.6,250,0.0,True,No hazard,veraval_nodes_REAL_data_20260831_1848.csv
GJ-VER-0074,20.71179348,70.70480468,Gir Somnath,22.2 km seaward operational buffer,2026-09-01T00:15,1.74,234,8.35,1.44,236,6.8,3.4,106,25.2,19.3,249,0.0,True,No hazard,veraval_nodes_REAL_data_20260831_1848.csv
GJ-VER-0075,20.53276097,70.75769366,Gir Somnath,22.2 km seaward operational buffer,2026-09-01T00:15,2.2,242,8.05,1.82,241,6.9,3.3,96,26.0,29.5,249,0.0,True,No hazard,veraval_nodes_REAL_data_20260831_1848.csv
GJ-VER-0076,20.57781709,70.75644754,Gir Somnath,22.2 km seaward operational buffer,2026-09-01T00:15,2.2,242,8.05,1.82,241,6.9,3.3,96,26.0,29.5,249,0.0,True,No hazard,veraval_nodes_REAL_data_20260831_1848.csv
GJ-VER-0077,20.6228729,70.75519808,Gir Somnath,22.2 km seaward operational buffer,2026-09-01T00:15,2.08,239,8.2,1.7,238,6.9,3.3,99,25.4,27.9,250,0.0,True,No hazard,veraval_nodes_REAL_data_20260831_1848.csv
GJ-VER-0078,20.66792839,70.75394526,Gir Somnath,22.2 km seaward operational buffer,2026-09-01T00:15,1.6,234,8.3,1.34,236,6.7,3.3,103,25.1,19.3,249,0.0,True,No hazard,veraval_nodes_REAL_data_20260831_1848.csv
GJ-VER-0079,20.71298359,70.75268909,Gir Somnath,22.2 km seaward operational buffer,2026-09-01T00:15,1.6,234,8.3,1.34,236,6.7,3.3,103,25.1,19.3,249,0.0,True,No hazard,veraval_nodes_REAL_data_20260831_1848.csv
GJ-VER-0080,20.53392669,70.80552542,Gir Somnath,22.2 km seaward operational buffer,2026-09-01T00:15,2.2,242,8.05,1.82,241,6.9,3.3,96,26.0,29.5,249,0.0,True,No hazard,veraval_nodes_REAL_data_20260831_1848.csv
GJ-VER-0081,20.57898558,70.80429325,Gir Somnath,22.2 km seaward operational buffer,2026-09-01T00:15,2.2,242,8.05,1.82,241,6.9,3.3,96,26.0,29.5,249,0.0,True,No hazard,veraval_nodes_REAL_data_20260831_1848.csv
GJ-VER-0082,20.62404418,70.80305777,Gir Somnath,22.2 km seaward operational buffer,2026-09-01T00:15,2.08,239,8.2,1.7,238,6.9,3.3,99,25.4,26.1,250,0.0,True,No hazard,veraval_nodes_REAL_data_20260831_1848.csv
GJ-VER-0083,20.66910246,70.80181898,Gir Somnath,22.2 km seaward operational buffer,2026-09-01T00:15,1.6,234,8.3,1.34,236,6.7,3.3,103,25.1,17.3,248,0.0,True,No hazard,veraval_nodes_REAL_data_20260831_1848.csv
GJ-VER-0084,20.53507927,70.85336048,Gir Somnath,22.2 km seaward operational buffer,2026-09-01T00:15,2.18,242,8.0,1.8,241,6.9,3.2,90,25.9,28.6,249,0.0,True,No hazard,veraval_nodes_REAL_data_20260831_1848.csv
GJ-VER-0085,20.58014092,70.85214226,Gir Somnath,22.2 km seaward operational buffer,2026-09-01T00:15,2.18,242,8.0,1.8,241,6.9,3.2,90,25.9,28.6,249,0.0,True,No hazard,veraval_nodes_REAL_data_20260831_1848.csv
GJ-VER-0086,20.62520226,70.85092077,Gir Somnath,22.2 km seaward operational buffer,2026-09-01T00:15,2.06,238,8.25,1.72,238,6.85,3.4,93,25.3,26.1,250,0.0,True,No hazard,veraval_nodes_REAL_data_20260831_1848.csv
GJ-VER-0087,20.6702633,70.84969601,Gir Somnath,22.2 km seaward operational buffer,2026-09-01T00:15,1.52,231,8.3,1.28,232,6.6,3.1,100,25.2,16.9,248,0.0,True,No hazard,veraval_nodes_REAL_data_20260831_1848.csv
GJ-VER-0088,20.53621871,70.9011988,Gir Somnath,22.2 km seaward operational buffer,2026-09-01T00:15,2.18,242,8.0,1.8,241,6.9,3.2,90,25.9,29.2,248,0.0,True,No hazard,veraval_nodes_REAL_data_20260831_1848.csv
GJ-VER-0089,20.58128308,70.89999455,Gir Somnath,22.2 km seaward operational buffer,2026-09-01T00:15,2.18,242,8.0,1.8,241,6.9,3.2,90,25.9,28.6,249,0.0,True,No hazard,veraval_nodes_REAL_data_20260831_1848.csv
GJ-VER-0090,20.62634715,70.89878705,Gir Somnath,22.2 km seaward operational buffer,2026-09-01T00:15,2.06,238,8.25,1.72,238,6.85,3.4,93,25.3,26.7,250,0.0,True,No hazard,veraval_nodes_REAL_data_20260831_1848.csv
GJ-VER-0091,20.67141091,70.89757632,Gir Somnath,22.2 km seaward operational buffer,2026-09-01T00:15,1.52,231,8.3,1.28,232,6.6,3.1,100,25.2,16.9,248,0.0,True,No hazard,veraval_nodes_REAL_data_20260831_1848.csv
GJ-VER-0092,20.53734501,70.94904036,Gir Somnath,22.2 km seaward operational buffer,2026-09-01T00:15,2.12,242,7.95,1.76,241,6.95,3.6,87,25.9,28.7,248,0.0,True,No hazard,veraval_nodes_REAL_data_20260831_1848.csv
GJ-VER-0093,20.58241207,70.94785006,Gir Somnath,22.2 km seaward operational buffer,2026-09-01T00:15,2.12,242,7.95,1.76,241,6.95,3.6,87,25.9,28.7,248,0.0,True,No hazard,veraval_nodes_REAL_data_20260831_1848.csv
GJ-VER-0094,20.62747883,70.94665657,Gir Somnath,22.2 km seaward operational buffer,2026-09-01T00:15,2.04,237,8.25,1.68,237,6.9,3.4,87,25.3,26.7,250,0.0,True,No hazard,veraval_nodes_REAL_data_20260831_1848.csv
GJ-VER-0095,20.67254529,70.94545987,Gir Somnath,22.2 km seaward operational buffer,2026-09-01T00:15,1.44,229,8.3,1.2,230,6.6,3.4,90,25.4,17.7,249,0.0,True,No hazard,veraval_nodes_REAL_data_20260831_1848.csv
GJ-VER-0096,20.53845817,70.99688511,Gir Somnath,22.2 km seaward operational buffer,2026-09-01T00:15,2.12,242,7.95,1.76,241,6.95,3.6,87,25.9,29.3,249,0.0,True,No hazard,veraval_nodes_REAL_data_20260831_1848.csv
GJ-VER-0097,20.58352789,70.99570878,Gir Somnath,22.2 km seaward operational buffer,2026-09-01T00:15,2.04,237,8.25,1.68,237,6.9,3.4,87,25.3,29.3,249,0.0,True,No hazard,veraval_nodes_REAL_data_20260831_1848.csv
GJ-VER-0098,20.62859731,70.99452929,Gir Somnath,22.2 km seaward operational buffer,2026-09-01T00:15,2.04,237,8.25,1.68,237,6.9,3.4,87,25.3,28.6,250,0.0,True,No hazard,veraval_nodes_REAL_data_20260831_1848.csv
GJ-VER-0099,20.67366643,70.99334663,Gir Somnath,22.2 km seaward operational buffer,2026-09-01T00:15,1.44,229,8.3,1.2,230,6.6,3.4,90,25.4,17.7,249,0.0,True,No hazard,veraval_nodes_REAL_data_20260831_1848.csv
GJ-VER-0100,20.53955818,71.04473301,Gir Somnath,22.2 km seaward operational buffer,2026-09-01T00:15,2.08,243,7.95,1.7,242,7.0,3.4,84,25.9,29.3,249,0.0,True,No hazard,veraval_nodes_REAL_data_20260831_1848.csv
GJ-VER-0101,20.58463052,71.04357065,Gir Somnath,22.2 km seaward operational buffer,2026-09-01T00:15,1.9,238,8.25,1.54,237,7.0,3.5,81,25.4,29.3,249,0.0,True,No hazard,veraval_nodes_REAL_data_20260831_1848.csv
GJ-VER-0102,20.62970257,71.04240517,Gir Somnath,22.2 km seaward operational buffer,2026-09-01T00:15,1.9,238,8.25,1.54,237,7.0,3.5,81,25.4,28.6,250,0.0,True,No hazard,veraval_nodes_REAL_data_20260831_1848.csv
GJ-VER-0103,20.67477432,71.04123656,Gir Somnath,22.2 km seaward operational buffer,2026-09-01T00:15,1.36,229,8.2,1.12,229,6.65,3.5,81,25.7,18.8,250,0.0,True,No hazard,veraval_nodes_REAL_data_20260831_1848.csv
GJ-VER-0104,20.71984577,71.04006482,Gir Somnath,22.2 km seaward operational buffer,2026-09-01T00:15,1.36,229,8.2,1.12,229,6.65,3.5,81,25.7,18.8,250,0.0,True,No hazard,veraval_nodes_REAL_data_20260831_1848.csv
GJ-VER-0105,20.54064504,71.09258403,Gir Somnath,22.2 km seaward operational buffer,2026-09-01T00:15,2.06,243,7.95,1.7,242,6.95,3.5,78,25.8,29.2,250,0.0,True,No hazard,veraval_nodes_REAL_data_20260831_1848.csv
GJ-VER-0106,20.58571998,71.09143565,Gir Somnath,22.2 km seaward operational buffer,2026-09-01T00:15,1.78,238,8.1,1.42,237,7.0,3.5,75,25.5,29.2,250,0.0,True,No hazard,veraval_nodes_REAL_data_20260831_1848.csv
GJ-VER-0107,20.63079462,71.09028418,Gir Somnath,22.2 km seaward operational buffer,2026-09-01T00:15,1.78,238,8.1,1.42,237,7.0,3.5,75,25.5,29.8,249,0.0,True,No hazard,veraval_nodes_REAL_data_20260831_1848.csv
GJ-VER-0108,20.67586897,71.08912962,Gir Somnath,22.2 km seaward operational buffer,2026-09-01T00:15,1.28,231,8.05,1.02,229,6.75,3.4,72,25.7,18.8,250,0.0,True,No hazard,veraval_nodes_REAL_data_20260831_1848.csv
GJ-VER-0109,20.72094302,71.08797196,Gir Somnath,22.2 km seaward operational buffer,2026-09-01T00:15,1.28,231,8.05,1.02,229,6.75,3.4,72,25.7,18.8,250,0.0,True,No hazard,veraval_nodes_REAL_data_20260831_1848.csv
GJ-VER-0110,20.58679624,71.13930373,Gir Somnath,22.2 km seaward operational buffer,2026-09-01T00:15,1.78,238,8.1,1.42,237,7.0,3.5,75,25.5,29.2,250,0.0,True,No hazard,veraval_nodes_REAL_data_20260831_1848.csv
GJ-VER-0111,20.63187345,71.13816627,Gir Somnath,22.2 km seaward operational buffer,2026-09-01T00:15,1.78,238,8.1,1.42,237,7.0,3.5,75,25.5,29.8,249,0.0,True,No hazard,veraval_nodes_REAL_data_20260831_1848.csv
GJ-VER-0112,20.67695037,71.13702577,Gir Somnath,22.2 km seaward operational buffer,2026-09-01T00:15,1.28,231,8.05,1.02,229,6.75,3.4,72,25.7,18.8,250,0.0,True,No hazard,veraval_nodes_REAL_data_20260831_1848.csv
GJ-VER-0113,20.72202699,71.13588221,Gir Somnath,22.2 km seaward operational buffer,2026-09-01T00:15,1.28,231,8.05,1.02,229,6.75,3.4,72,25.7,18.8,250,0.0,True,No hazard,veraval_nodes_REAL_data_20260831_1848.csv
GJ-VER-0114,20.58785932,71.18717485,Gir Somnath,22.2 km seaward operational buffer,2026-09-01T00:15,1.66,238,7.95,1.28,236,7.05,3.5,69,25.7,28.2,251,0.0,True,No hazard,veraval_nodes_REAL_data_20260831_1848.csv
GJ-VER-0115,20.63293906,71.18605142,Gir Somnath,22.2 km seaward operational buffer,2026-09-01T00:15,1.66,238,7.95,1.28,236,7.05,3.5,69,25.7,30.1,250,0.0,True,No hazard,veraval_nodes_REAL_data_20260831_1848.csv
GJ-VER-0116,20.67801851,71.18492497,Gir Somnath,22.2 km seaward operational buffer,2026-09-01T00:15,1.2,233,7.75,0.92,228,6.85,3.5,66,25.8,18.8,250,0.0,True,No hazard,veraval_nodes_REAL_data_20260831_1848.csv
GJ-VER-0117,20.72309767,71.1837955,Gir Somnath,22.2 km seaward operational buffer,2026-09-01T00:15,1.2,233,7.75,0.92,228,6.85,3.5,66,25.8,18.8,250,0.0,True,No hazard,veraval_nodes_REAL_data_20260831_1848.csv
GJ-VER-0118,20.76817653,71.18266302,Gir Somnath,22.2 km seaward operational buffer,2026-09-01T00:15,0.82,227,6.95,0.58,224,6.8,3.3,68,26.4,15.6,246,0.0,True,No hazard,veraval_nodes_REAL_data_20260831_1848.csv
GJ-VER-0119,20.5889092,71.23504899,Gir Somnath,22.2 km seaward operational buffer,2026-09-01T00:15,1.66,238,7.95,1.28,236,7.05,3.5,69,25.7,28.2,251,0.0,True,No hazard,veraval_nodes_REAL_data_20260831_1848.csv
GJ-VER-0120,20.63399145,71.23393958,Gir Somnath,22.2 km seaward operational buffer,2026-09-01T00:15,1.66,238,7.95,1.28,236,7.05,3.5,69,25.7,30.1,250,0.0,True,No hazard,veraval_nodes_REAL_data_20260831_1848.csv
GJ-VER-0121,20.6790734,71.23282719,Gir Somnath,22.2 km seaward operational buffer,2026-09-01T00:15,1.2,233,7.75,0.92,228,6.85,3.5,66,25.8,30.4,250,0.0,True,No hazard,veraval_nodes_REAL_data_20260831_1848.csv
GJ-VER-0122,20.72415507,71.23171182,Gir Somnath,22.2 km seaward operational buffer,2026-09-01T00:15,1.2,233,7.75,0.92,228,6.85,3.5,66,25.8,30.4,250,0.0,True,No hazard,veraval_nodes_REAL_data_20260831_1848.csv
GJ-VER-0123,20.76923643,71.23059347,Gir Somnath,22.2 km seaward operational buffer,2026-09-01T00:15,0.82,227,6.95,0.58,224,6.8,3.3,68,26.4,17.6,247,0.0,True,No hazard,veraval_nodes_REAL_data_20260831_1848.csv
GJ-VER-0124,20.63503061,71.28183071,Gir Somnath,22.2 km seaward operational buffer,2026-09-01T00:15,1.6,238,7.8,1.22,236,7.05,3.7,67,25.9,29.5,251,0.0,True,No hazard,veraval_nodes_REAL_data_20260831_1848.csv
GJ-VER-0125,20.68011503,71.28073239,Gir Somnath,22.2 km seaward operational buffer,2026-09-01T00:15,1.18,233,7.35,0.86,228,6.85,3.7,67,26.0,30.4,250,0.0,True,No hazard,veraval_nodes_REAL_data_20260831_1848.csv
GJ-VER-0126,20.72519917,71.27963113,Gir Somnath,22.2 km seaward operational buffer,2026-09-01T00:15,1.18,233,7.35,0.86,228,6.85,3.7,67,26.0,30.4,250,0.0,True,No hazard,veraval_nodes_REAL_data_20260831_1848.csv
GJ-VER-0127,20.77028301,71.27852692,Gir Somnath,22.2 km seaward operational buffer,2026-09-01T00:15,0.84,227,6.8,0.58,224,6.8,3.8,65,26.5,17.6,247,0.0,True,No hazard,veraval_nodes_REAL_data_20260831_1848.csv
GJ-VER-0128,20.81536657,71.27741976,Gir Somnath,22.2 km seaward operational buffer,2026-09-01T00:15,0.84,227,6.8,0.58,224,6.8,3.8,65,26.5,17.6,247,0.0,True,No hazard,veraval_nodes_REAL_data_20260831_1848.csv
GJ-VER-0129,20.63605653,71.32972479,Gir Somnath,22.2 km seaward operational buffer,2026-09-01T00:15,1.6,238,7.8,1.22,236,7.05,3.7,67,25.9,29.5,251,0.0,True,No hazard,veraval_nodes_REAL_data_20260831_1848.csv
GJ-VER-0130,20.6811434,71.32864054,Gir Somnath,22.2 km seaward operational buffer,2026-09-01T00:15,1.18,233,7.35,0.86,228,6.85,3.7,67,26.0,31.9,251,0.0,True,No hazard,veraval_nodes_REAL_data_20260831_1848.csv
GJ-VER-0131,20.72622998,71.32755338,Gir Somnath,22.2 km seaward operational buffer,2026-09-01T00:15,1.18,233,7.35,0.86,228,6.85,3.7,67,26.0,31.9,251,0.0,True,No hazard,veraval_nodes_REAL_data_20260831_1848.csv
GJ-VER-0132,20.77131627,71.32646331,Gir Somnath,22.2 km seaward operational buffer,2026-09-01T00:15,0.84,227,6.8,0.58,224,6.8,3.8,65,26.5,17.6,247,0.0,True,No hazard,veraval_nodes_REAL_data_20260831_1848.csv
GJ-VER-0133,20.81640226,71.32537034,Gir Somnath,22.2 km seaward operational buffer,2026-09-01T00:15,0.84,227,6.8,0.58,224,6.8,3.8,65,26.5,17.6,247,0.0,True,No hazard,veraval_nodes_REAL_data_20260831_1848.csv
GJ-VER-0134,20.6821585,71.37655158,Gir Somnath,22.2 km seaward operational buffer,2026-09-01T00:15,1.22,234,7.15,0.86,227,6.85,3.9,68,26.2,31.9,251,0.0,True,No hazard,veraval_nodes_REAL_data_20260831_1848.csv
GJ-VER-0135,20.72724749,71.37547854,Gir Somnath,22.2 km seaward operational buffer,2026-09-01T00:15,1.22,234,7.15,0.86,227,6.85,3.9,68,26.2,31.9,251,0.0,True,No hazard,veraval_nodes_REAL_data_20260831_1848.csv
GJ-VER-0136,20.77233619,71.37440262,Gir Somnath,22.2 km seaward operational buffer,2026-09-01T00:15,0.92,229,6.75,0.62,222,6.6,3.9,68,26.6,29.3,250,0.0,True,No hazard,veraval_nodes_REAL_data_20260831_1848.csv
GJ-VER-0137,20.8174246,71.37332383,Gir Somnath,22.2 km seaward operational buffer,2026-09-01T00:15,0.92,229,6.75,0.62,222,6.6,3.9,68,26.6,14.9,245,0.0,True,No hazard,veraval_nodes_REAL_data_20260831_1848.csv
GJ-VER-0138,20.77334278,71.4223448,Gir Somnath,22.2 km seaward operational buffer,2026-09-01T00:15,1.06,229,6.85,0.72,220,6.55,4.0,69,26.7,31.6,250,0.0,True,No hazard,veraval_nodes_REAL_data_20260831_1848.csv
GJ-VER-0139,20.81843357,71.4212802,Gir Somnath,22.2 km seaward operational buffer,2026-09-01T00:15,1.06,229,6.85,0.72,220,6.55,4.0,69,26.7,14.9,245,0.0,True,No hazard,veraval_nodes_REAL_data_20260831_1848.csv
GJ-VER-0140,20.86352407,71.42021276,Gir Somnath,22.2 km seaward operational buffer,2026-09-01T00:15,0.76,229,6.5,0.5,220,6.3,3.6,70,27.5,14.9,245,0.0,True,No hazard,veraval_nodes_REAL_data_20260831_1848.csv
GJ-VER-0001,20.87516585,70.07678103,Gir Somnath,22.2 km seaward operational buffer,2026-08-30T19:45,2.22,243,7.7,1.72,241,6.95,1.0,121,27.2,29.6,260,0.0,True,No hazard,veraval_nodes_REAL_data_20260830_1423.csv
GJ-VER-0002,20.92017704,70.07530903,Gir Somnath,22.2 km seaward operational buffer,2026-08-30T19:45,2.1,244,7.75,1.7,243,7.0,1.0,121,26.8,30.6,259,0.0,True,No hazard,veraval_nodes_REAL_data_20260830_1423.csv
GJ-VER-0003,20.9651879,70.07383312,Gir Somnath,22.2 km seaward operational buffer,2026-08-30T19:45,2.1,244,7.75,1.7,243,7.0,1.0,121,26.8,19.3,258,0.0,True,No hazard,veraval_nodes_REAL_data_20260830_1423.csv
GJ-VER-0004,21.01019843,70.0723533,Gir Somnath,22.2 km seaward operational buffer,2026-08-30T19:45,1.7,243,8.1,1.46,244,7.0,1.0,121,26.6,19.3,258,0.0,True,No hazard,veraval_nodes_REAL_data_20260830_1423.csv
GJ-VER-0005,21.05520861,70.07086956,Gir Somnath,22.2 km seaward operational buffer,2026-08-30T19:45,1.7,243,8.1,1.46,244,7.0,1.0,121,26.6,19.3,258,0.0,True,No hazard,veraval_nodes_REAL_data_20260830_1423.csv
GJ-VER-0006,21.10021846,70.06938189,Gir Somnath,22.2 km seaward operational buffer,2026-08-30T19:45,1.46,244,8.05,1.34,245,6.9,0.9,127,26.4,16.5,254,0.0,True,No hazard,veraval_nodes_REAL_data_20260830_1423.csv
GJ-VER-0007,20.83152605,70.12612866,Gir Somnath,22.2 km seaward operational buffer,2026-08-30T19:45,2.34,242,7.75,1.86,239,6.9,1.2,117,27.3,29.9,261,0.0,True,No hazard,veraval_nodes_REAL_data_20260830_1423.csv
GJ-VER-0008,20.87654082,70.12467471,Gir Somnath,22.2 km seaward operational buffer,2026-08-30T19:45,2.22,242,7.7,1.76,239,6.85,1.3,124,27.0,29.9,261,0.0,True,No hazard,veraval_nodes_REAL_data_20260830_1423.csv
GJ-VER-0009,20.92155525,70.12321689,Gir Somnath,22.2 km seaward operational buffer,2026-08-30T19:45,2.08,241,7.8,1.68,240,6.85,1.2,129,26.7,29.6,261,0.0,True,No hazard,veraval_nodes_REAL_data_20260830_1423.csv
GJ-VER-0010,20.96656935,70.1217552,Gir Somnath,22.2 km seaward operational buffer,2026-08-30T19:45,2.08,241,7.8,1.68,240,6.85,1.2,129,26.7,19.3,258,0.0,True,No hazard,veraval_nodes_REAL_data_20260830_1423.csv
GJ-VER-0011,21.01158311,70.12028964,Gir Somnath,22.2 km seaward operational buffer,2026-08-30T19:45,1.64,237,8.05,1.44,238,6.8,1.0,135,26.5,19.3,258,0.0,True,No hazard,veraval_nodes_REAL_data_20260830_1423.csv
GJ-VER-0012,21.05659653,70.11882019,Gir Somnath,22.2 km seaward operational buffer,2026-08-30T19:45,1.64,237,8.05,1.44,238,6.8,1.0,135,26.5,19.3,258,0.0,True,No hazard,veraval_nodes_REAL_data_20260830_1423.csv
GJ-VER-0013,20.7878662,70.17544804,Gir Somnath,22.2 km seaward operational buffer,2026-08-30T19:45,2.32,241,7.7,1.84,238,6.9,1.3,124,27.0,29.9,259,0.0,True,No hazard,veraval_nodes_REAL_data_20260830_1423.csv
GJ-VER-0014,20.8328845,70.17401206,Gir Somnath,22.2 km seaward operational buffer,2026-08-30T19:45,2.32,241,7.7,1.84,238,6.9,1.3,124,27.0,29.9,261,0.0,True,No hazard,veraval_nodes_REAL_data_20260830_1423.csv
GJ-VER-0015,20.87790246,70.17257226,Gir Somnath,22.2 km seaward operational buffer,2026-08-30T19:45,2.22,241,7.7,1.8,238,6.8,1.3,124,26.5,29.9,261,0.0,True,No hazard,veraval_nodes_REAL_data_20260830_1423.csv
GJ-VER-0016,20.9229201,70.17112863,Gir Somnath,22.2 km seaward operational buffer,2026-08-30T19:45,2.08,240,7.8,1.76,239,6.7,1.0,121,26.3,19.5,261,0.0,True,No hazard,veraval_nodes_REAL_data_20260830_1423.csv
GJ-VER-0017,20.9679374,70.16968116,Gir Somnath,22.2 km seaward operational buffer,2026-08-30T19:45,2.08,240,7.8,1.76,239,6.7,1.0,121,26.3,19.3,258,0.0,True,No hazard,veraval_nodes_REAL_data_20260830_1423.csv
GJ-VER-0018,21.01295437,70.16822986,Gir Somnath,22.2 km seaward operational buffer,2026-08-30T19:45,1.64,237,8.05,1.44,238,6.8,0.6,146,26.6,19.3,258,0.0,True,No hazard,veraval_nodes_REAL_data_20260830_1423.csv
GJ-VER-0019,20.78920817,70.22332115,Gir Somnath,22.2 km seaward operational buffer,2026-08-30T19:45,2.32,241,7.7,1.84,238,6.9,1.3,124,27.0,31.5,261,0.0,True,No hazard,veraval_nodes_REAL_data_20260830_1423.csv
GJ-VER-0020,20.83422964,70.22189929,Gir Somnath,22.2 km seaward operational buffer,2026-08-30T19:45,2.22,241,7.7,1.8,238,6.8,1.3,124,26.5,30.5,262,0.0,True,No hazard,veraval_nodes_REAL_data_20260830_1423.csv
GJ-VER-0021,20.87925078,70.22047364,Gir Somnath,22.2 km seaward operational buffer,2026-08-30T19:45,2.22,241,7.7,1.8,238,6.8,1.3,124,26.5,19.5,261,0.0,True,No hazard,veraval_nodes_REAL_data_20260830_1423.csv
GJ-VER-0022,20.92427159,70.2190442,Gir Somnath,22.2 km seaward operational buffer,2026-08-30T19:45,2.08,240,7.8,1.76,239,6.7,1.0,121,26.3,19.5,261,0.0,True,No hazard,veraval_nodes_REAL_data_20260830_1423.csv
GJ-VER-0023,20.96929207,70.21761096,Gir Somnath,22.2 km seaward operational buffer,2026-08-30T19:45,2.08,240,7.8,1.76,239,6.7,1.0,121,26.3,19.5,261,0.0,True,No hazard,veraval_nodes_REAL_data_20260830_1423.csv
GJ-VER-0024,20.74551194,70.27260204,Gir Somnath,22.2 km seaward operational buffer,2026-08-30T19:45,2.34,244,7.7,1.88,241,6.9,1.2,117,26.8,31.5,261,0.0,True,No hazard,veraval_nodes_REAL_data_20260830_1423.csv
GJ-VER-0025,20.79053688,70.27119804,Gir Somnath,22.2 km seaward operational buffer,2026-08-30T19:45,2.28,241,7.65,1.82,238,6.85,1.3,124,26.4,31.5,261,0.0,True,No hazard,veraval_nodes_REAL_data_20260830_1423.csv
GJ-VER-0026,20.83556148,70.2697903,Gir Somnath,22.2 km seaward operational buffer,2026-08-30T19:45,2.18,241,7.7,1.8,238,6.75,1.0,121,26.1,18.9,262,0.0,True,No hazard,veraval_nodes_REAL_data_20260830_1423.csv
GJ-VER-0027,20.88058576,70.26837881,Gir Somnath,22.2 km seaward operational buffer,2026-08-30T19:45,2.18,241,7.7,1.8,238,6.75,1.0,121,26.1,19.5,261,0.0,True,No hazard,veraval_nodes_REAL_data_20260830_1423.csv
GJ-VER-0028,20.92560971,70.26696356,Gir Somnath,22.2 km seaward operational buffer,2026-08-30T19:45,2.18,241,7.7,1.8,238,6.75,0.6,146,26.1,19.5,261,0.0,True,No hazard,veraval_nodes_REAL_data_20260830_1423.csv
GJ-VER-0029,20.7017959,70.32185479,Gir Somnath,22.2 km seaward operational buffer,2026-08-30T19:45,2.34,244,7.7,1.88,241,6.9,1.2,117,26.8,30.1,261,0.0,True,No hazard,veraval_nodes_REAL_data_20260830_1423.csv
GJ-VER-0030,20.74682427,70.32046858,Gir Somnath,22.2 km seaward operational buffer,2026-08-30T19:45,2.34,244,7.7,1.88,241,6.9,1.2,117,26.8,30.3,263,0.0,True,No hazard,veraval_nodes_REAL_data_20260830_1423.csv
GJ-VER-0031,20.7918523,70.31907867,Gir Somnath,22.2 km seaward operational buffer,2026-08-30T19:45,2.28,241,7.65,1.82,238,6.85,1.3,124,26.4,30.3,263,0.0,True,No hazard,veraval_nodes_REAL_data_20260830_1423.csv
GJ-VER-0032,20.83688002,70.31768506,Gir Somnath,22.2 km seaward operational buffer,2026-08-30T19:45,2.18,241,7.7,1.8,238,6.75,1.0,121,26.1,18.9,262,0.0,True,No hazard,veraval_nodes_REAL_data_20260830_1423.csv
GJ-VER-0033,20.8819074,70.31628773,Gir Somnath,22.2 km seaward operational buffer,2026-08-30T19:45,2.18,241,7.7,1.8,238,6.75,1.0,121,26.1,18.9,262,0.0,True,No hazard,veraval_nodes_REAL_data_20260830_1423.csv
GJ-VER-0034,20.92693447,70.31488669,Gir Somnath,22.2 km seaward operational buffer,2026-08-30T19:45,2.18,241,7.7,1.8,238,6.75,0.6,146,26.1,19.5,261,0.0,True,No hazard,veraval_nodes_REAL_data_20260830_1423.csv
GJ-VER-0035,20.70309191,70.36971098,Gir Somnath,22.2 km seaward operational buffer,2026-08-30T19:45,2.28,243,7.65,1.84,239,6.85,1.5,120,26.5,30.1,261,0.0,True,No hazard,veraval_nodes_REAL_data_20260830_1423.csv
GJ-VER-0036,20.74812334,70.36833883,Gir Somnath,22.2 km seaward operational buffer,2026-08-30T19:45,2.28,243,7.65,1.84,239,6.85,1.5,120,26.5,30.3,263,0.0,True,No hazard,veraval_nodes_REAL_data_20260830_1423.csv
GJ-VER-0037,20.79315445,70.36696301,Gir Somnath,22.2 km seaward operational buffer,2026-08-30T19:45,2.2,241,7.65,1.8,238,6.8,1.3,124,26.2,30.3,263,0.0,True,No hazard,veraval_nodes_REAL_data_20260830_1423.csv
GJ-VER-0038,20.83818524,70.36558353,Gir Somnath,22.2 km seaward operational buffer,2026-08-30T19:45,2.08,241,7.7,1.8,238,6.65,0.9,127,25.9,18.9,262,0.0,True,No hazard,veraval_nodes_REAL_data_20260830_1423.csv
GJ-VER-0039,20.88321571,70.36420037,Gir Somnath,22.2 km seaward operational buffer,2026-08-30T19:45,2.08,241,7.7,1.8,238,6.65,0.9,127,25.9,18.9,262,0.0,True,No hazard,veraval_nodes_REAL_data_20260830_1423.csv
GJ-VER-0040,20.65933989,70.4189253,Gir Somnath,22.2 km seaward operational buffer,2026-08-30T19:45,2.26,245,7.6,1.84,242,6.85,1.0,121,26.6,28.9,259,0.0,True,No hazard,veraval_nodes_REAL_data_20260830_1423.csv
GJ-VER-0041,20.70437469,70.41757083,Gir Somnath,22.2 km seaward operational buffer,2026-08-30T19:45,2.18,243,7.65,1.78,239,6.85,1.2,117,26.1,28.5,262,0.0,True,No hazard,veraval_nodes_REAL_data_20260830_1423.csv
GJ-VER-0042,20.74940916,70.41621274,Gir Somnath,22.2 km seaward operational buffer,2026-08-30T19:45,2.28,243,7.65,1.84,239,6.85,1.5,120,26.5,19.3,268,0.0,True,No hazard,veraval_nodes_REAL_data_20260830_1423.csv
GJ-VER-0043,20.79444332,70.41485102,Gir Somnath,22.2 km seaward operational buffer,2026-08-30T19:45,2.2,241,7.65,1.8,238,6.8,1.3,124,26.2,19.3,268,0.0,True,No hazard,veraval_nodes_REAL_data_20260830_1423.csv
GJ-VER-0044,20.83947715,70.41348568,Gir Somnath,22.2 km seaward operational buffer,2026-08-30T19:45,2.08,241,7.7,1.8,238,6.65,0.9,127,25.9,18.9,262,0.0,True,No hazard,veraval_nodes_REAL_data_20260830_1423.csv
GJ-VER-0045,20.61556832,70.4681116,Gir Somnath,22.2 km seaward operational buffer,2026-08-30T19:45,2.26,245,7.6,1.84,242,6.85,1.0,121,26.6,28.7,260,0.0,True,No hazard,veraval_nodes_REAL_data_20260830_1423.csv
GJ-VER-0046,20.66060644,70.46677474,Gir Somnath,22.2 km seaward operational buffer,2026-08-30T19:45,2.26,245,7.6,1.84,242,6.85,1.0,121,26.6,28.7,260,0.0,True,No hazard,veraval_nodes_REAL_data_20260830_1423.csv
GJ-VER-0047,20.70564424,70.4654343,Gir Somnath,22.2 km seaward operational buffer,2026-08-30T19:45,2.18,243,7.65,1.78,239,6.85,1.2,117,26.1,28.5,262,0.0,True,No hazard,veraval_nodes_REAL_data_20260830_1423.csv
GJ-VER-0048,20.75068172,70.46409028,Gir Somnath,22.2 km seaward operational buffer,2026-08-30T19:45,2.08,240,7.65,1.74,238,6.75,1.0,121,25.6,19.3,268,0.0,True,No hazard,veraval_nodes_REAL_data_20260830_1423.csv
GJ-VER-0049,20.79571889,70.46274267,Gir Somnath,22.2 km seaward operational buffer,2026-08-30T19:45,2.08,240,7.65,1.74,238,6.75,1.0,121,25.6,19.3,268,0.0,True,No hazard,veraval_nodes_REAL_data_20260830_1423.csv
GJ-VER-0050,20.84075574,70.46139146,Gir Somnath,22.2 km seaward operational buffer,2026-08-30T19:45,2.08,240,7.65,1.74,238,6.75,0.8,153,25.3,19.3,268,0.0,True,No hazard,veraval_nodes_REAL_data_20260830_1423.csv
GJ-VER-0051,20.61681869,70.51595063,Gir Somnath,22.2 km seaward operational buffer,2026-08-30T19:45,2.16,244,7.55,1.76,240,6.85,1.0,112,26.3,28.7,260,0.0,True,No hazard,veraval_nodes_REAL_data_20260830_1423.csv
GJ-VER-0052,20.66185978,70.51462777,Gir Somnath,22.2 km seaward operational buffer,2026-08-30T19:45,2.16,244,7.55,1.76,240,6.85,1.0,112,26.3,28.7,260,0.0,True,No hazard,veraval_nodes_REAL_data_20260830_1423.csv
GJ-VER-0053,20.70690056,70.51330136,Gir Somnath,22.2 km seaward operational buffer,2026-08-30T19:45,2.06,242,7.65,1.7,239,6.8,1.0,121,25.8,27.7,264,0.0,True,No hazard,veraval_nodes_REAL_data_20260830_1423.csv
GJ-VER-0054,20.75194103,70.51197141,Gir Somnath,22.2 km seaward operational buffer,2026-08-30T19:45,1.88,240,7.65,1.62,239,6.65,0.8,117,25.6,19.3,268,0.0,True,No hazard,veraval_nodes_REAL_data_20260830_1423.csv
GJ-VER-0055,20.79698117,70.5106379,Gir Somnath,22.2 km seaward operational buffer,2026-08-30T19:45,1.88,240,7.65,1.62,239,6.65,0.8,117,25.6,19.3,268,0.0,True,No hazard,veraval_nodes_REAL_data_20260830_1423.csv
GJ-VER-0056,20.61805589,70.5637932,Gir Somnath,22.2 km seaward operational buffer,2026-08-30T19:45,2.16,244,7.55,1.76,240,6.85,1.0,112,26.3,29.0,263,0.0,True,No hazard,veraval_nodes_REAL_data_20260830_1423.csv
GJ-VER-0057,20.66309993,70.56248433,Gir Somnath,22.2 km seaward operational buffer,2026-08-30T19:45,2.16,244,7.55,1.76,240,6.85,1.0,112,26.3,29.0,263,0.0,True,No hazard,veraval_nodes_REAL_data_20260830_1423.csv
GJ-VER-0058,20.70814365,70.56117196,Gir Somnath,22.2 km seaward operational buffer,2026-08-30T19:45,2.06,242,7.65,1.7,239,6.8,1.0,121,25.8,27.7,264,0.0,True,No hazard,veraval_nodes_REAL_data_20260830_1423.csv
GJ-VER-0059,20.75318706,70.55985608,Gir Somnath,22.2 km seaward operational buffer,2026-08-30T19:45,1.88,240,7.65,1.62,239,6.65,0.8,117,25.6,17.8,267,0.0,True,No hazard,veraval_nodes_REAL_data_20260830_1423.csv
GJ-VER-0060,20.57423265,70.61293066,Gir Somnath,22.2 km seaward operational buffer,2026-08-30T19:45,2.2,246,7.5,1.82,242,6.7,0.9,101,26.7,28.4,263,0.0,True,No hazard,veraval_nodes_REAL_data_20260830_1423.csv
GJ-VER-0061,20.61927992,70.61163926,Gir Somnath,22.2 km seaward operational buffer,2026-08-30T19:45,2.1,243,7.55,1.7,239,6.8,1.0,112,26.0,28.7,265,0.0,True,No hazard,veraval_nodes_REAL_data_20260830_1423.csv
GJ-VER-0062,20.66432687,70.6103444,Gir Somnath,22.2 km seaward operational buffer,2026-08-30T19:45,2.1,243,7.55,1.7,239,6.8,1.0,112,26.0,26.2,266,0.0,True,No hazard,veraval_nodes_REAL_data_20260830_1423.csv
GJ-VER-0063,20.7093735,70.60904607,Gir Somnath,22.2 km seaward operational buffer,2026-08-30T19:45,1.88,240,7.65,1.56,239,6.75,1.0,112,25.4,19.5,266,0.0,True,No hazard,veraval_nodes_REAL_data_20260830_1423.csv
GJ-VER-0064,20.75441983,70.60774428,Gir Somnath,22.2 km seaward operational buffer,2026-08-30T19:45,1.56,239,7.65,1.36,238,6.6,0.8,117,25.1,17.8,267,0.0,True,No hazard,veraval_nodes_REAL_data_20260830_1423.csv
GJ-VER-0065,20.57544062,70.66076621,Gir Somnath,22.2 km seaward operational buffer,2026-08-30T19:45,2.2,246,7.5,1.82,242,6.7,0.9,101,26.7,28.7,265,0.0,True,No hazard,veraval_nodes_REAL_data_20260830_1423.csv
GJ-VER-0066,20.62049076,70.65948879,Gir Somnath,22.2 km seaward operational buffer,2026-08-30T19:45,2.1,243,7.55,1.7,239,6.8,1.0,112,26.0,28.7,265,0.0,True,No hazard,veraval_nodes_REAL_data_20260830_1423.csv
GJ-VER-0067,20.66554059,70.65820794,Gir Somnath,22.2 km seaward operational buffer,2026-08-30T19:45,2.1,243,7.55,1.7,239,6.8,1.0,112,26.0,28.7,265,0.0,True,No hazard,veraval_nodes_REAL_data_20260830_1423.csv
GJ-VER-0068,20.71059011,70.65692366,Gir Somnath,22.2 km seaward operational buffer,2026-08-30T19:45,1.88,240,7.65,1.56,239,6.75,1.0,112,25.4,19.5,266,0.0,True,No hazard,veraval_nodes_REAL_data_20260830_1423.csv
GJ-VER-0069,20.75563932,70.65563594,Gir Somnath,22.2 km seaward operational buffer,2026-08-30T19:45,1.56,239,7.65,1.36,238,6.6,0.8,117,25.1,19.5,266,0.0,True,No hazard,veraval_nodes_REAL_data_20260830_1423.csv
GJ-VER-0070,20.53158213,70.70986525,Gir Somnath,22.2 km seaward operational buffer,2026-08-30T19:45,2.16,245,7.5,1.82,242,6.7,0.9,101,26.6,28.6,264,0.0,True,No hazard,veraval_nodes_REAL_data_20260830_1423.csv
GJ-VER-0071,20.57663543,70.70860519,Gir Somnath,22.2 km seaward operational buffer,2026-08-30T19:45,2.16,245,7.5,1.82,242,6.7,0.9,101,26.6,28.7,265,0.0,True,No hazard,veraval_nodes_REAL_data_20260830_1423.csv
GJ-VER-0072,20.62168842,70.70734174,Gir Somnath,22.2 km seaward operational buffer,2026-08-30T19:45,2.04,242,7.5,1.68,239,6.7,0.6,108,25.8,26.9,267,0.0,True,No hazard,veraval_nodes_REAL_data_20260830_1423.csv
GJ-VER-0073,20.6667411,70.7060749,Gir Somnath,22.2 km seaward operational buffer,2026-08-30T19:45,1.7,237,7.6,1.42,237,6.6,0.4,117,25.5,23.1,266,0.0,True,No hazard,veraval_nodes_REAL_data_20260830_1423.csv
GJ-VER-0074,20.71179348,70.70480468,Gir Somnath,22.2 km seaward operational buffer,2026-08-30T19:45,1.7,237,7.6,1.42,237,6.6,0.4,117,25.5,19.5,266,0.0,True,No hazard,veraval_nodes_REAL_data_20260830_1423.csv
GJ-VER-0075,20.53276097,70.75769366,Gir Somnath,22.2 km seaward operational buffer,2026-08-30T19:45,2.14,245,7.5,1.82,242,6.7,0.8,117,26.5,28.3,266,0.0,True,No hazard,veraval_nodes_REAL_data_20260830_1423.csv
GJ-VER-0076,20.57781709,70.75644754,Gir Somnath,22.2 km seaward operational buffer,2026-08-30T19:45,2.14,245,7.5,1.82,242,6.7,0.8,117,26.5,28.3,266,0.0,True,No hazard,veraval_nodes_REAL_data_20260830_1423.csv
GJ-VER-0077,20.6228729,70.75519808,Gir Somnath,22.2 km seaward operational buffer,2026-08-30T19:45,2.02,242,7.55,1.68,239,6.65,0.6,124,25.7,26.9,267,0.0,True,No hazard,veraval_nodes_REAL_data_20260830_1423.csv
GJ-VER-0078,20.66792839,70.75394526,Gir Somnath,22.2 km seaward operational buffer,2026-08-30T19:45,1.56,237,7.55,1.32,237,6.45,0.3,135,25.3,19.5,266,0.0,True,No hazard,veraval_nodes_REAL_data_20260830_1423.csv
GJ-VER-0079,20.71298359,70.75268909,Gir Somnath,22.2 km seaward operational buffer,2026-08-30T19:45,1.56,237,7.55,1.32,237,6.45,0.3,135,25.3,19.5,266,0.0,True,No hazard,veraval_nodes_REAL_data_20260830_1423.csv
GJ-VER-0080,20.53392669,70.80552542,Gir Somnath,22.2 km seaward operational buffer,2026-08-30T19:45,2.14,245,7.5,1.82,242,6.7,0.8,117,26.5,29.0,264,0.0,True,No hazard,veraval_nodes_REAL_data_20260830_1423.csv
GJ-VER-0081,20.57898558,70.80429325,Gir Somnath,22.2 km seaward operational buffer,2026-08-30T19:45,2.14,245,7.5,1.82,242,6.7,0.8,117,26.5,28.3,266,0.0,True,No hazard,veraval_nodes_REAL_data_20260830_1423.csv
GJ-VER-0082,20.62404418,70.80305777,Gir Somnath,22.2 km seaward operational buffer,2026-08-30T19:45,2.02,242,7.55,1.68,239,6.65,0.6,124,25.7,25.2,268,0.0,True,No hazard,veraval_nodes_REAL_data_20260830_1423.csv
GJ-VER-0083,20.66910246,70.80181898,Gir Somnath,22.2 km seaward operational buffer,2026-08-30T19:45,1.56,237,7.55,1.32,237,6.45,0.3,135,25.3,18.6,264,0.0,True,No hazard,veraval_nodes_REAL_data_20260830_1423.csv
GJ-VER-0084,20.53507927,70.85336048,Gir Somnath,22.2 km seaward operational buffer,2026-08-30T19:45,2.14,245,7.45,1.8,242,6.7,0.8,135,26.4,27.9,267,0.0,True,No hazard,veraval_nodes_REAL_data_20260830_1423.csv
GJ-VER-0085,20.58014092,70.85214226,Gir Somnath,22.2 km seaward operational buffer,2026-08-30T19:45,2.14,245,7.45,1.8,242,6.7,0.8,135,26.4,27.9,267,0.0,True,No hazard,veraval_nodes_REAL_data_20260830_1423.csv
GJ-VER-0086,20.62520226,70.85092077,Gir Somnath,22.2 km seaward operational buffer,2026-08-30T19:45,2.0,241,7.6,1.72,238,6.6,0.6,162,25.6,25.2,268,0.0,True,No hazard,veraval_nodes_REAL_data_20260830_1423.csv
GJ-VER-0087,20.6702633,70.84969601,Gir Somnath,22.2 km seaward operational buffer,2026-08-30T19:45,1.48,234,7.5,1.26,233,6.35,0.4,207,25.4,18.6,261,0.0,True,No hazard,veraval_nodes_REAL_data_20260830_1423.csv
GJ-VER-0088,20.53621871,70.9011988,Gir Somnath,22.2 km seaward operational buffer,2026-08-30T19:45,2.14,245,7.45,1.8,242,6.7,0.8,135,26.4,28.7,265,0.0,True,No hazard,veraval_nodes_REAL_data_20260830_1423.csv
GJ-VER-0089,20.58128308,70.89999455,Gir Somnath,22.2 km seaward operational buffer,2026-08-30T19:45,2.14,245,7.45,1.8,242,6.7,0.8,135,26.4,27.9,267,0.0,True,No hazard,veraval_nodes_REAL_data_20260830_1423.csv
GJ-VER-0090,20.62634715,70.89878705,Gir Somnath,22.2 km seaward operational buffer,2026-08-30T19:45,2.0,241,7.6,1.72,238,6.6,0.6,162,25.6,26.0,267,0.0,True,No hazard,veraval_nodes_REAL_data_20260830_1423.csv
GJ-VER-0091,20.67141091,70.89757632,Gir Somnath,22.2 km seaward operational buffer,2026-08-30T19:45,1.48,234,7.5,1.26,233,6.35,0.4,207,25.4,18.6,261,0.0,True,No hazard,veraval_nodes_REAL_data_20260830_1423.csv
GJ-VER-0092,20.53734501,70.94904036,Gir Somnath,22.2 km seaward operational buffer,2026-08-30T19:45,2.1,245,7.45,1.78,242,6.7,0.8,153,26.4,28.3,267,0.0,True,No hazard,veraval_nodes_REAL_data_20260830_1423.csv
GJ-VER-0093,20.58241207,70.94785006,Gir Somnath,22.2 km seaward operational buffer,2026-08-30T19:45,2.1,245,7.45,1.78,242,6.7,0.8,153,26.4,28.3,267,0.0,True,No hazard,veraval_nodes_REAL_data_20260830_1423.csv
GJ-VER-0094,20.62747883,70.94665657,Gir Somnath,22.2 km seaward operational buffer,2026-08-30T19:45,1.96,240,7.6,1.68,238,6.65,0.6,198,25.6,26.0,267,0.0,True,No hazard,veraval_nodes_REAL_data_20260830_1423.csv
GJ-VER-0095,20.67254529,70.94545987,Gir Somnath,22.2 km seaward operational buffer,2026-08-30T19:45,1.42,232,7.45,1.18,231,6.35,0.9,233,25.6,19.1,259,0.0,True,No hazard,veraval_nodes_REAL_data_20260830_1423.csv
GJ-VER-0096,20.53845817,70.99688511,Gir Somnath,22.2 km seaward operational buffer,2026-08-30T19:45,2.1,245,7.45,1.78,242,6.7,0.8,153,26.4,29.2,267,0.0,True,No hazard,veraval_nodes_REAL_data_20260830_1423.csv
GJ-VER-0097,20.58352789,70.99570878,Gir Somnath,22.2 km seaward operational buffer,2026-08-30T19:45,1.96,240,7.6,1.68,238,6.65,0.6,198,25.6,29.2,267,0.0,True,No hazard,veraval_nodes_REAL_data_20260830_1423.csv
GJ-VER-0098,20.62859731,70.99452929,Gir Somnath,22.2 km seaward operational buffer,2026-08-30T19:45,1.96,240,7.6,1.68,238,6.65,0.6,198,25.6,28.3,267,0.0,True,No hazard,veraval_nodes_REAL_data_20260830_1423.csv
GJ-VER-0099,20.67366643,70.99334663,Gir Somnath,22.2 km seaward operational buffer,2026-08-30T19:45,1.42,232,7.45,1.18,231,6.35,0.9,233,25.6,19.1,259,0.0,True,No hazard,veraval_nodes_REAL_data_20260830_1423.csv
GJ-VER-0100,20.53955818,71.04473301,Gir Somnath,22.2 km seaward operational buffer,2026-08-30T19:45,2.06,245,7.4,1.74,242,6.7,0.9,169,26.4,29.2,267,0.0,True,No hazard,veraval_nodes_REAL_data_20260830_1423.csv
GJ-VER-0101,20.58463052,71.04357065,Gir Somnath,22.2 km seaward operational buffer,2026-08-30T19:45,1.84,240,7.6,1.54,237,6.7,1.0,202,25.7,29.2,267,0.0,True,No hazard,veraval_nodes_REAL_data_20260830_1423.csv
GJ-VER-0102,20.62970257,71.04240517,Gir Somnath,22.2 km seaward operational buffer,2026-08-30T19:45,1.84,240,7.6,1.54,237,6.7,1.0,202,25.7,28.3,267,0.0,True,No hazard,veraval_nodes_REAL_data_20260830_1423.csv
GJ-VER-0103,20.67477432,71.04123656,Gir Somnath,22.2 km seaward operational buffer,2026-08-30T19:45,1.34,232,7.35,1.12,229,6.45,1.0,239,25.9,20.1,258,0.0,True,No hazard,veraval_nodes_REAL_data_20260830_1423.csv
GJ-VER-0104,20.71984577,71.04006482,Gir Somnath,22.2 km seaward operational buffer,2026-08-30T19:45,1.34,232,7.35,1.12,229,6.45,1.0,239,25.9,20.1,258,0.0,True,No hazard,veraval_nodes_REAL_data_20260830_1423.csv
GJ-VER-0105,20.54064504,71.09258403,Gir Somnath,22.2 km seaward operational buffer,2026-08-30T19:45,2.0,245,7.4,1.68,241,6.7,1.1,198,26.3,29.6,266,0.0,True,No hazard,veraval_nodes_REAL_data_20260830_1423.csv
GJ-VER-0106,20.58571998,71.09143565,Gir Somnath,22.2 km seaward operational buffer,2026-08-30T19:45,1.72,240,7.45,1.4,236,6.7,1.0,225,25.8,29.6,266,0.0,True,No hazard,veraval_nodes_REAL_data_20260830_1423.csv
GJ-VER-0107,20.63079462,71.09028418,Gir Somnath,22.2 km seaward operational buffer,2026-08-30T19:45,1.72,240,7.45,1.4,236,6.7,1.0,225,25.8,30.7,265,0.0,True,No hazard,veraval_nodes_REAL_data_20260830_1423.csv
GJ-VER-0108,20.67586897,71.08912962,Gir Somnath,22.2 km seaward operational buffer,2026-08-30T19:45,1.26,234,7.15,1.0,229,6.5,1.2,243,25.9,20.1,258,0.0,True,No hazard,veraval_nodes_REAL_data_20260830_1423.csv
GJ-VER-0109,20.72094302,71.08797196,Gir Somnath,22.2 km seaward operational buffer,2026-08-30T19:45,1.26,234,7.15,1.0,229,6.5,1.2,243,25.9,20.1,258,0.0,True,No hazard,veraval_nodes_REAL_data_20260830_1423.csv
GJ-VER-0110,20.58679624,71.13930373,Gir Somnath,22.2 km seaward operational buffer,2026-08-30T19:45,1.72,240,7.45,1.4,236,6.7,1.0,225,25.8,29.6,266,0.0,True,No hazard,veraval_nodes_REAL_data_20260830_1423.csv
GJ-VER-0111,20.63187345,71.13816627,Gir Somnath,22.2 km seaward operational buffer,2026-08-30T19:45,1.72,240,7.45,1.4,236,6.7,1.0,225,25.8,30.7,265,0.0,True,No hazard,veraval_nodes_REAL_data_20260830_1423.csv
GJ-VER-0112,20.67695037,71.13702577,Gir Somnath,22.2 km seaward operational buffer,2026-08-30T19:45,1.26,234,7.15,1.0,229,6.5,1.2,243,25.9,20.1,258,0.0,True,No hazard,veraval_nodes_REAL_data_20260830_1423.csv
GJ-VER-0113,20.72202699,71.13588221,Gir Somnath,22.2 km seaward operational buffer,2026-08-30T19:45,1.26,234,7.15,1.0,229,6.5,1.2,243,25.9,20.1,258,0.0,True,No hazard,veraval_nodes_REAL_data_20260830_1423.csv
GJ-VER-0114,20.58785932,71.18717485,Gir Somnath,22.2 km seaward operational buffer,2026-08-30T19:45,1.64,240,7.3,1.3,235,6.75,1.5,240,26.0,29.5,265,0.0,True,No hazard,veraval_nodes_REAL_data_20260830_1423.csv
GJ-VER-0115,20.63293906,71.18605142,Gir Somnath,22.2 km seaward operational buffer,2026-08-30T19:45,1.64,240,7.3,1.3,235,6.75,1.5,240,26.0,31.9,264,0.0,True,No hazard,veraval_nodes_REAL_data_20260830_1423.csv
GJ-VER-0116,20.67801851,71.18492497,Gir Somnath,22.2 km seaward operational buffer,2026-08-30T19:45,1.18,236,6.85,0.92,228,6.6,1.6,243,26.0,20.1,258,0.0,True,No hazard,veraval_nodes_REAL_data_20260830_1423.csv
GJ-VER-0117,20.72309767,71.1837955,Gir Somnath,22.2 km seaward operational buffer,2026-08-30T19:45,1.18,236,6.85,0.92,228,6.6,1.6,243,26.0,20.1,258,0.0,True,No hazard,veraval_nodes_REAL_data_20260830_1423.csv
GJ-VER-0118,20.76817653,71.18266302,Gir Somnath,22.2 km seaward operational buffer,2026-08-30T19:45,0.84,231,6.05,0.58,225,6.3,1.8,246,26.6,17.8,254,0.0,True,No hazard,veraval_nodes_REAL_data_20260830_1423.csv
GJ-VER-0119,20.5889092,71.23504899,Gir Somnath,22.2 km seaward operational buffer,2026-08-30T19:45,1.64,240,7.3,1.3,235,6.75,1.5,240,26.0,29.5,265,0.0,True,No hazard,veraval_nodes_REAL_data_20260830_1423.csv
GJ-VER-0120,20.63399145,71.23393958,Gir Somnath,22.2 km seaward operational buffer,2026-08-30T19:45,1.64,240,7.3,1.3,235,6.75,1.5,240,26.0,31.9,264,0.0,True,No hazard,veraval_nodes_REAL_data_20260830_1423.csv
GJ-VER-0121,20.6790734,71.23282719,Gir Somnath,22.2 km seaward operational buffer,2026-08-30T19:45,1.18,236,6.85,0.92,228,6.6,1.6,243,26.0,32.8,261,0.0,True,No hazard,veraval_nodes_REAL_data_20260830_1423.csv
GJ-VER-0122,20.72415507,71.23171182,Gir Somnath,22.2 km seaward operational buffer,2026-08-30T19:45,1.18,236,6.85,0.92,228,6.6,1.6,243,26.0,32.8,261,0.0,True,No hazard,veraval_nodes_REAL_data_20260830_1423.csv
GJ-VER-0123,20.76923643,71.23059347,Gir Somnath,22.2 km seaward operational buffer,2026-08-30T19:45,0.84,231,6.05,0.58,225,6.3,1.8,246,26.6,19.9,254,0.0,True,No hazard,veraval_nodes_REAL_data_20260830_1423.csv
GJ-VER-0124,20.63503061,71.28183071,Gir Somnath,22.2 km seaward operational buffer,2026-08-30T19:45,1.6,240,7.1,1.22,235,6.8,1.6,243,26.2,32.5,262,0.0,True,No hazard,veraval_nodes_REAL_data_20260830_1423.csv
GJ-VER-0125,20.68011503,71.28073239,Gir Somnath,22.2 km seaward operational buffer,2026-08-30T19:45,1.18,236,6.55,0.84,228,6.65,1.9,241,26.2,32.8,261,0.0,True,No hazard,veraval_nodes_REAL_data_20260830_1423.csv
GJ-VER-0126,20.72519917,71.27963113,Gir Somnath,22.2 km seaward operational buffer,2026-08-30T19:45,1.18,236,6.55,0.84,228,6.65,1.9,241,26.2,32.8,261,0.0,True,No hazard,veraval_nodes_REAL_data_20260830_1423.csv
GJ-VER-0127,20.77028301,71.27852692,Gir Somnath,22.2 km seaward operational buffer,2026-08-30T19:45,0.88,231,5.85,0.58,225,6.45,1.9,241,26.7,19.9,254,0.0,True,No hazard,veraval_nodes_REAL_data_20260830_1423.csv
GJ-VER-0128,20.81536657,71.27741976,Gir Somnath,22.2 km seaward operational buffer,2026-08-30T19:45,0.88,231,5.85,0.58,225,6.45,1.9,241,26.7,19.9,254,0.0,True,No hazard,veraval_nodes_REAL_data_20260830_1423.csv
GJ-VER-0129,20.63605653,71.32972479,Gir Somnath,22.2 km seaward operational buffer,2026-08-30T19:45,1.6,240,7.1,1.22,235,6.8,1.6,243,26.2,32.5,262,0.0,True,No hazard,veraval_nodes_REAL_data_20260830_1423.csv
GJ-VER-0130,20.6811434,71.32864054,Gir Somnath,22.2 km seaward operational buffer,2026-08-30T19:45,1.18,236,6.55,0.84,228,6.65,1.9,241,26.2,35.4,259,0.0,True,No hazard,veraval_nodes_REAL_data_20260830_1423.csv
GJ-VER-0131,20.72622998,71.32755338,Gir Somnath,22.2 km seaward operational buffer,2026-08-30T19:45,1.18,236,6.55,0.84,228,6.65,1.9,241,26.2,35.4,259,0.0,True,No hazard,veraval_nodes_REAL_data_20260830_1423.csv
GJ-VER-0132,20.77131627,71.32646331,Gir Somnath,22.2 km seaward operational buffer,2026-08-30T19:45,0.88,231,5.85,0.58,225,6.45,1.9,241,26.7,19.9,254,0.0,True,No hazard,veraval_nodes_REAL_data_20260830_1423.csv
GJ-VER-0133,20.81640226,71.32537034,Gir Somnath,22.2 km seaward operational buffer,2026-08-30T19:45,0.88,231,5.85,0.58,225,6.45,1.9,241,26.7,19.9,254,0.0,True,No hazard,veraval_nodes_REAL_data_20260830_1423.csv
GJ-VER-0134,20.6821585,71.37655158,Gir Somnath,22.2 km seaward operational buffer,2026-08-30T19:45,1.26,237,6.4,0.84,226,6.7,2.0,243,26.4,35.4,259,0.0,True,No hazard,veraval_nodes_REAL_data_20260830_1423.csv
GJ-VER-0135,20.72724749,71.37547854,Gir Somnath,22.2 km seaward operational buffer,2026-08-30T19:45,1.26,237,6.4,0.84,226,6.7,2.0,243,26.4,35.4,259,0.0,True,No hazard,veraval_nodes_REAL_data_20260830_1423.csv
GJ-VER-0136,20.77233619,71.37440262,Gir Somnath,22.2 km seaward operational buffer,2026-08-30T19:45,0.98,233,5.8,0.58,222,6.45,2.0,243,26.7,31.8,258,0.0,True,No hazard,veraval_nodes_REAL_data_20260830_1423.csv
GJ-VER-0137,20.8174246,71.37332383,Gir Somnath,22.2 km seaward operational buffer,2026-08-30T19:45,0.98,233,5.8,0.58,222,6.45,2.0,243,26.7,19.0,247,0.0,True,No hazard,veraval_nodes_REAL_data_20260830_1423.csv
GJ-VER-0138,20.77334278,71.4223448,Gir Somnath,22.2 km seaward operational buffer,2026-08-30T19:45,1.16,233,5.9,0.66,219,6.5,2.3,238,26.8,34.4,256,0.0,True,No hazard,veraval_nodes_REAL_data_20260830_1423.csv
GJ-VER-0139,20.81843357,71.4212802,Gir Somnath,22.2 km seaward operational buffer,2026-08-30T19:45,1.16,233,5.9,0.66,219,6.5,2.3,238,26.8,19.0,247,0.0,True,No hazard,veraval_nodes_REAL_data_20260830_1423.csv
GJ-VER-0140,20.86352407,71.42021276,Gir Somnath,22.2 km seaward operational buffer,2026-08-30T19:45,0.84,233,5.35,0.46,219,6.25,2.4,243,27.7,19.0,247,0.0,True,No hazard,veraval_nodes_REAL_data_20260830_1423.csv
GJ-VER-0001,20.87516585,70.07678103,Gir Somnath,22.2 km seaward operational buffer,2026-08-29T07:00,2.28,241,7.85,1.58,230,7.25,1.1,108,27.3,34.4,264,0.0,True,No hazard,veraval_nodes_REAL_data_20260829_0131.csv
GJ-VER-0002,20.92017704,70.07530903,Gir Somnath,22.2 km seaward operational buffer,2026-08-29T07:00,2.14,241,7.85,1.54,233,7.3,1.1,108,26.9,33.5,267,0.1,True,No hazard,veraval_nodes_REAL_data_20260829_0131.csv
GJ-VER-0003,20.9651879,70.07383312,Gir Somnath,22.2 km seaward operational buffer,2026-08-29T07:00,2.14,241,7.85,1.54,233,7.3,1.1,108,26.9,21.3,267,0.0,True,No hazard,veraval_nodes_REAL_data_20260829_0131.csv
GJ-VER-0004,21.01019843,70.0723533,Gir Somnath,22.2 km seaward operational buffer,2026-08-29T07:00,1.7,240,8.1,1.34,236,7.25,1.0,112,26.6,21.3,267,0.0,True,No hazard,veraval_nodes_REAL_data_20260829_0131.csv
GJ-VER-0005,21.05520861,70.07086956,Gir Somnath,22.2 km seaward operational buffer,2026-08-29T07:00,1.7,240,8.1,1.34,236,7.25,1.0,112,26.6,21.3,267,0.0,True,No hazard,veraval_nodes_REAL_data_20260829_0131.csv
GJ-VER-0006,21.10021846,70.06938189,Gir Somnath,22.2 km seaward operational buffer,2026-08-29T07:00,1.46,242,7.95,1.22,239,7.1,0.8,117,26.4,19.4,264,0.0,True,No hazard,veraval_nodes_REAL_data_20260829_0131.csv
GJ-VER-0007,20.83152605,70.12612866,Gir Somnath,22.2 km seaward operational buffer,2026-08-29T07:00,2.4,240,7.9,1.7,229,7.3,1.2,117,27.3,35.8,264,0.1,True,No hazard,veraval_nodes_REAL_data_20260829_0131.csv
GJ-VER-0008,20.87654082,70.12467471,Gir Somnath,22.2 km seaward operational buffer,2026-08-29T07:00,2.3,240,7.85,1.6,229,7.25,1.2,117,26.9,35.8,264,0.1,True,No hazard,veraval_nodes_REAL_data_20260829_0131.csv
GJ-VER-0009,20.92155525,70.12321689,Gir Somnath,22.2 km seaward operational buffer,2026-08-29T07:00,2.12,240,7.9,1.52,231,7.15,1.2,117,26.5,33.5,268,0.1,True,No hazard,veraval_nodes_REAL_data_20260829_0131.csv
GJ-VER-0010,20.96656935,70.1217552,Gir Somnath,22.2 km seaward operational buffer,2026-08-29T07:00,2.12,240,7.9,1.52,231,7.15,1.2,117,26.5,21.3,267,0.0,True,No hazard,veraval_nodes_REAL_data_20260829_0131.csv
GJ-VER-0011,21.01158311,70.12028964,Gir Somnath,22.2 km seaward operational buffer,2026-08-29T07:00,1.7,235,8.15,1.36,233,7.0,1.0,121,26.4,21.3,267,0.0,True,No hazard,veraval_nodes_REAL_data_20260829_0131.csv
GJ-VER-0012,21.05659653,70.11882019,Gir Somnath,22.2 km seaward operational buffer,2026-08-29T07:00,1.7,235,8.15,1.36,233,7.0,1.0,121,26.4,21.3,267,0.0,True,No hazard,veraval_nodes_REAL_data_20260829_0131.csv
GJ-VER-0013,20.7878662,70.17544804,Gir Somnath,22.2 km seaward operational buffer,2026-08-29T07:00,2.38,240,7.8,1.68,229,7.2,1.2,117,26.7,36.0,261,0.0,True,No hazard,veraval_nodes_REAL_data_20260829_0131.csv
GJ-VER-0014,20.8328845,70.17401206,Gir Somnath,22.2 km seaward operational buffer,2026-08-29T07:00,2.38,240,7.8,1.68,229,7.2,1.2,117,26.7,35.8,264,0.1,True,No hazard,veraval_nodes_REAL_data_20260829_0131.csv
GJ-VER-0015,20.87790246,70.17257226,Gir Somnath,22.2 km seaward operational buffer,2026-08-29T07:00,2.3,240,7.8,1.64,229,7.15,1.3,106,26.3,35.8,264,0.1,True,No hazard,veraval_nodes_REAL_data_20260829_0131.csv
GJ-VER-0016,20.9229201,70.17112863,Gir Somnath,22.2 km seaward operational buffer,2026-08-29T07:00,2.14,239,7.85,1.62,231,7.0,1.1,99,25.9,20.9,266,0.0,True,No hazard,veraval_nodes_REAL_data_20260829_0131.csv
GJ-VER-0017,20.9679374,70.16968116,Gir Somnath,22.2 km seaward operational buffer,2026-08-29T07:00,2.14,239,7.85,1.62,231,7.0,1.1,99,25.9,21.3,267,0.0,True,No hazard,veraval_nodes_REAL_data_20260829_0131.csv
GJ-VER-0018,21.01295437,70.16822986,Gir Somnath,22.2 km seaward operational buffer,2026-08-29T07:00,1.7,235,8.15,1.36,233,7.0,0.6,124,26.2,21.3,267,0.0,True,No hazard,veraval_nodes_REAL_data_20260829_0131.csv
GJ-VER-0019,20.78920817,70.22332115,Gir Somnath,22.2 km seaward operational buffer,2026-08-29T07:00,2.38,240,7.8,1.68,229,7.2,1.2,117,26.7,37.2,263,0.0,True,No hazard,veraval_nodes_REAL_data_20260829_0131.csv
GJ-VER-0020,20.83422964,70.22189929,Gir Somnath,22.2 km seaward operational buffer,2026-08-29T07:00,2.3,240,7.8,1.64,229,7.15,1.3,106,26.3,36.3,265,0.1,True,No hazard,veraval_nodes_REAL_data_20260829_0131.csv
GJ-VER-0021,20.87925078,70.22047364,Gir Somnath,22.2 km seaward operational buffer,2026-08-29T07:00,2.3,240,7.8,1.64,229,7.15,1.3,106,26.3,20.9,266,0.0,True,No hazard,veraval_nodes_REAL_data_20260829_0131.csv
GJ-VER-0022,20.92427159,70.2190442,Gir Somnath,22.2 km seaward operational buffer,2026-08-29T07:00,2.14,239,7.85,1.62,231,7.0,1.1,99,25.9,20.9,266,0.0,True,No hazard,veraval_nodes_REAL_data_20260829_0131.csv
GJ-VER-0023,20.96929207,70.21761096,Gir Somnath,22.2 km seaward operational buffer,2026-08-29T07:00,2.14,239,7.85,1.62,231,7.0,1.1,99,25.9,20.9,266,0.0,True,No hazard,veraval_nodes_REAL_data_20260829_0131.csv
GJ-VER-0024,20.74551194,70.27260204,Gir Somnath,22.2 km seaward operational buffer,2026-08-29T07:00,2.44,242,7.8,1.72,230,7.25,1.0,112,26.7,37.2,263,0.0,True,No hazard,veraval_nodes_REAL_data_20260829_0131.csv
GJ-VER-0025,20.79053688,70.27119804,Gir Somnath,22.2 km seaward operational buffer,2026-08-29T07:00,2.34,240,7.75,1.68,229,7.2,1.1,108,26.3,37.2,263,0.0,True,No hazard,veraval_nodes_REAL_data_20260829_0131.csv
GJ-VER-0026,20.83556148,70.2697903,Gir Somnath,22.2 km seaward operational buffer,2026-08-29T07:00,2.26,240,7.75,1.68,229,7.05,1.1,108,26.0,21.6,267,0.0,True,No hazard,veraval_nodes_REAL_data_20260829_0131.csv
GJ-VER-0027,20.88058576,70.26837881,Gir Somnath,22.2 km seaward operational buffer,2026-08-29T07:00,2.26,240,7.75,1.68,229,7.05,1.1,108,26.0,20.9,266,0.0,True,No hazard,veraval_nodes_REAL_data_20260829_0131.csv
GJ-VER-0028,20.92560971,70.26696356,Gir Somnath,22.2 km seaward operational buffer,2026-08-29T07:00,2.26,240,7.75,1.68,229,7.05,0.6,124,25.8,20.9,266,0.0,True,No hazard,veraval_nodes_REAL_data_20260829_0131.csv
GJ-VER-0029,20.7017959,70.32185479,Gir Somnath,22.2 km seaward operational buffer,2026-08-29T07:00,2.44,242,7.8,1.72,230,7.25,1.0,112,26.7,35.0,263,0.0,True,No hazard,veraval_nodes_REAL_data_20260829_0131.csv
GJ-VER-0030,20.74682427,70.32046858,Gir Somnath,22.2 km seaward operational buffer,2026-08-29T07:00,2.44,242,7.8,1.72,230,7.25,1.0,112,26.7,36.2,265,0.0,True,No hazard,veraval_nodes_REAL_data_20260829_0131.csv
GJ-VER-0031,20.7918523,70.31907867,Gir Somnath,22.2 km seaward operational buffer,2026-08-29T07:00,2.34,240,7.75,1.68,229,7.2,1.1,108,26.3,36.2,265,0.0,True,No hazard,veraval_nodes_REAL_data_20260829_0131.csv
GJ-VER-0032,20.83688002,70.31768506,Gir Somnath,22.2 km seaward operational buffer,2026-08-29T07:00,2.26,240,7.75,1.68,229,7.05,1.1,108,26.0,21.6,267,0.0,True,No hazard,veraval_nodes_REAL_data_20260829_0131.csv
GJ-VER-0033,20.8819074,70.31628773,Gir Somnath,22.2 km seaward operational buffer,2026-08-29T07:00,2.26,240,7.75,1.68,229,7.05,1.1,108,26.0,21.6,267,0.0,True,No hazard,veraval_nodes_REAL_data_20260829_0131.csv
GJ-VER-0034,20.92693447,70.31488669,Gir Somnath,22.2 km seaward operational buffer,2026-08-29T07:00,2.26,240,7.75,1.68,229,7.05,0.6,124,25.8,20.9,266,0.0,True,No hazard,veraval_nodes_REAL_data_20260829_0131.csv
GJ-VER-0035,20.70309191,70.36971098,Gir Somnath,22.2 km seaward operational buffer,2026-08-29T07:00,2.34,242,7.7,1.7,231,7.2,1.1,108,26.3,35.0,263,0.0,True,No hazard,veraval_nodes_REAL_data_20260829_0131.csv
GJ-VER-0036,20.74812334,70.36833883,Gir Somnath,22.2 km seaward operational buffer,2026-08-29T07:00,2.34,242,7.7,1.7,231,7.2,1.1,108,26.3,36.2,265,0.0,True,No hazard,veraval_nodes_REAL_data_20260829_0131.csv
GJ-VER-0037,20.79315445,70.36696301,Gir Somnath,22.2 km seaward operational buffer,2026-08-29T07:00,2.28,240,7.7,1.68,231,7.1,1.1,108,25.8,36.2,265,0.0,True,No hazard,veraval_nodes_REAL_data_20260829_0131.csv
GJ-VER-0038,20.83818524,70.36558353,Gir Somnath,22.2 km seaward operational buffer,2026-08-29T07:00,2.16,240,7.75,1.7,231,6.9,1.0,112,25.6,21.6,267,0.0,True,No hazard,veraval_nodes_REAL_data_20260829_0131.csv
GJ-VER-0039,20.88321571,70.36420037,Gir Somnath,22.2 km seaward operational buffer,2026-08-29T07:00,2.16,240,7.75,1.7,231,6.9,1.0,112,25.6,21.6,267,0.0,True,No hazard,veraval_nodes_REAL_data_20260829_0131.csv
GJ-VER-0040,20.65933989,70.4189253,Gir Somnath,22.2 km seaward operational buffer,2026-08-29T07:00,2.34,243,7.65,1.7,234,7.15,0.9,90,26.6,33.3,262,0.0,True,No hazard,veraval_nodes_REAL_data_20260829_0131.csv
GJ-VER-0041,20.70437469,70.41757083,Gir Somnath,22.2 km seaward operational buffer,2026-08-29T07:00,2.26,242,7.7,1.66,233,7.1,1.1,99,26.0,35.1,265,0.0,True,No hazard,veraval_nodes_REAL_data_20260829_0131.csv
GJ-VER-0042,20.74940916,70.41621274,Gir Somnath,22.2 km seaward operational buffer,2026-08-29T07:00,2.34,242,7.7,1.7,231,7.2,1.1,108,26.3,23.4,268,0.1,True,No hazard,veraval_nodes_REAL_data_20260829_0131.csv
GJ-VER-0043,20.79444332,70.41485102,Gir Somnath,22.2 km seaward operational buffer,2026-08-29T07:00,2.28,240,7.7,1.68,231,7.1,1.1,108,25.8,23.4,268,0.1,True,No hazard,veraval_nodes_REAL_data_20260829_0131.csv
GJ-VER-0044,20.83947715,70.41348568,Gir Somnath,22.2 km seaward operational buffer,2026-08-29T07:00,2.16,240,7.75,1.7,231,6.9,1.0,112,25.6,21.6,267,0.0,True,No hazard,veraval_nodes_REAL_data_20260829_0131.csv
GJ-VER-0045,20.61556832,70.4681116,Gir Somnath,22.2 km seaward operational buffer,2026-08-29T07:00,2.34,243,7.65,1.7,234,7.15,0.9,90,26.6,34.6,264,0.0,True,No hazard,veraval_nodes_REAL_data_20260829_0131.csv
GJ-VER-0046,20.66060644,70.46677474,Gir Somnath,22.2 km seaward operational buffer,2026-08-29T07:00,2.34,243,7.65,1.7,234,7.15,0.9,90,26.6,34.6,264,0.0,True,No hazard,veraval_nodes_REAL_data_20260829_0131.csv
GJ-VER-0047,20.70564424,70.4654343,Gir Somnath,22.2 km seaward operational buffer,2026-08-29T07:00,2.26,242,7.7,1.66,233,7.1,1.1,99,26.0,35.1,265,0.0,True,No hazard,veraval_nodes_REAL_data_20260829_0131.csv
GJ-VER-0048,20.75068172,70.46409028,Gir Somnath,22.2 km seaward operational buffer,2026-08-29T07:00,2.14,240,7.7,1.66,234,7.0,0.9,101,25.4,23.4,268,0.1,True,No hazard,veraval_nodes_REAL_data_20260829_0131.csv
GJ-VER-0049,20.79571889,70.46274267,Gir Somnath,22.2 km seaward operational buffer,2026-08-29T07:00,2.14,240,7.7,1.66,234,7.0,0.9,101,25.4,23.4,268,0.1,True,No hazard,veraval_nodes_REAL_data_20260829_0131.csv
GJ-VER-0050,20.84075574,70.46139146,Gir Somnath,22.2 km seaward operational buffer,2026-08-29T07:00,2.14,240,7.7,1.66,234,7.0,0.5,135,25.1,23.4,268,0.1,True,No hazard,veraval_nodes_REAL_data_20260829_0131.csv
GJ-VER-0051,20.61681869,70.51595063,Gir Somnath,22.2 km seaward operational buffer,2026-08-29T07:00,2.26,243,7.6,1.62,234,7.1,1.1,90,26.5,34.6,264,0.0,True,No hazard,veraval_nodes_REAL_data_20260829_0131.csv
GJ-VER-0052,20.66185978,70.51462777,Gir Somnath,22.2 km seaward operational buffer,2026-08-29T07:00,2.26,243,7.6,1.62,234,7.1,1.1,90,26.5,34.6,264,0.0,True,No hazard,veraval_nodes_REAL_data_20260829_0131.csv
GJ-VER-0053,20.70690056,70.51330136,Gir Somnath,22.2 km seaward operational buffer,2026-08-29T07:00,2.14,241,7.7,1.6,234,7.05,1.1,99,25.7,34.8,266,0.0,True,No hazard,veraval_nodes_REAL_data_20260829_0131.csv
GJ-VER-0054,20.75194103,70.51197141,Gir Somnath,22.2 km seaward operational buffer,2026-08-29T07:00,1.94,239,7.75,1.58,236,6.85,0.9,90,25.3,23.4,268,0.1,True,No hazard,veraval_nodes_REAL_data_20260829_0131.csv
GJ-VER-0055,20.79698117,70.5106379,Gir Somnath,22.2 km seaward operational buffer,2026-08-29T07:00,1.94,239,7.75,1.58,236,6.85,0.9,90,25.3,23.4,268,0.1,True,No hazard,veraval_nodes_REAL_data_20260829_0131.csv
GJ-VER-0056,20.61805589,70.5637932,Gir Somnath,22.2 km seaward operational buffer,2026-08-29T07:00,2.26,243,7.6,1.62,234,7.1,1.1,90,26.5,36.3,266,0.0,True,No hazard,veraval_nodes_REAL_data_20260829_0131.csv
GJ-VER-0057,20.66309993,70.56248433,Gir Somnath,22.2 km seaward operational buffer,2026-08-29T07:00,2.26,243,7.6,1.62,234,7.1,1.1,90,26.5,36.3,266,0.0,True,No hazard,veraval_nodes_REAL_data_20260829_0131.csv
GJ-VER-0058,20.70814365,70.56117196,Gir Somnath,22.2 km seaward operational buffer,2026-08-29T07:00,2.14,241,7.7,1.6,234,7.05,1.1,99,25.7,34.8,266,0.0,True,No hazard,veraval_nodes_REAL_data_20260829_0131.csv
GJ-VER-0059,20.75318706,70.55985608,Gir Somnath,22.2 km seaward operational buffer,2026-08-29T07:00,1.94,239,7.75,1.58,236,6.85,0.9,90,25.3,20.7,269,0.0,True,No hazard,veraval_nodes_REAL_data_20260829_0131.csv
GJ-VER-0060,20.57423265,70.61293066,Gir Somnath,22.2 km seaward operational buffer,2026-08-29T07:00,2.3,245,7.55,1.62,235,7.1,0.9,90,27.2,35.5,267,0.0,True,No hazard,veraval_nodes_REAL_data_20260829_0131.csv
GJ-VER-0061,20.61927992,70.61163926,Gir Somnath,22.2 km seaward operational buffer,2026-08-29T07:00,2.2,243,7.6,1.56,233,7.1,1.1,90,26.4,35.8,268,0.0,True,No hazard,veraval_nodes_REAL_data_20260829_0131.csv
GJ-VER-0062,20.66432687,70.6103444,Gir Somnath,22.2 km seaward operational buffer,2026-08-29T07:00,2.2,243,7.6,1.56,233,7.1,1.1,90,26.4,32.6,268,0.0,True,No hazard,veraval_nodes_REAL_data_20260829_0131.csv
GJ-VER-0063,20.7093735,70.60904607,Gir Somnath,22.2 km seaward operational buffer,2026-08-29T07:00,1.96,239,7.75,1.48,235,7.0,1.1,90,25.6,22.7,269,0.0,True,No hazard,veraval_nodes_REAL_data_20260829_0131.csv
GJ-VER-0064,20.75441983,70.60774428,Gir Somnath,22.2 km seaward operational buffer,2026-08-29T07:00,1.62,238,7.7,1.34,236,6.7,1.0,112,25.2,20.7,269,0.0,True,No hazard,veraval_nodes_REAL_data_20260829_0131.csv
GJ-VER-0065,20.57544062,70.66076621,Gir Somnath,22.2 km seaward operational buffer,2026-08-29T07:00,2.3,245,7.55,1.62,235,7.1,0.9,90,27.2,36.0,268,0.0,True,No hazard,veraval_nodes_REAL_data_20260829_0131.csv
GJ-VER-0066,20.62049076,70.65948879,Gir Somnath,22.2 km seaward operational buffer,2026-08-29T07:00,2.2,243,7.6,1.56,233,7.1,1.1,90,26.4,35.8,268,0.0,True,No hazard,veraval_nodes_REAL_data_20260829_0131.csv
GJ-VER-0067,20.66554059,70.65820794,Gir Somnath,22.2 km seaward operational buffer,2026-08-29T07:00,2.2,243,7.6,1.56,233,7.1,1.1,90,26.4,35.8,268,0.0,True,No hazard,veraval_nodes_REAL_data_20260829_0131.csv
GJ-VER-0068,20.71059011,70.65692366,Gir Somnath,22.2 km seaward operational buffer,2026-08-29T07:00,1.96,239,7.75,1.48,235,7.0,1.1,90,25.6,22.7,269,0.0,True,No hazard,veraval_nodes_REAL_data_20260829_0131.csv
GJ-VER-0069,20.75563932,70.65563594,Gir Somnath,22.2 km seaward operational buffer,2026-08-29T07:00,1.62,238,7.7,1.34,236,6.7,1.0,112,25.2,22.7,269,0.0,True,No hazard,veraval_nodes_REAL_data_20260829_0131.csv
GJ-VER-0070,20.53158213,70.70986525,Gir Somnath,22.2 km seaward operational buffer,2026-08-29T07:00,2.3,245,7.5,1.6,233,7.1,0.9,90,27.1,34.9,268,0.0,True,No hazard,veraval_nodes_REAL_data_20260829_0131.csv
GJ-VER-0071,20.57663543,70.70860519,Gir Somnath,22.2 km seaward operational buffer,2026-08-29T07:00,2.3,245,7.5,1.6,233,7.1,0.9,90,27.1,36.0,268,0.0,True,No hazard,veraval_nodes_REAL_data_20260829_0131.csv
GJ-VER-0072,20.62168842,70.70734174,Gir Somnath,22.2 km seaward operational buffer,2026-08-29T07:00,2.16,242,7.55,1.54,232,7.0,0.9,90,26.2,33.7,269,0.0,True,No hazard,veraval_nodes_REAL_data_20260829_0131.csv
GJ-VER-0073,20.6667411,70.7060749,Gir Somnath,22.2 km seaward operational buffer,2026-08-29T07:00,1.78,237,7.7,1.38,234,6.85,0.9,90,25.6,28.6,269,0.0,True,No hazard,veraval_nodes_REAL_data_20260829_0131.csv
GJ-VER-0074,20.71179348,70.70480468,Gir Somnath,22.2 km seaward operational buffer,2026-08-29T07:00,1.78,237,7.7,1.38,234,6.85,0.9,90,25.6,22.7,269,0.0,True,No hazard,veraval_nodes_REAL_data_20260829_0131.csv
GJ-VER-0075,20.53276097,70.75769366,Gir Somnath,22.2 km seaward operational buffer,2026-08-29T07:00,2.3,245,7.5,1.58,233,7.2,0.9,101,27.0,35.5,269,0.0,True,No hazard,veraval_nodes_REAL_data_20260829_0131.csv
GJ-VER-0076,20.57781709,70.75644754,Gir Somnath,22.2 km seaward operational buffer,2026-08-29T07:00,2.3,245,7.5,1.58,233,7.2,0.9,101,27.0,35.5,269,0.0,True,No hazard,veraval_nodes_REAL_data_20260829_0131.csv
GJ-VER-0077,20.6228729,70.75519808,Gir Somnath,22.2 km seaward operational buffer,2026-08-29T07:00,2.14,242,7.55,1.54,232,7.0,0.9,101,26.1,33.7,269,0.0,True,No hazard,veraval_nodes_REAL_data_20260829_0131.csv
GJ-VER-0078,20.66792839,70.75394526,Gir Somnath,22.2 km seaward operational buffer,2026-08-29T07:00,1.66,237,7.65,1.3,234,6.7,0.7,90,25.5,22.7,269,0.0,True,No hazard,veraval_nodes_REAL_data_20260829_0131.csv
GJ-VER-0079,20.71298359,70.75268909,Gir Somnath,22.2 km seaward operational buffer,2026-08-29T07:00,1.66,237,7.65,1.3,234,6.7,0.7,90,25.5,22.7,269,0.0,True,No hazard,veraval_nodes_REAL_data_20260829_0131.csv
GJ-VER-0080,20.53392669,70.80552542,Gir Somnath,22.2 km seaward operational buffer,2026-08-29T07:00,2.3,245,7.5,1.58,233,7.2,0.9,101,27.0,35.1,269,0.0,True,No hazard,veraval_nodes_REAL_data_20260829_0131.csv
GJ-VER-0081,20.57898558,70.80429325,Gir Somnath,22.2 km seaward operational buffer,2026-08-29T07:00,2.3,245,7.5,1.58,233,7.2,0.9,101,27.0,35.5,269,0.0,True,No hazard,veraval_nodes_REAL_data_20260829_0131.csv
GJ-VER-0082,20.62404418,70.80305777,Gir Somnath,22.2 km seaward operational buffer,2026-08-29T07:00,2.14,242,7.55,1.54,232,7.0,0.9,101,26.1,31.7,269,0.0,True,No hazard,veraval_nodes_REAL_data_20260829_0131.csv
GJ-VER-0083,20.66910246,70.80181898,Gir Somnath,22.2 km seaward operational buffer,2026-08-29T07:00,1.66,237,7.65,1.3,234,6.7,0.7,90,25.5,20.7,269,0.0,True,No hazard,veraval_nodes_REAL_data_20260829_0131.csv
GJ-VER-0084,20.53507927,70.85336048,Gir Somnath,22.2 km seaward operational buffer,2026-08-29T07:00,2.3,245,7.45,1.6,234,7.15,1.0,112,26.9,34.7,270,0.0,True,No hazard,veraval_nodes_REAL_data_20260829_0131.csv
GJ-VER-0085,20.58014092,70.85214226,Gir Somnath,22.2 km seaward operational buffer,2026-08-29T07:00,2.3,245,7.45,1.6,234,7.15,1.0,112,26.9,34.7,270,0.0,True,No hazard,veraval_nodes_REAL_data_20260829_0131.csv
GJ-VER-0086,20.62520226,70.85092077,Gir Somnath,22.2 km seaward operational buffer,2026-08-29T07:00,2.14,241,7.6,1.58,232,7.0,0.8,117,26.1,31.7,269,0.0,True,No hazard,veraval_nodes_REAL_data_20260829_0131.csv
GJ-VER-0087,20.6702633,70.84969601,Gir Somnath,22.2 km seaward operational buffer,2026-08-29T07:00,1.58,234,7.55,1.24,231,6.65,0.5,135,25.7,19.8,269,0.0,True,No hazard,veraval_nodes_REAL_data_20260829_0131.csv
GJ-VER-0088,20.53621871,70.9011988,Gir Somnath,22.2 km seaward operational buffer,2026-08-29T07:00,2.3,245,7.45,1.6,234,7.15,1.0,112,26.9,34.9,269,0.0,True,No hazard,veraval_nodes_REAL_data_20260829_0131.csv
GJ-VER-0089,20.58128308,70.89999455,Gir Somnath,22.2 km seaward operational buffer,2026-08-29T07:00,2.3,245,7.45,1.6,234,7.15,1.0,112,26.9,34.7,270,0.0,True,No hazard,veraval_nodes_REAL_data_20260829_0131.csv
GJ-VER-0090,20.62634715,70.89878705,Gir Somnath,22.2 km seaward operational buffer,2026-08-29T07:00,2.14,241,7.6,1.58,232,7.0,0.8,117,26.1,31.9,269,0.0,True,No hazard,veraval_nodes_REAL_data_20260829_0131.csv
GJ-VER-0091,20.67141091,70.89757632,Gir Somnath,22.2 km seaward operational buffer,2026-08-29T07:00,1.58,234,7.55,1.24,231,6.65,0.5,135,25.7,19.8,269,0.0,True,No hazard,veraval_nodes_REAL_data_20260829_0131.csv
GJ-VER-0092,20.53734501,70.94904036,Gir Somnath,22.2 km seaward operational buffer,2026-08-29T07:00,2.28,246,7.4,1.6,235,7.15,0.9,127,26.9,34.4,269,0.0,True,No hazard,veraval_nodes_REAL_data_20260829_0131.csv
GJ-VER-0093,20.58241207,70.94785006,Gir Somnath,22.2 km seaward operational buffer,2026-08-29T07:00,2.28,246,7.4,1.6,235,7.15,0.9,127,26.9,34.4,269,0.0,True,No hazard,veraval_nodes_REAL_data_20260829_0131.csv
GJ-VER-0094,20.62747883,70.94665657,Gir Somnath,22.2 km seaward operational buffer,2026-08-29T07:00,2.1,240,7.6,1.56,233,7.05,0.8,135,26.1,31.9,269,0.0,True,No hazard,veraval_nodes_REAL_data_20260829_0131.csv
GJ-VER-0095,20.67254529,70.94545987,Gir Somnath,22.2 km seaward operational buffer,2026-08-29T07:00,1.52,232,7.5,1.18,229,6.65,0.6,198,25.9,19.8,268,0.0,True,No hazard,veraval_nodes_REAL_data_20260829_0131.csv
GJ-VER-0096,20.53845817,70.99688511,Gir Somnath,22.2 km seaward operational buffer,2026-08-29T07:00,2.28,246,7.4,1.6,235,7.15,0.9,127,26.9,34.4,267,0.0,True,No hazard,veraval_nodes_REAL_data_20260829_0131.csv
GJ-VER-0097,20.58352789,70.99570878,Gir Somnath,22.2 km seaward operational buffer,2026-08-29T07:00,2.1,240,7.6,1.56,233,7.05,0.8,135,26.1,34.4,267,0.0,True,No hazard,veraval_nodes_REAL_data_20260829_0131.csv
GJ-VER-0098,20.62859731,70.99452929,Gir Somnath,22.2 km seaward operational buffer,2026-08-29T07:00,2.1,240,7.6,1.56,233,7.05,0.8,135,26.1,33.9,268,0.0,True,No hazard,veraval_nodes_REAL_data_20260829_0131.csv
GJ-VER-0099,20.67366643,70.99334663,Gir Somnath,22.2 km seaward operational buffer,2026-08-29T07:00,1.52,232,7.5,1.18,229,6.65,0.6,198,25.9,19.8,268,0.0,True,No hazard,veraval_nodes_REAL_data_20260829_0131.csv
GJ-VER-0100,20.53955818,71.04473301,Gir Somnath,22.2 km seaward operational buffer,2026-08-29T07:00,2.24,245,7.35,1.6,236,7.1,1.0,135,26.8,34.4,267,0.0,True,No hazard,veraval_nodes_REAL_data_20260829_0131.csv
GJ-VER-0101,20.58463052,71.04357065,Gir Somnath,22.2 km seaward operational buffer,2026-08-29T07:00,2.0,240,7.5,1.44,233,7.15,0.8,153,26.1,34.4,267,0.0,True,No hazard,veraval_nodes_REAL_data_20260829_0131.csv
GJ-VER-0102,20.62970257,71.04240517,Gir Somnath,22.2 km seaward operational buffer,2026-08-29T07:00,2.0,240,7.5,1.44,233,7.15,0.8,153,26.1,33.9,268,0.0,True,No hazard,veraval_nodes_REAL_data_20260829_0131.csv
GJ-VER-0103,20.67477432,71.04123656,Gir Somnath,22.2 km seaward operational buffer,2026-08-29T07:00,1.44,233,7.35,1.08,228,6.75,0.6,214,26.0,19.8,268,0.0,True,No hazard,veraval_nodes_REAL_data_20260829_0131.csv
GJ-VER-0104,20.71984577,71.04006482,Gir Somnath,22.2 km seaward operational buffer,2026-08-29T07:00,1.44,233,7.35,1.08,228,6.75,0.6,214,26.0,19.8,268,0.0,True,No hazard,veraval_nodes_REAL_data_20260829_0131.csv
GJ-VER-0105,20.54064504,71.09258403,Gir Somnath,22.2 km seaward operational buffer,2026-08-29T07:00,2.18,245,7.35,1.48,235,7.25,1.0,158,26.8,34.7,265,0.0,True,No hazard,veraval_nodes_REAL_data_20260829_0131.csv
GJ-VER-0106,20.58571998,71.09143565,Gir Somnath,22.2 km seaward operational buffer,2026-08-29T07:00,1.88,241,7.4,1.28,232,7.25,0.7,180,26.2,34.7,265,0.0,True,No hazard,veraval_nodes_REAL_data_20260829_0131.csv
GJ-VER-0107,20.63079462,71.09028418,Gir Somnath,22.2 km seaward operational buffer,2026-08-29T07:00,1.88,241,7.4,1.28,232,7.25,0.7,180,26.2,35.4,266,0.0,True,No hazard,veraval_nodes_REAL_data_20260829_0131.csv
GJ-VER-0108,20.67586897,71.08912962,Gir Somnath,22.2 km seaward operational buffer,2026-08-29T07:00,1.36,235,7.2,0.98,228,6.85,0.9,233,26.0,19.8,268,0.0,True,No hazard,veraval_nodes_REAL_data_20260829_0131.csv
GJ-VER-0109,20.72094302,71.08797196,Gir Somnath,22.2 km seaward operational buffer,2026-08-29T07:00,1.36,235,7.2,0.98,228,6.85,0.9,233,26.0,19.8,268,0.0,True,No hazard,veraval_nodes_REAL_data_20260829_0131.csv
GJ-VER-0110,20.58679624,71.13930373,Gir Somnath,22.2 km seaward operational buffer,2026-08-29T07:00,1.88,241,7.4,1.28,232,7.25,0.7,180,26.2,34.7,265,0.0,True,No hazard,veraval_nodes_REAL_data_20260829_0131.csv
GJ-VER-0111,20.63187345,71.13816627,Gir Somnath,22.2 km seaward operational buffer,2026-08-29T07:00,1.88,241,7.4,1.28,232,7.25,0.7,180,26.2,35.4,266,0.0,True,No hazard,veraval_nodes_REAL_data_20260829_0131.csv
GJ-VER-0112,20.67695037,71.13702577,Gir Somnath,22.2 km seaward operational buffer,2026-08-29T07:00,1.36,235,7.2,0.98,228,6.85,0.9,233,26.0,19.8,268,0.0,True,No hazard,veraval_nodes_REAL_data_20260829_0131.csv
GJ-VER-0113,20.72202699,71.13588221,Gir Somnath,22.2 km seaward operational buffer,2026-08-29T07:00,1.36,235,7.2,0.98,228,6.85,0.9,233,26.0,19.8,268,0.0,True,No hazard,veraval_nodes_REAL_data_20260829_0131.csv
GJ-VER-0114,20.58785932,71.18717485,Gir Somnath,22.2 km seaward operational buffer,2026-08-29T07:00,1.8,241,7.25,1.16,230,7.35,0.8,225,26.4,34.7,262,0.0,True,No hazard,veraval_nodes_REAL_data_20260829_0131.csv
GJ-VER-0115,20.63293906,71.18605142,Gir Somnath,22.2 km seaward operational buffer,2026-08-29T07:00,1.8,241,7.25,1.16,230,7.35,0.8,225,26.4,35.4,264,0.0,True,No hazard,veraval_nodes_REAL_data_20260829_0131.csv
GJ-VER-0116,20.67801851,71.18492497,Gir Somnath,22.2 km seaward operational buffer,2026-08-29T07:00,1.3,237,6.95,0.9,227,6.95,1.2,243,26.2,19.8,268,0.0,True,No hazard,veraval_nodes_REAL_data_20260829_0131.csv
GJ-VER-0117,20.72309767,71.1837955,Gir Somnath,22.2 km seaward operational buffer,2026-08-29T07:00,1.3,237,6.95,0.9,227,6.95,1.2,243,26.2,19.8,268,0.0,True,No hazard,veraval_nodes_REAL_data_20260829_0131.csv
GJ-VER-0118,20.76817653,71.18266302,Gir Somnath,22.2 km seaward operational buffer,2026-08-29T07:00,0.9,230,6.25,0.6,224,6.7,1.4,247,26.7,15.9,265,0.0,True,No hazard,veraval_nodes_REAL_data_20260829_0131.csv
GJ-VER-0119,20.5889092,71.23504899,Gir Somnath,22.2 km seaward operational buffer,2026-08-29T07:00,1.8,241,7.25,1.16,230,7.35,0.8,225,26.4,34.7,262,0.0,True,No hazard,veraval_nodes_REAL_data_20260829_0131.csv
GJ-VER-0120,20.63399145,71.23393958,Gir Somnath,22.2 km seaward operational buffer,2026-08-29T07:00,1.8,241,7.25,1.16,230,7.35,0.8,225,26.4,35.4,264,0.0,True,No hazard,veraval_nodes_REAL_data_20260829_0131.csv
GJ-VER-0121,20.6790734,71.23282719,Gir Somnath,22.2 km seaward operational buffer,2026-08-29T07:00,1.3,237,6.95,0.9,227,6.95,1.2,243,26.2,32.3,266,0.0,True,No hazard,veraval_nodes_REAL_data_20260829_0131.csv
GJ-VER-0122,20.72415507,71.23171182,Gir Somnath,22.2 km seaward operational buffer,2026-08-29T07:00,1.3,237,6.95,0.9,227,6.95,1.2,243,26.2,32.3,266,0.0,True,No hazard,veraval_nodes_REAL_data_20260829_0131.csv
GJ-VER-0123,20.76923643,71.23059347,Gir Somnath,22.2 km seaward operational buffer,2026-08-29T07:00,0.9,230,6.25,0.6,224,6.7,1.4,247,26.7,17.2,265,0.0,True,No hazard,veraval_nodes_REAL_data_20260829_0131.csv
GJ-VER-0124,20.63503061,71.28183071,Gir Somnath,22.2 km seaward operational buffer,2026-08-29T07:00,1.74,241,7.15,1.1,230,7.3,1.2,231,26.5,35.1,262,0.0,True,No hazard,veraval_nodes_REAL_data_20260829_0131.csv
GJ-VER-0125,20.68011503,71.28073239,Gir Somnath,22.2 km seaward operational buffer,2026-08-29T07:00,1.28,237,6.75,0.84,227,6.95,1.5,240,26.3,32.3,266,0.0,True,No hazard,veraval_nodes_REAL_data_20260829_0131.csv
GJ-VER-0126,20.72519917,71.27963113,Gir Somnath,22.2 km seaward operational buffer,2026-08-29T07:00,1.28,237,6.75,0.84,227,6.95,1.5,240,26.3,32.3,266,0.0,True,No hazard,veraval_nodes_REAL_data_20260829_0131.csv
GJ-VER-0127,20.77028301,71.27852692,Gir Somnath,22.2 km seaward operational buffer,2026-08-29T07:00,0.94,230,6.2,0.58,224,6.85,1.5,240,26.7,17.2,265,0.0,True,No hazard,veraval_nodes_REAL_data_20260829_0131.csv
GJ-VER-0128,20.81536657,71.27741976,Gir Somnath,22.2 km seaward operational buffer,2026-08-29T07:00,0.94,230,6.2,0.58,224,6.85,1.5,240,26.7,17.2,265,0.0,True,No hazard,veraval_nodes_REAL_data_20260829_0131.csv
GJ-VER-0129,20.63605653,71.32972479,Gir Somnath,22.2 km seaward operational buffer,2026-08-29T07:00,1.74,241,7.15,1.1,230,7.3,1.2,231,26.5,35.1,262,0.0,True,No hazard,veraval_nodes_REAL_data_20260829_0131.csv
GJ-VER-0130,20.6811434,71.32864054,Gir Somnath,22.2 km seaward operational buffer,2026-08-29T07:00,1.28,237,6.75,0.84,227,6.95,1.5,240,26.3,34.0,265,0.1,True,No hazard,veraval_nodes_REAL_data_20260829_0131.csv
GJ-VER-0131,20.72622998,71.32755338,Gir Somnath,22.2 km seaward operational buffer,2026-08-29T07:00,1.28,237,6.75,0.84,227,6.95,1.5,240,26.3,34.0,265,0.1,True,No hazard,veraval_nodes_REAL_data_20260829_0131.csv
GJ-VER-0132,20.77131627,71.32646331,Gir Somnath,22.2 km seaward operational buffer,2026-08-29T07:00,0.94,230,6.2,0.58,224,6.85,1.5,240,26.7,17.2,265,0.0,True,No hazard,veraval_nodes_REAL_data_20260829_0131.csv
GJ-VER-0133,20.81640226,71.32537034,Gir Somnath,22.2 km seaward operational buffer,2026-08-29T07:00,0.94,230,6.2,0.58,224,6.85,1.5,240,26.7,17.2,265,0.0,True,No hazard,veraval_nodes_REAL_data_20260829_0131.csv
GJ-VER-0134,20.6821585,71.37655158,Gir Somnath,22.2 km seaward operational buffer,2026-08-29T07:00,1.36,237,6.65,0.84,226,7.0,1.6,243,26.5,34.0,265,0.1,True,No hazard,veraval_nodes_REAL_data_20260829_0131.csv
GJ-VER-0135,20.72724749,71.37547854,Gir Somnath,22.2 km seaward operational buffer,2026-08-29T07:00,1.36,237,6.65,0.84,226,7.0,1.6,243,26.5,34.0,265,0.1,True,No hazard,veraval_nodes_REAL_data_20260829_0131.csv
GJ-VER-0136,20.77233619,71.37440262,Gir Somnath,22.2 km seaward operational buffer,2026-08-29T07:00,1.02,231,6.25,0.62,224,6.7,1.6,243,26.9,28.6,267,0.0,True,No hazard,veraval_nodes_REAL_data_20260829_0131.csv
GJ-VER-0137,20.8174246,71.37332383,Gir Somnath,22.2 km seaward operational buffer,2026-08-29T07:00,1.02,231,6.25,0.62,224,6.7,1.6,243,26.9,14.4,262,0.0,True,No hazard,veraval_nodes_REAL_data_20260829_0131.csv
GJ-VER-0138,20.77334278,71.4223448,Gir Somnath,22.2 km seaward operational buffer,2026-08-29T07:00,1.18,231,6.45,0.72,221,6.65,1.9,241,27.1,31.6,267,0.0,True,No hazard,veraval_nodes_REAL_data_20260829_0131.csv
GJ-VER-0139,20.81843357,71.4212802,Gir Somnath,22.2 km seaward operational buffer,2026-08-29T07:00,1.18,231,6.45,0.72,221,6.65,1.9,241,27.1,14.4,262,0.0,True,No hazard,veraval_nodes_REAL_data_20260829_0131.csv
GJ-VER-0140,20.86352407,71.42021276,Gir Somnath,22.2 km seaward operational buffer,2026-08-29T07:00,0.84,231,6.15,0.52,221,6.1,1.9,248,27.8,14.4,262,0.0,True,No hazard,veraval_nodes_REAL_data_20260829_0131.csv
GJ-VER-0001,20.87516585,70.07678103,Gir Somnath,22.2 km seaward operational buffer,2026-08-31T20:30,2.16,239,8.3,1.78,240,6.95,1.2,117,26.9,27.6,249,0.0,True,No hazard,veraval_nodes_REAL_data_20260831_1501.csv
GJ-VER-0002,20.92017704,70.07530903,Gir Somnath,22.2 km seaward operational buffer,2026-08-31T20:30,2.06,240,8.25,1.72,241,7.0,1.2,117,26.7,28.2,251,0.0,True,No hazard,veraval_nodes_REAL_data_20260831_1501.csv
GJ-VER-0003,20.9651879,70.07383312,Gir Somnath,22.2 km seaward operational buffer,2026-08-31T20:30,2.06,240,8.25,1.72,241,7.0,1.2,117,26.7,19.3,254,0.0,True,No hazard,veraval_nodes_REAL_data_20260831_1501.csv
GJ-VER-0004,21.01019843,70.0723533,Gir Somnath,22.2 km seaward operational buffer,2026-08-31T20:30,1.66,240,8.5,1.46,241,7.1,1.0,121,26.4,19.3,254,0.0,True,No hazard,veraval_nodes_REAL_data_20260831_1501.csv
GJ-VER-0005,21.05520861,70.07086956,Gir Somnath,22.2 km seaward operational buffer,2026-08-31T20:30,1.66,240,8.5,1.46,241,7.1,1.0,121,26.4,19.3,254,0.0,True,No hazard,veraval_nodes_REAL_data_20260831_1501.csv
GJ-VER-0006,21.10021846,70.06938189,Gir Somnath,22.2 km seaward operational buffer,2026-08-31T20:30,1.44,241,8.4,1.32,242,6.95,1.0,112,26.2,17.4,249,0.0,True,No hazard,veraval_nodes_REAL_data_20260831_1501.csv
GJ-VER-0007,20.83152605,70.12612866,Gir Somnath,22.2 km seaward operational buffer,2026-08-31T20:30,2.28,238,8.4,1.92,239,6.9,1.2,117,27.1,28.1,249,0.0,True,No hazard,veraval_nodes_REAL_data_20260831_1501.csv
GJ-VER-0008,20.87654082,70.12467471,Gir Somnath,22.2 km seaward operational buffer,2026-08-31T20:30,2.16,238,8.35,1.8,239,6.9,1.3,124,26.8,28.1,249,0.0,True,No hazard,veraval_nodes_REAL_data_20260831_1501.csv
GJ-VER-0009,20.92155525,70.12321689,Gir Somnath,22.2 km seaward operational buffer,2026-08-31T20:30,2.02,238,8.4,1.72,240,6.85,1.3,124,26.5,27.2,251,0.0,True,No hazard,veraval_nodes_REAL_data_20260831_1501.csv
GJ-VER-0010,20.96656935,70.1217552,Gir Somnath,22.2 km seaward operational buffer,2026-08-31T20:30,2.02,238,8.4,1.72,240,6.85,1.3,124,26.5,19.3,254,0.0,True,No hazard,veraval_nodes_REAL_data_20260831_1501.csv
GJ-VER-0011,21.01158311,70.12028964,Gir Somnath,22.2 km seaward operational buffer,2026-08-31T20:30,1.64,234,8.65,1.44,237,6.85,1.2,129,26.4,19.3,254,0.0,True,No hazard,veraval_nodes_REAL_data_20260831_1501.csv
GJ-VER-0012,21.05659653,70.11882019,Gir Somnath,22.2 km seaward operational buffer,2026-08-31T20:30,1.64,234,8.65,1.44,237,6.85,1.2,129,26.4,19.3,254,0.0,True,No hazard,veraval_nodes_REAL_data_20260831_1501.csv
GJ-VER-0013,20.7878662,70.17544804,Gir Somnath,22.2 km seaward operational buffer,2026-08-31T20:30,2.26,238,8.35,1.9,238,6.9,1.2,117,26.9,29.3,250,0.0,True,No hazard,veraval_nodes_REAL_data_20260831_1501.csv
GJ-VER-0014,20.8328845,70.17401206,Gir Somnath,22.2 km seaward operational buffer,2026-08-31T20:30,2.26,238,8.35,1.9,238,6.9,1.2,117,26.9,28.1,249,0.0,True,No hazard,veraval_nodes_REAL_data_20260831_1501.csv
GJ-VER-0015,20.87790246,70.17257226,Gir Somnath,22.2 km seaward operational buffer,2026-08-31T20:30,2.16,238,8.35,1.84,238,6.85,1.3,124,26.5,28.1,249,0.0,True,No hazard,veraval_nodes_REAL_data_20260831_1501.csv
GJ-VER-0016,20.9229201,70.17112863,Gir Somnath,22.2 km seaward operational buffer,2026-08-31T20:30,2.04,237,8.45,1.78,238,6.75,1.0,121,26.3,18.2,253,0.0,True,No hazard,veraval_nodes_REAL_data_20260831_1501.csv
GJ-VER-0017,20.9679374,70.16968116,Gir Somnath,22.2 km seaward operational buffer,2026-08-31T20:30,2.04,237,8.45,1.78,238,6.75,1.0,121,26.3,19.3,254,0.0,True,No hazard,veraval_nodes_REAL_data_20260831_1501.csv
GJ-VER-0018,21.01295437,70.16822986,Gir Somnath,22.2 km seaward operational buffer,2026-08-31T20:30,1.64,234,8.65,1.44,237,6.85,0.8,135,26.6,19.3,254,0.0,True,No hazard,veraval_nodes_REAL_data_20260831_1501.csv
GJ-VER-0019,20.78920817,70.22332115,Gir Somnath,22.2 km seaward operational buffer,2026-08-31T20:30,2.26,238,8.35,1.9,238,6.9,1.2,117,26.9,30.9,252,0.0,True,No hazard,veraval_nodes_REAL_data_20260831_1501.csv
GJ-VER-0020,20.83422964,70.22189929,Gir Somnath,22.2 km seaward operational buffer,2026-08-31T20:30,2.16,238,8.35,1.84,238,6.85,1.3,124,26.5,28.4,251,0.0,True,No hazard,veraval_nodes_REAL_data_20260831_1501.csv
GJ-VER-0021,20.87925078,70.22047364,Gir Somnath,22.2 km seaward operational buffer,2026-08-31T20:30,2.16,238,8.35,1.84,238,6.85,1.3,124,26.5,18.2,253,0.0,True,No hazard,veraval_nodes_REAL_data_20260831_1501.csv
GJ-VER-0022,20.92427159,70.2190442,Gir Somnath,22.2 km seaward operational buffer,2026-08-31T20:30,2.04,237,8.45,1.78,238,6.75,1.0,121,26.3,18.2,253,0.0,True,No hazard,veraval_nodes_REAL_data_20260831_1501.csv
GJ-VER-0023,20.96929207,70.21761096,Gir Somnath,22.2 km seaward operational buffer,2026-08-31T20:30,2.04,237,8.45,1.78,238,6.75,1.0,121,26.3,18.2,253,0.0,True,No hazard,veraval_nodes_REAL_data_20260831_1501.csv
GJ-VER-0024,20.74551194,70.27260204,Gir Somnath,22.2 km seaward operational buffer,2026-08-31T20:30,2.32,240,8.3,1.9,240,7.0,1.2,117,26.8,30.9,252,0.0,True,No hazard,veraval_nodes_REAL_data_20260831_1501.csv
GJ-VER-0025,20.79053688,70.27119804,Gir Somnath,22.2 km seaward operational buffer,2026-08-31T20:30,2.22,238,8.3,1.86,238,6.9,1.2,117,26.3,30.9,252,0.0,True,No hazard,veraval_nodes_REAL_data_20260831_1501.csv
GJ-VER-0026,20.83556148,70.2697903,Gir Somnath,22.2 km seaward operational buffer,2026-08-31T20:30,2.12,238,8.35,1.84,238,6.8,1.0,121,26.1,17.9,251,0.0,True,No hazard,veraval_nodes_REAL_data_20260831_1501.csv
GJ-VER-0027,20.88058576,70.26837881,Gir Somnath,22.2 km seaward operational buffer,2026-08-31T20:30,2.12,238,8.35,1.84,238,6.8,1.0,121,26.1,18.2,253,0.0,True,No hazard,veraval_nodes_REAL_data_20260831_1501.csv
GJ-VER-0028,20.92560971,70.26696356,Gir Somnath,22.2 km seaward operational buffer,2026-08-31T20:30,2.12,238,8.35,1.84,238,6.8,0.8,135,26.1,18.2,253,0.0,True,No hazard,veraval_nodes_REAL_data_20260831_1501.csv
GJ-VER-0029,20.7017959,70.32185479,Gir Somnath,22.2 km seaward operational buffer,2026-08-31T20:30,2.32,240,8.3,1.9,240,7.0,1.2,117,26.8,31.3,255,0.0,True,No hazard,veraval_nodes_REAL_data_20260831_1501.csv
GJ-VER-0030,20.74682427,70.32046858,Gir Somnath,22.2 km seaward operational buffer,2026-08-31T20:30,2.32,240,8.3,1.9,240,7.0,1.2,117,26.8,29.9,253,0.0,True,No hazard,veraval_nodes_REAL_data_20260831_1501.csv
GJ-VER-0031,20.7918523,70.31907867,Gir Somnath,22.2 km seaward operational buffer,2026-08-31T20:30,2.22,238,8.3,1.86,238,6.9,1.2,117,26.3,29.9,253,0.0,True,No hazard,veraval_nodes_REAL_data_20260831_1501.csv
GJ-VER-0032,20.83688002,70.31768506,Gir Somnath,22.2 km seaward operational buffer,2026-08-31T20:30,2.12,238,8.35,1.84,238,6.8,1.0,121,26.1,17.9,251,0.0,True,No hazard,veraval_nodes_REAL_data_20260831_1501.csv
GJ-VER-0033,20.8819074,70.31628773,Gir Somnath,22.2 km seaward operational buffer,2026-08-31T20:30,2.12,238,8.35,1.84,238,6.8,1.0,121,26.1,17.9,251,0.0,True,No hazard,veraval_nodes_REAL_data_20260831_1501.csv
GJ-VER-0034,20.92693447,70.31488669,Gir Somnath,22.2 km seaward operational buffer,2026-08-31T20:30,2.12,238,8.35,1.84,238,6.8,0.8,135,26.1,18.2,253,0.0,True,No hazard,veraval_nodes_REAL_data_20260831_1501.csv
GJ-VER-0035,20.70309191,70.36971098,Gir Somnath,22.2 km seaward operational buffer,2026-08-31T20:30,2.24,240,8.25,1.84,239,7.0,1.2,117,26.6,31.3,255,0.0,True,No hazard,veraval_nodes_REAL_data_20260831_1501.csv
GJ-VER-0036,20.74812334,70.36833883,Gir Somnath,22.2 km seaward operational buffer,2026-08-31T20:30,2.24,240,8.25,1.84,239,7.0,1.2,117,26.6,29.9,253,0.0,True,No hazard,veraval_nodes_REAL_data_20260831_1501.csv
GJ-VER-0037,20.79315445,70.36696301,Gir Somnath,22.2 km seaward operational buffer,2026-08-31T20:30,2.14,237,8.3,1.82,238,6.85,1.2,117,26.3,29.9,253,0.0,True,No hazard,veraval_nodes_REAL_data_20260831_1501.csv
GJ-VER-0038,20.83818524,70.36558353,Gir Somnath,22.2 km seaward operational buffer,2026-08-31T20:30,2.06,237,8.35,1.8,238,6.7,0.9,127,26.0,17.9,251,0.0,True,No hazard,veraval_nodes_REAL_data_20260831_1501.csv
GJ-VER-0039,20.88321571,70.36420037,Gir Somnath,22.2 km seaward operational buffer,2026-08-31T20:30,2.06,237,8.35,1.8,238,6.7,0.9,127,26.0,17.9,251,0.0,True,No hazard,veraval_nodes_REAL_data_20260831_1501.csv
GJ-VER-0040,20.65933989,70.4189253,Gir Somnath,22.2 km seaward operational buffer,2026-08-31T20:30,2.24,242,8.15,1.78,240,7.05,1.1,108,26.6,31.7,256,0.0,True,No hazard,veraval_nodes_REAL_data_20260831_1501.csv
GJ-VER-0041,20.70437469,70.41757083,Gir Somnath,22.2 km seaward operational buffer,2026-08-31T20:30,2.16,240,8.2,1.76,239,7.0,1.2,117,26.2,30.5,256,0.0,True,No hazard,veraval_nodes_REAL_data_20260831_1501.csv
GJ-VER-0042,20.74940916,70.41621274,Gir Somnath,22.2 km seaward operational buffer,2026-08-31T20:30,2.24,240,8.25,1.84,239,7.0,1.2,117,26.6,19.4,253,0.0,True,No hazard,veraval_nodes_REAL_data_20260831_1501.csv
GJ-VER-0043,20.79444332,70.41485102,Gir Somnath,22.2 km seaward operational buffer,2026-08-31T20:30,2.14,237,8.3,1.82,238,6.85,1.2,117,26.3,19.4,253,0.0,True,No hazard,veraval_nodes_REAL_data_20260831_1501.csv
GJ-VER-0044,20.83947715,70.41348568,Gir Somnath,22.2 km seaward operational buffer,2026-08-31T20:30,2.06,237,8.35,1.8,238,6.7,0.9,127,26.0,17.9,251,0.0,True,No hazard,veraval_nodes_REAL_data_20260831_1501.csv
GJ-VER-0045,20.61556832,70.4681116,Gir Somnath,22.2 km seaward operational buffer,2026-08-31T20:30,2.24,242,8.15,1.78,240,7.05,1.1,108,26.6,32.0,258,0.0,True,No hazard,veraval_nodes_REAL_data_20260831_1501.csv
GJ-VER-0046,20.66060644,70.46677474,Gir Somnath,22.2 km seaward operational buffer,2026-08-31T20:30,2.24,242,8.15,1.78,240,7.05,1.1,108,26.6,32.0,258,0.0,True,No hazard,veraval_nodes_REAL_data_20260831_1501.csv
GJ-VER-0047,20.70564424,70.4654343,Gir Somnath,22.2 km seaward operational buffer,2026-08-31T20:30,2.16,240,8.2,1.76,239,7.0,1.2,117,26.2,30.5,256,0.0,True,No hazard,veraval_nodes_REAL_data_20260831_1501.csv
GJ-VER-0048,20.75068172,70.46409028,Gir Somnath,22.2 km seaward operational buffer,2026-08-31T20:30,2.04,237,8.3,1.74,238,6.85,1.0,121,25.8,19.4,253,0.0,True,No hazard,veraval_nodes_REAL_data_20260831_1501.csv
GJ-VER-0049,20.79571889,70.46274267,Gir Somnath,22.2 km seaward operational buffer,2026-08-31T20:30,2.04,237,8.3,1.74,238,6.85,1.0,121,25.8,19.4,253,0.0,True,No hazard,veraval_nodes_REAL_data_20260831_1501.csv
GJ-VER-0050,20.84075574,70.46139146,Gir Somnath,22.2 km seaward operational buffer,2026-08-31T20:30,2.04,237,8.3,1.74,238,6.85,0.8,153,25.4,19.4,253,0.0,True,No hazard,veraval_nodes_REAL_data_20260831_1501.csv
GJ-VER-0051,20.61681869,70.51595063,Gir Somnath,22.2 km seaward operational buffer,2026-08-31T20:30,2.16,242,8.1,1.72,238,7.0,1.1,108,26.3,32.0,258,0.0,True,No hazard,veraval_nodes_REAL_data_20260831_1501.csv
GJ-VER-0052,20.66185978,70.51462777,Gir Somnath,22.2 km seaward operational buffer,2026-08-31T20:30,2.16,242,8.1,1.72,238,7.0,1.1,108,26.3,32.0,258,0.0,True,No hazard,veraval_nodes_REAL_data_20260831_1501.csv
GJ-VER-0053,20.70690056,70.51330136,Gir Somnath,22.2 km seaward operational buffer,2026-08-31T20:30,2.06,239,8.25,1.68,238,6.95,1.2,117,25.9,30.1,257,0.0,True,No hazard,veraval_nodes_REAL_data_20260831_1501.csv
GJ-VER-0054,20.75194103,70.51197141,Gir Somnath,22.2 km seaward operational buffer,2026-08-31T20:30,1.86,237,8.3,1.6,238,6.8,0.8,117,25.6,19.4,253,0.0,True,No hazard,veraval_nodes_REAL_data_20260831_1501.csv
GJ-VER-0055,20.79698117,70.5106379,Gir Somnath,22.2 km seaward operational buffer,2026-08-31T20:30,1.86,237,8.3,1.6,238,6.8,0.8,117,25.6,19.4,253,0.0,True,No hazard,veraval_nodes_REAL_data_20260831_1501.csv
GJ-VER-0056,20.61805589,70.5637932,Gir Somnath,22.2 km seaward operational buffer,2026-08-31T20:30,2.16,242,8.1,1.72,238,7.0,1.1,108,26.3,32.5,260,0.0,True,No hazard,veraval_nodes_REAL_data_20260831_1501.csv
GJ-VER-0057,20.66309993,70.56248433,Gir Somnath,22.2 km seaward operational buffer,2026-08-31T20:30,2.16,242,8.1,1.72,238,7.0,1.1,108,26.3,32.5,260,0.0,True,No hazard,veraval_nodes_REAL_data_20260831_1501.csv
GJ-VER-0058,20.70814365,70.56117196,Gir Somnath,22.2 km seaward operational buffer,2026-08-31T20:30,2.06,239,8.25,1.68,238,6.95,1.2,117,25.9,30.1,257,0.0,True,No hazard,veraval_nodes_REAL_data_20260831_1501.csv
GJ-VER-0059,20.75318706,70.55985608,Gir Somnath,22.2 km seaward operational buffer,2026-08-31T20:30,1.86,237,8.3,1.6,238,6.8,0.8,117,25.6,18.2,254,0.0,True,No hazard,veraval_nodes_REAL_data_20260831_1501.csv
GJ-VER-0060,20.57423265,70.61293066,Gir Somnath,22.2 km seaward operational buffer,2026-08-31T20:30,2.2,243,8.0,1.78,240,6.95,1.0,112,26.5,32.4,262,0.0,True,No hazard,veraval_nodes_REAL_data_20260831_1501.csv
GJ-VER-0061,20.61927992,70.61163926,Gir Somnath,22.2 km seaward operational buffer,2026-08-31T20:30,2.1,241,8.1,1.66,237,7.0,1.0,112,26.0,31.3,262,0.0,True,No hazard,veraval_nodes_REAL_data_20260831_1501.csv
GJ-VER-0062,20.66432687,70.6103444,Gir Somnath,22.2 km seaward operational buffer,2026-08-31T20:30,2.1,241,8.1,1.66,237,7.0,1.0,112,26.0,28.7,258,0.0,True,No hazard,veraval_nodes_REAL_data_20260831_1501.csv
GJ-VER-0063,20.7093735,70.60904607,Gir Somnath,22.2 km seaward operational buffer,2026-08-31T20:30,1.88,238,8.3,1.54,238,6.9,1.0,112,25.4,20.5,257,0.0,True,No hazard,veraval_nodes_REAL_data_20260831_1501.csv
GJ-VER-0064,20.75441983,70.60774428,Gir Somnath,22.2 km seaward operational buffer,2026-08-31T20:30,1.56,237,8.25,1.36,237,6.7,1.0,112,25.1,18.2,254,0.0,True,No hazard,veraval_nodes_REAL_data_20260831_1501.csv
GJ-VER-0065,20.57544062,70.66076621,Gir Somnath,22.2 km seaward operational buffer,2026-08-31T20:30,2.2,243,8.0,1.78,240,6.95,1.0,112,26.5,31.0,263,0.0,True,No hazard,veraval_nodes_REAL_data_20260831_1501.csv
GJ-VER-0066,20.62049076,70.65948879,Gir Somnath,22.2 km seaward operational buffer,2026-08-31T20:30,2.1,241,8.1,1.66,237,7.0,1.0,112,26.0,31.3,262,0.0,True,No hazard,veraval_nodes_REAL_data_20260831_1501.csv
GJ-VER-0067,20.66554059,70.65820794,Gir Somnath,22.2 km seaward operational buffer,2026-08-31T20:30,2.1,241,8.1,1.66,237,7.0,1.0,112,26.0,31.3,262,0.0,True,No hazard,veraval_nodes_REAL_data_20260831_1501.csv
GJ-VER-0068,20.71059011,70.65692366,Gir Somnath,22.2 km seaward operational buffer,2026-08-31T20:30,1.88,238,8.3,1.54,238,6.9,1.0,112,25.4,20.5,257,0.0,True,No hazard,veraval_nodes_REAL_data_20260831_1501.csv
GJ-VER-0069,20.75563932,70.65563594,Gir Somnath,22.2 km seaward operational buffer,2026-08-31T20:30,1.56,237,8.25,1.36,237,6.7,1.0,112,25.1,20.5,257,0.0,True,No hazard,veraval_nodes_REAL_data_20260831_1501.csv
GJ-VER-0070,20.53158213,70.70986525,Gir Somnath,22.2 km seaward operational buffer,2026-08-31T20:30,2.16,243,8.0,1.78,239,6.95,1.0,112,26.3,30.5,262,0.0,True,No hazard,veraval_nodes_REAL_data_20260831_1501.csv
GJ-VER-0071,20.57663543,70.70860519,Gir Somnath,22.2 km seaward operational buffer,2026-08-31T20:30,2.16,243,8.0,1.78,239,6.95,1.0,112,26.3,31.0,263,0.0,True,No hazard,veraval_nodes_REAL_data_20260831_1501.csv
GJ-VER-0072,20.62168842,70.70734174,Gir Somnath,22.2 km seaward operational buffer,2026-08-31T20:30,2.06,240,8.1,1.66,236,6.95,0.6,124,25.7,28.4,262,0.0,True,No hazard,veraval_nodes_REAL_data_20260831_1501.csv
GJ-VER-0073,20.6667411,70.7060749,Gir Somnath,22.2 km seaward operational buffer,2026-08-31T20:30,1.7,235,8.25,1.42,235,6.8,0.6,108,25.4,25.2,260,0.0,True,No hazard,veraval_nodes_REAL_data_20260831_1501.csv
GJ-VER-0074,20.71179348,70.70480468,Gir Somnath,22.2 km seaward operational buffer,2026-08-31T20:30,1.7,235,8.25,1.42,235,6.8,0.6,108,25.4,20.5,257,0.0,True,No hazard,veraval_nodes_REAL_data_20260831_1501.csv
GJ-VER-0075,20.53276097,70.75769366,Gir Somnath,22.2 km seaward operational buffer,2026-08-31T20:30,2.16,243,7.95,1.78,239,6.9,0.8,117,26.1,29.5,263,0.0,True,No hazard,veraval_nodes_REAL_data_20260831_1501.csv
GJ-VER-0076,20.57781709,70.75644754,Gir Somnath,22.2 km seaward operational buffer,2026-08-31T20:30,2.16,243,7.95,1.78,239,6.9,0.8,117,26.1,29.5,263,0.0,True,No hazard,veraval_nodes_REAL_data_20260831_1501.csv
GJ-VER-0077,20.6228729,70.75519808,Gir Somnath,22.2 km seaward operational buffer,2026-08-31T20:30,2.04,240,8.1,1.66,236,6.9,0.6,124,25.5,28.4,262,0.0,True,No hazard,veraval_nodes_REAL_data_20260831_1501.csv
GJ-VER-0078,20.66792839,70.75394526,Gir Somnath,22.2 km seaward operational buffer,2026-08-31T20:30,1.58,235,8.15,1.32,235,6.7,0.5,135,25.2,20.5,257,0.0,True,No hazard,veraval_nodes_REAL_data_20260831_1501.csv
GJ-VER-0079,20.71298359,70.75268909,Gir Somnath,22.2 km seaward operational buffer,2026-08-31T20:30,1.58,235,8.15,1.32,235,6.7,0.5,135,25.2,20.5,257,0.0,True,No hazard,veraval_nodes_REAL_data_20260831_1501.csv
GJ-VER-0080,20.53392669,70.80552542,Gir Somnath,22.2 km seaward operational buffer,2026-08-31T20:30,2.16,243,7.95,1.78,239,6.9,0.8,117,26.1,30.1,263,0.0,True,No hazard,veraval_nodes_REAL_data_20260831_1501.csv
GJ-VER-0081,20.57898558,70.80429325,Gir Somnath,22.2 km seaward operational buffer,2026-08-31T20:30,2.16,243,7.95,1.78,239,6.9,0.8,117,26.1,29.5,263,0.0,True,No hazard,veraval_nodes_REAL_data_20260831_1501.csv
GJ-VER-0082,20.62404418,70.80305777,Gir Somnath,22.2 km seaward operational buffer,2026-08-31T20:30,2.04,240,8.1,1.66,236,6.9,0.6,124,25.5,26.8,261,0.0,True,No hazard,veraval_nodes_REAL_data_20260831_1501.csv
GJ-VER-0083,20.66910246,70.80181898,Gir Somnath,22.2 km seaward operational buffer,2026-08-31T20:30,1.58,235,8.15,1.32,235,6.7,0.5,135,25.2,18.8,258,0.0,True,No hazard,veraval_nodes_REAL_data_20260831_1501.csv
GJ-VER-0084,20.53507927,70.85336048,Gir Somnath,22.2 km seaward operational buffer,2026-08-31T20:30,2.14,243,7.95,1.78,239,6.9,0.6,146,26.1,29.6,263,0.0,True,No hazard,veraval_nodes_REAL_data_20260831_1501.csv
GJ-VER-0085,20.58014092,70.85214226,Gir Somnath,22.2 km seaward operational buffer,2026-08-31T20:30,2.14,243,7.95,1.78,239,6.9,0.6,146,26.1,29.6,263,0.0,True,No hazard,veraval_nodes_REAL_data_20260831_1501.csv
GJ-VER-0086,20.62520226,70.85092077,Gir Somnath,22.2 km seaward operational buffer,2026-08-31T20:30,2.04,239,8.15,1.68,236,6.9,0.6,162,25.4,26.8,261,0.0,True,No hazard,veraval_nodes_REAL_data_20260831_1501.csv
GJ-VER-0087,20.6702633,70.84969601,Gir Somnath,22.2 km seaward operational buffer,2026-08-31T20:30,1.5,232,8.1,1.24,231,6.65,0.6,162,25.3,18.2,258,0.0,True,No hazard,veraval_nodes_REAL_data_20260831_1501.csv
GJ-VER-0088,20.53621871,70.9011988,Gir Somnath,22.2 km seaward operational buffer,2026-08-31T20:30,2.14,243,7.95,1.78,239,6.9,0.6,146,26.1,30.9,263,0.0,True,No hazard,veraval_nodes_REAL_data_20260831_1501.csv
GJ-VER-0089,20.58128308,70.89999455,Gir Somnath,22.2 km seaward operational buffer,2026-08-31T20:30,2.14,243,7.95,1.78,239,6.9,0.6,146,26.1,29.6,263,0.0,True,No hazard,veraval_nodes_REAL_data_20260831_1501.csv
GJ-VER-0090,20.62634715,70.89878705,Gir Somnath,22.2 km seaward operational buffer,2026-08-31T20:30,2.04,239,8.15,1.68,236,6.9,0.6,162,25.4,27.7,261,0.0,True,No hazard,veraval_nodes_REAL_data_20260831_1501.csv
GJ-VER-0091,20.67141091,70.89757632,Gir Somnath,22.2 km seaward operational buffer,2026-08-31T20:30,1.5,232,8.1,1.24,231,6.65,0.6,162,25.3,18.2,258,0.0,True,No hazard,veraval_nodes_REAL_data_20260831_1501.csv
GJ-VER-0092,20.53734501,70.94904036,Gir Somnath,22.2 km seaward operational buffer,2026-08-31T20:30,2.1,244,7.9,1.74,240,6.9,0.8,153,26.0,30.7,262,0.0,True,No hazard,veraval_nodes_REAL_data_20260831_1501.csv
GJ-VER-0093,20.58241207,70.94785006,Gir Somnath,22.2 km seaward operational buffer,2026-08-31T20:30,2.1,244,7.9,1.74,240,6.9,0.8,153,26.0,30.7,262,0.0,True,No hazard,veraval_nodes_REAL_data_20260831_1501.csv
GJ-VER-0094,20.62747883,70.94665657,Gir Somnath,22.2 km seaward operational buffer,2026-08-31T20:30,2.0,239,8.15,1.64,236,6.95,0.5,180,25.4,27.7,261,0.0,True,No hazard,veraval_nodes_REAL_data_20260831_1501.csv
GJ-VER-0095,20.67254529,70.94545987,Gir Somnath,22.2 km seaward operational buffer,2026-08-31T20:30,1.42,231,8.1,1.16,229,6.65,0.6,214,25.5,19.3,258,0.0,True,No hazard,veraval_nodes_REAL_data_20260831_1501.csv
GJ-VER-0096,20.53845817,70.99688511,Gir Somnath,22.2 km seaward operational buffer,2026-08-31T20:30,2.1,244,7.9,1.74,240,6.9,0.8,153,26.0,31.5,261,0.0,True,No hazard,veraval_nodes_REAL_data_20260831_1501.csv
GJ-VER-0097,20.58352789,70.99570878,Gir Somnath,22.2 km seaward operational buffer,2026-08-31T20:30,2.0,239,8.15,1.64,236,6.95,0.5,180,25.4,31.5,261,0.0,True,No hazard,veraval_nodes_REAL_data_20260831_1501.csv
GJ-VER-0098,20.62859731,70.99452929,Gir Somnath,22.2 km seaward operational buffer,2026-08-31T20:30,2.0,239,8.15,1.64,236,6.95,0.5,180,25.4,30.3,260,0.0,True,No hazard,veraval_nodes_REAL_data_20260831_1501.csv
GJ-VER-0099,20.67366643,70.99334663,Gir Somnath,22.2 km seaward operational buffer,2026-08-31T20:30,1.42,231,8.1,1.16,229,6.65,0.6,214,25.5,19.3,258,0.0,True,No hazard,veraval_nodes_REAL_data_20260831_1501.csv
GJ-VER-0100,20.53955818,71.04473301,Gir Somnath,22.2 km seaward operational buffer,2026-08-31T20:30,2.06,244,7.9,1.68,240,6.95,0.9,169,26.0,31.5,261,0.0,True,No hazard,veraval_nodes_REAL_data_20260831_1501.csv
GJ-VER-0101,20.58463052,71.04357065,Gir Somnath,22.2 km seaward operational buffer,2026-08-31T20:30,1.88,239,8.1,1.5,236,7.0,0.9,191,25.5,31.5,261,0.0,True,No hazard,veraval_nodes_REAL_data_20260831_1501.csv
GJ-VER-0102,20.62970257,71.04240517,Gir Somnath,22.2 km seaward operational buffer,2026-08-31T20:30,1.88,239,8.1,1.5,236,7.0,0.9,191,25.5,30.3,260,0.0,True,No hazard,veraval_nodes_REAL_data_20260831_1501.csv
GJ-VER-0103,20.67477432,71.04123656,Gir Somnath,22.2 km seaward operational buffer,2026-08-31T20:30,1.36,232,7.95,1.06,228,6.75,0.8,225,25.8,21.1,258,0.0,True,No hazard,veraval_nodes_REAL_data_20260831_1501.csv
GJ-VER-0104,20.71984577,71.04006482,Gir Somnath,22.2 km seaward operational buffer,2026-08-31T20:30,1.36,232,7.95,1.06,228,6.75,0.8,225,25.8,21.1,258,0.0,True,No hazard,veraval_nodes_REAL_data_20260831_1501.csv
GJ-VER-0105,20.54064504,71.09258403,Gir Somnath,22.2 km seaward operational buffer,2026-08-31T20:30,2.02,244,7.85,1.64,241,6.9,0.9,191,26.0,31.5,259,0.0,True,No hazard,veraval_nodes_REAL_data_20260831_1501.csv
GJ-VER-0106,20.58571998,71.09143565,Gir Somnath,22.2 km seaward operational buffer,2026-08-31T20:30,1.76,240,7.9,1.36,235,7.05,0.9,217,25.6,31.5,259,0.0,True,No hazard,veraval_nodes_REAL_data_20260831_1501.csv
GJ-VER-0107,20.63079462,71.09028418,Gir Somnath,22.2 km seaward operational buffer,2026-08-31T20:30,1.76,240,7.9,1.36,235,7.05,0.9,217,25.6,32.4,259,0.0,True,No hazard,veraval_nodes_REAL_data_20260831_1501.csv
GJ-VER-0108,20.67586897,71.08912962,Gir Somnath,22.2 km seaward operational buffer,2026-08-31T20:30,1.28,233,7.7,0.96,228,6.9,1.0,239,25.8,21.1,258,0.0,True,No hazard,veraval_nodes_REAL_data_20260831_1501.csv
GJ-VER-0109,20.72094302,71.08797196,Gir Somnath,22.2 km seaward operational buffer,2026-08-31T20:30,1.28,233,7.7,0.96,228,6.9,1.0,239,25.8,21.1,258,0.0,True,No hazard,veraval_nodes_REAL_data_20260831_1501.csv
GJ-VER-0110,20.58679624,71.13930373,Gir Somnath,22.2 km seaward operational buffer,2026-08-31T20:30,1.76,240,7.9,1.36,235,7.05,0.9,217,25.6,31.5,259,0.0,True,No hazard,veraval_nodes_REAL_data_20260831_1501.csv
GJ-VER-0111,20.63187345,71.13816627,Gir Somnath,22.2 km seaward operational buffer,2026-08-31T20:30,1.76,240,7.9,1.36,235,7.05,0.9,217,25.6,32.4,259,0.0,True,No hazard,veraval_nodes_REAL_data_20260831_1501.csv
GJ-VER-0112,20.67695037,71.13702577,Gir Somnath,22.2 km seaward operational buffer,2026-08-31T20:30,1.28,233,7.7,0.96,228,6.9,1.0,239,25.8,21.1,258,0.0,True,No hazard,veraval_nodes_REAL_data_20260831_1501.csv
GJ-VER-0113,20.72202699,71.13588221,Gir Somnath,22.2 km seaward operational buffer,2026-08-31T20:30,1.28,233,7.7,0.96,228,6.9,1.0,239,25.8,21.1,258,0.0,True,No hazard,veraval_nodes_REAL_data_20260831_1501.csv
GJ-VER-0114,20.58785932,71.18717485,Gir Somnath,22.2 km seaward operational buffer,2026-08-31T20:30,1.66,240,7.75,1.24,234,7.1,1.2,243,25.8,31.3,257,0.0,True,No hazard,veraval_nodes_REAL_data_20260831_1501.csv
GJ-VER-0115,20.63293906,71.18605142,Gir Somnath,22.2 km seaward operational buffer,2026-08-31T20:30,1.66,240,7.75,1.24,234,7.1,1.2,243,25.8,33.4,258,0.0,True,No hazard,veraval_nodes_REAL_data_20260831_1501.csv
GJ-VER-0116,20.67801851,71.18492497,Gir Somnath,22.2 km seaward operational buffer,2026-08-31T20:30,1.22,236,7.35,0.88,228,7.0,1.2,243,25.9,21.1,258,0.0,True,No hazard,veraval_nodes_REAL_data_20260831_1501.csv
GJ-VER-0117,20.72309767,71.1837955,Gir Somnath,22.2 km seaward operational buffer,2026-08-31T20:30,1.22,236,7.35,0.88,228,7.0,1.2,243,25.9,21.1,258,0.0,True,No hazard,veraval_nodes_REAL_data_20260831_1501.csv
GJ-VER-0118,20.76817653,71.18266302,Gir Somnath,22.2 km seaward operational buffer,2026-08-31T20:30,0.84,231,6.45,0.58,225,6.75,1.4,247,26.5,18.8,258,0.0,True,No hazard,veraval_nodes_REAL_data_20260831_1501.csv
GJ-VER-0119,20.5889092,71.23504899,Gir Somnath,22.2 km seaward operational buffer,2026-08-31T20:30,1.66,240,7.75,1.24,234,7.1,1.2,243,25.8,31.3,257,0.0,True,No hazard,veraval_nodes_REAL_data_20260831_1501.csv
GJ-VER-0120,20.63399145,71.23393958,Gir Somnath,22.2 km seaward operational buffer,2026-08-31T20:30,1.66,240,7.75,1.24,234,7.1,1.2,243,25.8,33.4,258,0.0,True,No hazard,veraval_nodes_REAL_data_20260831_1501.csv
GJ-VER-0121,20.6790734,71.23282719,Gir Somnath,22.2 km seaward operational buffer,2026-08-31T20:30,1.22,236,7.35,0.88,228,7.0,1.2,243,25.9,33.9,257,0.0,True,No hazard,veraval_nodes_REAL_data_20260831_1501.csv
GJ-VER-0122,20.72415507,71.23171182,Gir Somnath,22.2 km seaward operational buffer,2026-08-31T20:30,1.22,236,7.35,0.88,228,7.0,1.2,243,25.9,33.9,257,0.0,True,No hazard,veraval_nodes_REAL_data_20260831_1501.csv
GJ-VER-0123,20.76923643,71.23059347,Gir Somnath,22.2 km seaward operational buffer,2026-08-31T20:30,0.84,231,6.45,0.58,225,6.75,1.4,247,26.5,20.7,259,0.0,True,No hazard,veraval_nodes_REAL_data_20260831_1501.csv
GJ-VER-0124,20.63503061,71.28183071,Gir Somnath,22.2 km seaward operational buffer,2026-08-31T20:30,1.62,240,7.55,1.16,234,7.1,1.5,240,26.0,33.7,255,0.0,True,No hazard,veraval_nodes_REAL_data_20260831_1501.csv
GJ-VER-0125,20.68011503,71.28073239,Gir Somnath,22.2 km seaward operational buffer,2026-08-31T20:30,1.2,236,7.05,0.82,228,7.05,1.6,243,26.1,33.9,257,0.0,True,No hazard,veraval_nodes_REAL_data_20260831_1501.csv
GJ-VER-0126,20.72519917,71.27963113,Gir Somnath,22.2 km seaward operational buffer,2026-08-31T20:30,1.2,236,7.05,0.82,228,7.05,1.6,243,26.1,33.9,257,0.0,True,No hazard,veraval_nodes_REAL_data_20260831_1501.csv
GJ-VER-0127,20.77028301,71.27852692,Gir Somnath,22.2 km seaward operational buffer,2026-08-31T20:30,0.88,231,6.3,0.56,225,6.85,1.5,240,26.6,20.7,259,0.0,True,No hazard,veraval_nodes_REAL_data_20260831_1501.csv
GJ-VER-0128,20.81536657,71.27741976,Gir Somnath,22.2 km seaward operational buffer,2026-08-31T20:30,0.88,231,6.3,0.56,225,6.85,1.5,240,26.6,20.7,259,0.0,True,No hazard,veraval_nodes_REAL_data_20260831_1501.csv
GJ-VER-0129,20.63605653,71.32972479,Gir Somnath,22.2 km seaward operational buffer,2026-08-31T20:30,1.62,240,7.55,1.16,234,7.1,1.5,240,26.0,33.7,255,0.0,True,No hazard,veraval_nodes_REAL_data_20260831_1501.csv
GJ-VER-0130,20.6811434,71.32864054,Gir Somnath,22.2 km seaward operational buffer,2026-08-31T20:30,1.2,236,7.05,0.82,228,7.05,1.6,243,26.1,35.4,256,0.0,True,No hazard,veraval_nodes_REAL_data_20260831_1501.csv
GJ-VER-0131,20.72622998,71.32755338,Gir Somnath,22.2 km seaward operational buffer,2026-08-31T20:30,1.2,236,7.05,0.82,228,7.05,1.6,243,26.1,35.4,256,0.0,True,No hazard,veraval_nodes_REAL_data_20260831_1501.csv
GJ-VER-0132,20.77131627,71.32646331,Gir Somnath,22.2 km seaward operational buffer,2026-08-31T20:30,0.88,231,6.3,0.56,225,6.85,1.5,240,26.6,20.7,259,0.0,True,No hazard,veraval_nodes_REAL_data_20260831_1501.csv
GJ-VER-0133,20.81640226,71.32537034,Gir Somnath,22.2 km seaward operational buffer,2026-08-31T20:30,0.88,231,6.3,0.56,225,6.85,1.5,240,26.6,20.7,259,0.0,True,No hazard,veraval_nodes_REAL_data_20260831_1501.csv
GJ-VER-0134,20.6821585,71.37655158,Gir Somnath,22.2 km seaward operational buffer,2026-08-31T20:30,1.26,237,6.85,0.8,226,7.15,1.9,241,26.3,35.4,256,0.0,True,No hazard,veraval_nodes_REAL_data_20260831_1501.csv
GJ-VER-0135,20.72724749,71.37547854,Gir Somnath,22.2 km seaward operational buffer,2026-08-31T20:30,1.26,237,6.85,0.8,226,7.15,1.9,241,26.3,35.4,256,0.0,True,No hazard,veraval_nodes_REAL_data_20260831_1501.csv
GJ-VER-0136,20.77233619,71.37440262,Gir Somnath,22.2 km seaward operational buffer,2026-08-31T20:30,0.98,232,6.25,0.58,222,6.9,1.8,246,26.7,31.9,259,0.0,True,No hazard,veraval_nodes_REAL_data_20260831_1501.csv
GJ-VER-0137,20.8174246,71.37332383,Gir Somnath,22.2 km seaward operational buffer,2026-08-31T20:30,0.98,232,6.25,0.58,222,6.9,1.8,246,26.7,18.9,256,0.0,True,No hazard,veraval_nodes_REAL_data_20260831_1501.csv
GJ-VER-0138,20.77334278,71.4223448,Gir Somnath,22.2 km seaward operational buffer,2026-08-31T20:30,1.14,232,6.35,0.64,218,7.1,1.9,236,26.8,33.7,258,0.0,True,No hazard,veraval_nodes_REAL_data_20260831_1501.csv
GJ-VER-0139,20.81843357,71.4212802,Gir Somnath,22.2 km seaward operational buffer,2026-08-31T20:30,1.14,232,6.35,0.64,218,7.1,1.9,236,26.8,18.9,256,0.0,True,No hazard,veraval_nodes_REAL_data_20260831_1501.csv
GJ-VER-0140,20.86352407,71.42021276,Gir Somnath,22.2 km seaward operational buffer,2026-08-31T20:30,0.82,232,5.85,0.46,218,6.55,2.2,246,27.6,18.9,256,0.0,True,No hazard,veraval_nodes_REAL_data_20260831_1501.csv
GJ-VER-0001,20.87516585,70.07678103,Gir Somnath,22.2 km seaward operational buffer,2026-08-31T05:45,2.14,242,7.75,1.72,244,6.85,1.0,135,26.8,31.3,253,0.0,True,No hazard,veraval_nodes_REAL_data_20260831_0025.csv
GJ-VER-0002,20.92017704,70.07530903,Gir Somnath,22.2 km seaward operational buffer,2026-08-31T05:45,2.06,243,7.8,1.68,245,6.9,1.2,141,26.5,32.0,253,0.0,True,No hazard,veraval_nodes_REAL_data_20260831_0025.csv
GJ-VER-0003,20.9651879,70.07383312,Gir Somnath,22.2 km seaward operational buffer,2026-08-31T05:45,2.06,243,7.8,1.68,245,6.9,1.2,141,26.5,21.6,257,0.0,True,No hazard,veraval_nodes_REAL_data_20260831_0025.csv
GJ-VER-0004,21.01019843,70.0723533,Gir Somnath,22.2 km seaward operational buffer,2026-08-31T05:45,1.68,243,8.0,1.4,245,7.0,1.0,135,26.2,21.6,257,0.0,True,No hazard,veraval_nodes_REAL_data_20260831_0025.csv
GJ-VER-0005,21.05520861,70.07086956,Gir Somnath,22.2 km seaward operational buffer,2026-08-31T05:45,1.68,243,8.0,1.4,245,7.0,1.0,135,26.2,21.6,257,0.0,True,No hazard,veraval_nodes_REAL_data_20260831_0025.csv
GJ-VER-0006,21.10021846,70.06938189,Gir Somnath,22.2 km seaward operational buffer,2026-08-31T05:45,1.44,244,7.9,1.28,245,6.9,0.9,127,25.9,18.6,253,0.0,True,No hazard,veraval_nodes_REAL_data_20260831_0025.csv
GJ-VER-0007,20.83152605,70.12612866,Gir Somnath,22.2 km seaward operational buffer,2026-08-31T05:45,2.26,241,7.85,1.84,242,6.8,1.0,135,26.9,33.0,254,0.0,True,No hazard,veraval_nodes_REAL_data_20260831_0025.csv
GJ-VER-0008,20.87654082,70.12467471,Gir Somnath,22.2 km seaward operational buffer,2026-08-31T05:45,2.14,241,7.8,1.74,242,6.75,1.3,135,26.6,33.0,254,0.0,True,No hazard,veraval_nodes_REAL_data_20260831_0025.csv
GJ-VER-0009,20.92155525,70.12321689,Gir Somnath,22.2 km seaward operational buffer,2026-08-31T05:45,2.02,241,7.85,1.68,243,6.75,1.3,135,26.3,32.3,254,0.0,True,No hazard,veraval_nodes_REAL_data_20260831_0025.csv
GJ-VER-0010,20.96656935,70.1217552,Gir Somnath,22.2 km seaward operational buffer,2026-08-31T05:45,2.02,241,7.85,1.68,243,6.75,1.3,135,26.3,21.6,257,0.0,True,No hazard,veraval_nodes_REAL_data_20260831_0025.csv
GJ-VER-0011,21.01158311,70.12028964,Gir Somnath,22.2 km seaward operational buffer,2026-08-31T05:45,1.62,236,8.05,1.38,240,6.7,1.0,135,26.1,21.6,257,0.0,True,No hazard,veraval_nodes_REAL_data_20260831_0025.csv
GJ-VER-0012,21.05659653,70.11882019,Gir Somnath,22.2 km seaward operational buffer,2026-08-31T05:45,1.62,236,8.05,1.38,240,6.7,1.0,135,26.1,21.6,257,0.0,True,No hazard,veraval_nodes_REAL_data_20260831_0025.csv
GJ-VER-0013,20.7878662,70.17544804,Gir Somnath,22.2 km seaward operational buffer,2026-08-31T05:45,2.22,240,7.85,1.84,241,6.8,1.3,135,26.6,32.4,253,0.0,True,No hazard,veraval_nodes_REAL_data_20260831_0025.csv
GJ-VER-0014,20.8328845,70.17401206,Gir Somnath,22.2 km seaward operational buffer,2026-08-31T05:45,2.22,240,7.85,1.84,241,6.8,1.3,135,26.6,33.0,254,0.0,True,No hazard,veraval_nodes_REAL_data_20260831_0025.csv
GJ-VER-0015,20.87790246,70.17257226,Gir Somnath,22.2 km seaward operational buffer,2026-08-31T05:45,2.12,240,7.8,1.76,241,6.75,1.4,130,26.2,33.0,254,0.0,True,No hazard,veraval_nodes_REAL_data_20260831_0025.csv
GJ-VER-0016,20.9229201,70.17112863,Gir Somnath,22.2 km seaward operational buffer,2026-08-31T05:45,2.02,239,7.85,1.7,241,6.65,1.0,135,25.9,21.0,258,0.0,True,No hazard,veraval_nodes_REAL_data_20260831_0025.csv
GJ-VER-0017,20.9679374,70.16968116,Gir Somnath,22.2 km seaward operational buffer,2026-08-31T05:45,2.02,239,7.85,1.7,241,6.65,1.0,135,25.9,21.6,257,0.0,True,No hazard,veraval_nodes_REAL_data_20260831_0025.csv
GJ-VER-0018,21.01295437,70.16822986,Gir Somnath,22.2 km seaward operational buffer,2026-08-31T05:45,1.62,236,8.05,1.38,240,6.7,0.6,162,26.2,21.6,257,0.0,True,No hazard,veraval_nodes_REAL_data_20260831_0025.csv
GJ-VER-0019,20.78920817,70.22332115,Gir Somnath,22.2 km seaward operational buffer,2026-08-31T05:45,2.22,240,7.85,1.84,241,6.8,1.3,135,26.6,34.4,253,0.0,True,No hazard,veraval_nodes_REAL_data_20260831_0025.csv
GJ-VER-0020,20.83422964,70.22189929,Gir Somnath,22.2 km seaward operational buffer,2026-08-31T05:45,2.12,240,7.8,1.76,241,6.75,1.4,130,26.2,34.0,255,0.0,True,No hazard,veraval_nodes_REAL_data_20260831_0025.csv
GJ-VER-0021,20.87925078,70.22047364,Gir Somnath,22.2 km seaward operational buffer,2026-08-31T05:45,2.12,240,7.8,1.76,241,6.75,1.4,130,26.2,21.0,258,0.0,True,No hazard,veraval_nodes_REAL_data_20260831_0025.csv
GJ-VER-0022,20.92427159,70.2190442,Gir Somnath,22.2 km seaward operational buffer,2026-08-31T05:45,2.02,239,7.85,1.7,241,6.65,1.0,135,25.9,21.0,258,0.0,True,No hazard,veraval_nodes_REAL_data_20260831_0025.csv
GJ-VER-0023,20.96929207,70.21761096,Gir Somnath,22.2 km seaward operational buffer,2026-08-31T05:45,2.02,239,7.85,1.7,241,6.65,1.0,135,25.9,21.0,258,0.0,True,No hazard,veraval_nodes_REAL_data_20260831_0025.csv
GJ-VER-0024,20.74551194,70.27260204,Gir Somnath,22.2 km seaward operational buffer,2026-08-31T05:45,2.26,243,7.8,1.84,244,6.85,1.2,129,26.5,34.4,253,0.0,True,No hazard,veraval_nodes_REAL_data_20260831_0025.csv
GJ-VER-0025,20.79053688,70.27119804,Gir Somnath,22.2 km seaward operational buffer,2026-08-31T05:45,2.18,240,7.8,1.8,241,6.8,1.2,129,26.1,34.4,253,0.0,True,No hazard,veraval_nodes_REAL_data_20260831_0025.csv
GJ-VER-0026,20.83556148,70.2697903,Gir Somnath,22.2 km seaward operational buffer,2026-08-31T05:45,2.08,240,7.8,1.76,241,6.7,1.0,121,25.7,19.5,259,0.0,True,No hazard,veraval_nodes_REAL_data_20260831_0025.csv
GJ-VER-0027,20.88058576,70.26837881,Gir Somnath,22.2 km seaward operational buffer,2026-08-31T05:45,2.08,240,7.8,1.76,241,6.7,1.0,121,25.7,21.0,258,0.0,True,No hazard,veraval_nodes_REAL_data_20260831_0025.csv
GJ-VER-0028,20.92560971,70.26696356,Gir Somnath,22.2 km seaward operational buffer,2026-08-31T05:45,2.08,240,7.8,1.76,241,6.7,0.6,162,25.7,21.0,258,0.0,True,No hazard,veraval_nodes_REAL_data_20260831_0025.csv
GJ-VER-0029,20.7017959,70.32185479,Gir Somnath,22.2 km seaward operational buffer,2026-08-31T05:45,2.26,243,7.8,1.84,244,6.85,1.2,129,26.5,33.2,251,0.0,True,No hazard,veraval_nodes_REAL_data_20260831_0025.csv
GJ-VER-0030,20.74682427,70.32046858,Gir Somnath,22.2 km seaward operational buffer,2026-08-31T05:45,2.26,243,7.8,1.84,244,6.85,1.2,129,26.5,33.4,254,0.0,True,No hazard,veraval_nodes_REAL_data_20260831_0025.csv
GJ-VER-0031,20.7918523,70.31907867,Gir Somnath,22.2 km seaward operational buffer,2026-08-31T05:45,2.18,240,7.8,1.8,241,6.8,1.2,129,26.1,33.4,254,0.0,True,No hazard,veraval_nodes_REAL_data_20260831_0025.csv
GJ-VER-0032,20.83688002,70.31768506,Gir Somnath,22.2 km seaward operational buffer,2026-08-31T05:45,2.08,240,7.8,1.76,241,6.7,1.0,121,25.7,19.5,259,0.0,True,No hazard,veraval_nodes_REAL_data_20260831_0025.csv
GJ-VER-0033,20.8819074,70.31628773,Gir Somnath,22.2 km seaward operational buffer,2026-08-31T05:45,2.08,240,7.8,1.76,241,6.7,1.0,121,25.7,19.5,259,0.0,True,No hazard,veraval_nodes_REAL_data_20260831_0025.csv
GJ-VER-0034,20.92693447,70.31488669,Gir Somnath,22.2 km seaward operational buffer,2026-08-31T05:45,2.08,240,7.8,1.76,241,6.7,0.6,162,25.7,21.0,258,0.0,True,No hazard,veraval_nodes_REAL_data_20260831_0025.csv
GJ-VER-0035,20.70309191,70.36971098,Gir Somnath,22.2 km seaward operational buffer,2026-08-31T05:45,2.2,243,7.75,1.78,243,6.85,1.2,129,26.2,33.2,251,0.0,True,No hazard,veraval_nodes_REAL_data_20260831_0025.csv
GJ-VER-0036,20.74812334,70.36833883,Gir Somnath,22.2 km seaward operational buffer,2026-08-31T05:45,2.2,243,7.75,1.78,243,6.85,1.2,129,26.2,33.4,254,0.0,True,No hazard,veraval_nodes_REAL_data_20260831_0025.csv
GJ-VER-0037,20.79315445,70.36696301,Gir Somnath,22.2 km seaward operational buffer,2026-08-31T05:45,2.1,240,7.75,1.74,240,6.75,1.2,129,25.8,33.4,254,0.0,True,No hazard,veraval_nodes_REAL_data_20260831_0025.csv
GJ-VER-0038,20.83818524,70.36558353,Gir Somnath,22.2 km seaward operational buffer,2026-08-31T05:45,2.02,240,7.8,1.74,240,6.6,0.9,127,25.6,19.5,259,0.0,True,No hazard,veraval_nodes_REAL_data_20260831_0025.csv
GJ-VER-0039,20.88321571,70.36420037,Gir Somnath,22.2 km seaward operational buffer,2026-08-31T05:45,2.02,240,7.8,1.74,240,6.6,0.9,127,25.6,19.5,259,0.0,True,No hazard,veraval_nodes_REAL_data_20260831_0025.csv
GJ-VER-0040,20.65933989,70.4189253,Gir Somnath,22.2 km seaward operational buffer,2026-08-31T05:45,2.2,244,7.65,1.7,243,6.95,1.0,135,26.3,32.6,251,0.0,True,No hazard,veraval_nodes_REAL_data_20260831_0025.csv
GJ-VER-0041,20.70437469,70.41757083,Gir Somnath,22.2 km seaward operational buffer,2026-08-31T05:45,2.1,242,7.7,1.7,242,6.85,1.2,129,25.8,32.2,252,0.1,True,No hazard,veraval_nodes_REAL_data_20260831_0025.csv
GJ-VER-0042,20.74940916,70.41621274,Gir Somnath,22.2 km seaward operational buffer,2026-08-31T05:45,2.2,243,7.75,1.78,243,6.85,1.2,129,26.2,19.6,259,0.1,True,No hazard,veraval_nodes_REAL_data_20260831_0025.csv
GJ-VER-0043,20.79444332,70.41485102,Gir Somnath,22.2 km seaward operational buffer,2026-08-31T05:45,2.1,240,7.75,1.74,240,6.75,1.2,129,25.8,19.6,259,0.1,True,No hazard,veraval_nodes_REAL_data_20260831_0025.csv
GJ-VER-0044,20.83947715,70.41348568,Gir Somnath,22.2 km seaward operational buffer,2026-08-31T05:45,2.02,240,7.8,1.74,240,6.6,0.9,127,25.6,19.5,259,0.0,True,No hazard,veraval_nodes_REAL_data_20260831_0025.csv
GJ-VER-0045,20.61556832,70.4681116,Gir Somnath,22.2 km seaward operational buffer,2026-08-31T05:45,2.2,244,7.65,1.7,243,6.95,1.0,135,26.3,32.7,251,0.0,True,No hazard,veraval_nodes_REAL_data_20260831_0025.csv
GJ-VER-0046,20.66060644,70.46677474,Gir Somnath,22.2 km seaward operational buffer,2026-08-31T05:45,2.2,244,7.65,1.7,243,6.95,1.0,135,26.3,32.7,251,0.0,True,No hazard,veraval_nodes_REAL_data_20260831_0025.csv
GJ-VER-0047,20.70564424,70.4654343,Gir Somnath,22.2 km seaward operational buffer,2026-08-31T05:45,2.1,242,7.7,1.7,242,6.85,1.2,129,25.8,32.2,252,0.1,True,No hazard,veraval_nodes_REAL_data_20260831_0025.csv
GJ-VER-0048,20.75068172,70.46409028,Gir Somnath,22.2 km seaward operational buffer,2026-08-31T05:45,2.0,240,7.75,1.68,240,6.7,1.0,135,25.3,19.6,259,0.1,True,No hazard,veraval_nodes_REAL_data_20260831_0025.csv
GJ-VER-0049,20.79571889,70.46274267,Gir Somnath,22.2 km seaward operational buffer,2026-08-31T05:45,2.0,240,7.75,1.68,240,6.7,1.0,135,25.3,19.6,259,0.1,True,No hazard,veraval_nodes_REAL_data_20260831_0025.csv
GJ-VER-0050,20.84075574,70.46139146,Gir Somnath,22.2 km seaward operational buffer,2026-08-31T05:45,2.0,240,7.75,1.68,240,6.7,0.7,180,24.9,19.6,259,0.1,True,No hazard,veraval_nodes_REAL_data_20260831_0025.csv
GJ-VER-0051,20.61681869,70.51595063,Gir Somnath,22.2 km seaward operational buffer,2026-08-31T05:45,2.12,243,7.6,1.64,242,6.95,1.0,135,26.0,32.7,251,0.0,True,No hazard,veraval_nodes_REAL_data_20260831_0025.csv
GJ-VER-0052,20.66185978,70.51462777,Gir Somnath,22.2 km seaward operational buffer,2026-08-31T05:45,2.12,243,7.6,1.64,242,6.95,1.0,135,26.0,32.7,251,0.0,True,No hazard,veraval_nodes_REAL_data_20260831_0025.csv
GJ-VER-0053,20.70690056,70.51330136,Gir Somnath,22.2 km seaward operational buffer,2026-08-31T05:45,2.0,241,7.7,1.62,241,6.85,1.2,129,25.5,30.9,253,0.1,True,No hazard,veraval_nodes_REAL_data_20260831_0025.csv
GJ-VER-0054,20.75194103,70.51197141,Gir Somnath,22.2 km seaward operational buffer,2026-08-31T05:45,1.82,239,7.75,1.56,240,6.6,0.6,124,25.2,19.6,259,0.1,True,No hazard,veraval_nodes_REAL_data_20260831_0025.csv
GJ-VER-0055,20.79698117,70.5106379,Gir Somnath,22.2 km seaward operational buffer,2026-08-31T05:45,1.82,239,7.75,1.56,240,6.6,0.6,124,25.2,19.6,259,0.1,True,No hazard,veraval_nodes_REAL_data_20260831_0025.csv
GJ-VER-0056,20.61805589,70.5637932,Gir Somnath,22.2 km seaward operational buffer,2026-08-31T05:45,2.12,243,7.6,1.64,242,6.95,1.0,135,26.0,32.6,253,0.1,True,No hazard,veraval_nodes_REAL_data_20260831_0025.csv
GJ-VER-0057,20.66309993,70.56248433,Gir Somnath,22.2 km seaward operational buffer,2026-08-31T05:45,2.12,243,7.6,1.64,242,6.95,1.0,135,26.0,32.6,253,0.1,True,No hazard,veraval_nodes_REAL_data_20260831_0025.csv
GJ-VER-0058,20.70814365,70.56117196,Gir Somnath,22.2 km seaward operational buffer,2026-08-31T05:45,2.0,241,7.7,1.62,241,6.85,1.2,129,25.5,30.9,253,0.1,True,No hazard,veraval_nodes_REAL_data_20260831_0025.csv
GJ-VER-0059,20.75318706,70.55985608,Gir Somnath,22.2 km seaward operational buffer,2026-08-31T05:45,1.82,239,7.75,1.56,240,6.6,0.6,124,25.2,18.0,259,0.0,True,No hazard,veraval_nodes_REAL_data_20260831_0025.csv
GJ-VER-0060,20.57423265,70.61293066,Gir Somnath,22.2 km seaward operational buffer,2026-08-31T05:45,2.16,245,7.55,1.64,245,6.95,0.9,127,26.3,31.9,254,0.1,True,No hazard,veraval_nodes_REAL_data_20260831_0025.csv
GJ-VER-0061,20.61927992,70.61163926,Gir Somnath,22.2 km seaward operational buffer,2026-08-31T05:45,2.06,242,7.6,1.58,241,6.95,1.2,129,25.6,31.5,255,0.0,True,No hazard,veraval_nodes_REAL_data_20260831_0025.csv
GJ-VER-0062,20.66432687,70.6103444,Gir Somnath,22.2 km seaward operational buffer,2026-08-31T05:45,2.06,242,7.6,1.58,241,6.95,1.2,129,25.6,28.9,255,0.0,True,No hazard,veraval_nodes_REAL_data_20260831_0025.csv
GJ-VER-0063,20.7093735,70.60904607,Gir Somnath,22.2 km seaward operational buffer,2026-08-31T05:45,1.84,240,7.7,1.48,240,6.8,0.9,127,25.1,20.1,258,0.0,True,No hazard,veraval_nodes_REAL_data_20260831_0025.csv
GJ-VER-0064,20.75441983,70.60774428,Gir Somnath,22.2 km seaward operational buffer,2026-08-31T05:45,1.52,238,7.65,1.32,239,6.5,0.5,135,24.8,18.0,259,0.0,True,No hazard,veraval_nodes_REAL_data_20260831_0025.csv
GJ-VER-0065,20.57544062,70.66076621,Gir Somnath,22.2 km seaward operational buffer,2026-08-31T05:45,2.16,245,7.55,1.64,245,6.95,0.9,127,26.3,32.0,255,0.0,True,No hazard,veraval_nodes_REAL_data_20260831_0025.csv
GJ-VER-0066,20.62049076,70.65948879,Gir Somnath,22.2 km seaward operational buffer,2026-08-31T05:45,2.06,242,7.6,1.58,241,6.95,1.2,129,25.6,31.5,255,0.0,True,No hazard,veraval_nodes_REAL_data_20260831_0025.csv
GJ-VER-0067,20.66554059,70.65820794,Gir Somnath,22.2 km seaward operational buffer,2026-08-31T05:45,2.06,242,7.6,1.58,241,6.95,1.2,129,25.6,31.5,255,0.0,True,No hazard,veraval_nodes_REAL_data_20260831_0025.csv
GJ-VER-0068,20.71059011,70.65692366,Gir Somnath,22.2 km seaward operational buffer,2026-08-31T05:45,1.84,240,7.7,1.48,240,6.8,0.9,127,25.1,20.1,258,0.0,True,No hazard,veraval_nodes_REAL_data_20260831_0025.csv
GJ-VER-0069,20.75563932,70.65563594,Gir Somnath,22.2 km seaward operational buffer,2026-08-31T05:45,1.52,238,7.65,1.32,239,6.5,0.5,135,24.8,20.1,258,0.0,True,No hazard,veraval_nodes_REAL_data_20260831_0025.csv
GJ-VER-0070,20.53158213,70.70986525,Gir Somnath,22.2 km seaward operational buffer,2026-08-31T05:45,2.14,244,7.5,1.62,245,7.0,0.9,127,26.1,32.0,254,0.0,True,No hazard,veraval_nodes_REAL_data_20260831_0025.csv
GJ-VER-0071,20.57663543,70.70860519,Gir Somnath,22.2 km seaward operational buffer,2026-08-31T05:45,2.14,244,7.5,1.62,245,7.0,0.9,127,26.1,32.0,255,0.0,True,No hazard,veraval_nodes_REAL_data_20260831_0025.csv
GJ-VER-0072,20.62168842,70.70734174,Gir Somnath,22.2 km seaward operational buffer,2026-08-31T05:45,2.02,241,7.55,1.54,240,6.9,0.8,135,25.4,29.6,257,0.0,True,No hazard,veraval_nodes_REAL_data_20260831_0025.csv
GJ-VER-0073,20.6667411,70.7060749,Gir Somnath,22.2 km seaward operational buffer,2026-08-31T05:45,1.66,237,7.65,1.36,237,6.65,0.4,180,25.1,24.9,257,0.0,True,No hazard,veraval_nodes_REAL_data_20260831_0025.csv
GJ-VER-0074,20.71179348,70.70480468,Gir Somnath,22.2 km seaward operational buffer,2026-08-31T05:45,1.66,237,7.65,1.36,237,6.65,0.4,180,25.1,20.1,258,0.0,True,No hazard,veraval_nodes_REAL_data_20260831_0025.csv
GJ-VER-0075,20.53276097,70.75769366,Gir Somnath,22.2 km seaward operational buffer,2026-08-31T05:45,2.12,244,7.5,1.6,245,7.05,0.9,127,26.1,32.3,256,0.0,True,No hazard,veraval_nodes_REAL_data_20260831_0025.csv
GJ-VER-0076,20.57781709,70.75644754,Gir Somnath,22.2 km seaward operational buffer,2026-08-31T05:45,2.12,244,7.5,1.6,245,7.05,0.9,127,26.1,32.3,256,0.0,True,No hazard,veraval_nodes_REAL_data_20260831_0025.csv
GJ-VER-0077,20.6228729,70.75519808,Gir Somnath,22.2 km seaward operational buffer,2026-08-31T05:45,2.0,241,7.55,1.54,240,6.9,0.8,135,25.3,29.6,257,0.0,True,No hazard,veraval_nodes_REAL_data_20260831_0025.csv
GJ-VER-0078,20.66792839,70.75394526,Gir Somnath,22.2 km seaward operational buffer,2026-08-31T05:45,1.54,237,7.55,1.26,237,6.55,0.4,207,25.0,20.1,258,0.0,True,No hazard,veraval_nodes_REAL_data_20260831_0025.csv
GJ-VER-0079,20.71298359,70.75268909,Gir Somnath,22.2 km seaward operational buffer,2026-08-31T05:45,1.54,237,7.55,1.26,237,6.55,0.4,207,25.0,20.1,258,0.0,True,No hazard,veraval_nodes_REAL_data_20260831_0025.csv
GJ-VER-0080,20.53392669,70.80552542,Gir Somnath,22.2 km seaward operational buffer,2026-08-31T05:45,2.12,244,7.5,1.6,245,7.05,0.9,127,26.1,32.8,255,0.0,True,No hazard,veraval_nodes_REAL_data_20260831_0025.csv
GJ-VER-0081,20.57898558,70.80429325,Gir Somnath,22.2 km seaward operational buffer,2026-08-31T05:45,2.12,244,7.5,1.6,245,7.05,0.9,127,26.1,32.3,256,0.0,True,No hazard,veraval_nodes_REAL_data_20260831_0025.csv
GJ-VER-0082,20.62404418,70.80305777,Gir Somnath,22.2 km seaward operational buffer,2026-08-31T05:45,2.0,241,7.55,1.54,240,6.9,0.8,135,25.3,28.3,258,0.0,True,No hazard,veraval_nodes_REAL_data_20260831_0025.csv
GJ-VER-0083,20.66910246,70.80181898,Gir Somnath,22.2 km seaward operational buffer,2026-08-31T05:45,1.54,237,7.55,1.26,237,6.55,0.4,207,25.0,17.9,258,0.0,True,No hazard,veraval_nodes_REAL_data_20260831_0025.csv
GJ-VER-0084,20.53507927,70.85336048,Gir Somnath,22.2 km seaward operational buffer,2026-08-31T05:45,2.1,244,7.45,1.58,244,7.1,0.8,135,26.0,32.8,257,0.0,True,No hazard,veraval_nodes_REAL_data_20260831_0025.csv
GJ-VER-0085,20.58014092,70.85214226,Gir Somnath,22.2 km seaward operational buffer,2026-08-31T05:45,2.1,244,7.45,1.58,244,7.1,0.8,135,26.0,32.8,257,0.0,True,No hazard,veraval_nodes_REAL_data_20260831_0025.csv
GJ-VER-0086,20.62520226,70.85092077,Gir Somnath,22.2 km seaward operational buffer,2026-08-31T05:45,2.0,240,7.55,1.54,239,6.95,0.6,162,25.2,28.3,258,0.0,True,No hazard,veraval_nodes_REAL_data_20260831_0025.csv
GJ-VER-0087,20.6702633,70.84969601,Gir Somnath,22.2 km seaward operational buffer,2026-08-31T05:45,1.46,233,7.5,1.18,233,6.5,0.7,256,25.1,16.8,257,0.0,True,No hazard,veraval_nodes_REAL_data_20260831_0025.csv
GJ-VER-0088,20.53621871,70.9011988,Gir Somnath,22.2 km seaward operational buffer,2026-08-31T05:45,2.1,244,7.45,1.58,244,7.1,0.8,135,26.0,33.3,255,0.0,True,No hazard,veraval_nodes_REAL_data_20260831_0025.csv
GJ-VER-0089,20.58128308,70.89999455,Gir Somnath,22.2 km seaward operational buffer,2026-08-31T05:45,2.1,244,7.45,1.58,244,7.1,0.8,135,26.0,32.8,257,0.0,True,No hazard,veraval_nodes_REAL_data_20260831_0025.csv
GJ-VER-0090,20.62634715,70.89878705,Gir Somnath,22.2 km seaward operational buffer,2026-08-31T05:45,2.0,240,7.55,1.54,239,6.95,0.6,162,25.2,29.1,259,0.0,True,No hazard,veraval_nodes_REAL_data_20260831_0025.csv
GJ-VER-0091,20.67141091,70.89757632,Gir Somnath,22.2 km seaward operational buffer,2026-08-31T05:45,1.46,233,7.5,1.18,233,6.5,0.7,256,25.1,16.8,257,0.0,True,No hazard,veraval_nodes_REAL_data_20260831_0025.csv
GJ-VER-0092,20.53734501,70.94904036,Gir Somnath,22.2 km seaward operational buffer,2026-08-31T05:45,2.08,244,7.4,1.54,243,7.15,0.8,135,26.0,33.3,258,0.0,True,No hazard,veraval_nodes_REAL_data_20260831_0025.csv
GJ-VER-0093,20.58241207,70.94785006,Gir Somnath,22.2 km seaward operational buffer,2026-08-31T05:45,2.08,244,7.4,1.54,243,7.15,0.8,135,26.0,33.3,258,0.0,True,No hazard,veraval_nodes_REAL_data_20260831_0025.csv
GJ-VER-0094,20.62747883,70.94665657,Gir Somnath,22.2 km seaward operational buffer,2026-08-31T05:45,1.96,240,7.6,1.5,238,7.05,0.4,180,25.2,29.1,259,0.0,True,No hazard,veraval_nodes_REAL_data_20260831_0025.csv
GJ-VER-0095,20.67254529,70.94545987,Gir Somnath,22.2 km seaward operational buffer,2026-08-31T05:45,1.38,231,7.45,1.1,230,6.55,1.5,256,25.3,17.5,256,0.0,True,No hazard,veraval_nodes_REAL_data_20260831_0025.csv
GJ-VER-0096,20.53845817,70.99688511,Gir Somnath,22.2 km seaward operational buffer,2026-08-31T05:45,2.08,244,7.4,1.54,243,7.15,0.8,135,26.0,33.4,259,0.0,True,No hazard,veraval_nodes_REAL_data_20260831_0025.csv
GJ-VER-0097,20.58352789,70.99570878,Gir Somnath,22.2 km seaward operational buffer,2026-08-31T05:45,1.96,240,7.6,1.5,238,7.05,0.4,180,25.2,33.4,259,0.0,True,No hazard,veraval_nodes_REAL_data_20260831_0025.csv
GJ-VER-0098,20.62859731,70.99452929,Gir Somnath,22.2 km seaward operational buffer,2026-08-31T05:45,1.96,240,7.6,1.5,238,7.05,0.4,180,25.2,31.6,260,0.0,True,No hazard,veraval_nodes_REAL_data_20260831_0025.csv
GJ-VER-0099,20.67366643,70.99334663,Gir Somnath,22.2 km seaward operational buffer,2026-08-31T05:45,1.38,231,7.45,1.1,230,6.55,1.5,256,25.3,17.5,256,0.0,True,No hazard,veraval_nodes_REAL_data_20260831_0025.csv
GJ-VER-0100,20.53955818,71.04473301,Gir Somnath,22.2 km seaward operational buffer,2026-08-31T05:45,2.04,244,7.4,1.52,241,7.25,0.8,153,26.0,33.4,259,0.0,True,No hazard,veraval_nodes_REAL_data_20260831_0025.csv
GJ-VER-0101,20.58463052,71.04357065,Gir Somnath,22.2 km seaward operational buffer,2026-08-31T05:45,1.84,240,7.5,1.38,236,7.2,0.5,225,25.3,33.4,259,0.0,True,No hazard,veraval_nodes_REAL_data_20260831_0025.csv
GJ-VER-0102,20.62970257,71.04240517,Gir Somnath,22.2 km seaward operational buffer,2026-08-31T05:45,1.84,240,7.5,1.38,236,7.2,0.5,225,25.3,31.6,260,0.0,True,No hazard,veraval_nodes_REAL_data_20260831_0025.csv
GJ-VER-0103,20.67477432,71.04123656,Gir Somnath,22.2 km seaward operational buffer,2026-08-31T05:45,1.32,231,7.35,1.02,229,6.7,1.5,263,25.6,18.9,256,0.0,True,No hazard,veraval_nodes_REAL_data_20260831_0025.csv
GJ-VER-0104,20.71984577,71.04006482,Gir Somnath,22.2 km seaward operational buffer,2026-08-31T05:45,1.32,231,7.35,1.02,229,6.7,1.5,263,25.6,18.9,256,0.0,True,No hazard,veraval_nodes_REAL_data_20260831_0025.csv
GJ-VER-0105,20.54064504,71.09258403,Gir Somnath,22.2 km seaward operational buffer,2026-08-31T05:45,2.0,244,7.35,1.48,239,7.25,0.7,180,26.0,32.8,259,0.0,True,No hazard,veraval_nodes_REAL_data_20260831_0025.csv
GJ-VER-0106,20.58571998,71.09143565,Gir Somnath,22.2 km seaward operational buffer,2026-08-31T05:45,1.72,240,7.35,1.24,237,7.4,0.6,236,25.5,32.8,259,0.0,True,No hazard,veraval_nodes_REAL_data_20260831_0025.csv
GJ-VER-0107,20.63079462,71.09028418,Gir Somnath,22.2 km seaward operational buffer,2026-08-31T05:45,1.72,240,7.35,1.24,237,7.4,0.6,236,25.5,33.4,261,0.0,True,No hazard,veraval_nodes_REAL_data_20260831_0025.csv
GJ-VER-0108,20.67586897,71.08912962,Gir Somnath,22.2 km seaward operational buffer,2026-08-31T05:45,1.24,233,7.15,0.92,227,7.0,1.1,252,25.7,18.9,256,0.0,True,No hazard,veraval_nodes_REAL_data_20260831_0025.csv
GJ-VER-0109,20.72094302,71.08797196,Gir Somnath,22.2 km seaward operational buffer,2026-08-31T05:45,1.24,233,7.15,0.92,227,7.0,1.1,252,25.7,18.9,256,0.0,True,No hazard,veraval_nodes_REAL_data_20260831_0025.csv
GJ-VER-0110,20.58679624,71.13930373,Gir Somnath,22.2 km seaward operational buffer,2026-08-31T05:45,1.72,240,7.35,1.24,237,7.4,0.6,236,25.5,32.8,259,0.0,True,No hazard,veraval_nodes_REAL_data_20260831_0025.csv
GJ-VER-0111,20.63187345,71.13816627,Gir Somnath,22.2 km seaward operational buffer,2026-08-31T05:45,1.72,240,7.35,1.24,237,7.4,0.6,236,25.5,33.4,261,0.0,True,No hazard,veraval_nodes_REAL_data_20260831_0025.csv
GJ-VER-0112,20.67695037,71.13702577,Gir Somnath,22.2 km seaward operational buffer,2026-08-31T05:45,1.24,233,7.15,0.92,227,7.0,1.1,252,25.7,18.9,256,0.0,True,No hazard,veraval_nodes_REAL_data_20260831_0025.csv
GJ-VER-0113,20.72202699,71.13588221,Gir Somnath,22.2 km seaward operational buffer,2026-08-31T05:45,1.24,233,7.15,0.92,227,7.0,1.1,252,25.7,18.9,256,0.0,True,No hazard,veraval_nodes_REAL_data_20260831_0025.csv
GJ-VER-0114,20.58785932,71.18717485,Gir Somnath,22.2 km seaward operational buffer,2026-08-31T05:45,1.64,240,7.2,1.14,237,7.5,0.9,233,25.7,31.3,258,0.1,True,No hazard,veraval_nodes_REAL_data_20260831_0025.csv
GJ-VER-0115,20.63293906,71.18605142,Gir Somnath,22.2 km seaward operational buffer,2026-08-31T05:45,1.64,240,7.2,1.14,237,7.5,0.9,233,25.7,33.6,260,0.0,True,No hazard,veraval_nodes_REAL_data_20260831_0025.csv
GJ-VER-0116,20.67801851,71.18492497,Gir Somnath,22.2 km seaward operational buffer,2026-08-31T05:45,1.18,234,6.85,0.84,226,7.15,1.2,243,25.8,18.9,256,0.0,True,No hazard,veraval_nodes_REAL_data_20260831_0025.csv
GJ-VER-0117,20.72309767,71.1837955,Gir Somnath,22.2 km seaward operational buffer,2026-08-31T05:45,1.18,234,6.85,0.84,226,7.15,1.2,243,25.8,18.9,256,0.0,True,No hazard,veraval_nodes_REAL_data_20260831_0025.csv
GJ-VER-0118,20.76817653,71.18266302,Gir Somnath,22.2 km seaward operational buffer,2026-08-31T05:45,0.82,226,6.15,0.56,215,5.9,1.5,249,26.4,16.5,252,0.0,True,No hazard,veraval_nodes_REAL_data_20260831_0025.csv
GJ-VER-0119,20.5889092,71.23504899,Gir Somnath,22.2 km seaward operational buffer,2026-08-31T05:45,1.64,240,7.2,1.14,237,7.5,0.9,233,25.7,31.3,258,0.1,True,No hazard,veraval_nodes_REAL_data_20260831_0025.csv
GJ-VER-0120,20.63399145,71.23393958,Gir Somnath,22.2 km seaward operational buffer,2026-08-31T05:45,1.64,240,7.2,1.14,237,7.5,0.9,233,25.7,33.6,260,0.0,True,No hazard,veraval_nodes_REAL_data_20260831_0025.csv
GJ-VER-0121,20.6790734,71.23282719,Gir Somnath,22.2 km seaward operational buffer,2026-08-31T05:45,1.18,234,6.85,0.84,226,7.15,1.2,243,25.8,33.2,260,0.0,True,No hazard,veraval_nodes_REAL_data_20260831_0025.csv
GJ-VER-0122,20.72415507,71.23171182,Gir Somnath,22.2 km seaward operational buffer,2026-08-31T05:45,1.18,234,6.85,0.84,226,7.15,1.2,243,25.8,33.2,260,0.0,True,No hazard,veraval_nodes_REAL_data_20260831_0025.csv
GJ-VER-0123,20.76923643,71.23059347,Gir Somnath,22.2 km seaward operational buffer,2026-08-31T05:45,0.82,226,6.15,0.56,215,5.9,1.5,249,26.4,18.5,255,0.0,True,No hazard,veraval_nodes_REAL_data_20260831_0025.csv
GJ-VER-0124,20.63503061,71.28183071,Gir Somnath,22.2 km seaward operational buffer,2026-08-31T05:45,1.58,240,7.05,1.06,237,7.45,1.2,231,26.0,33.4,259,0.0,True,No hazard,veraval_nodes_REAL_data_20260831_0025.csv
GJ-VER-0125,20.68011503,71.28073239,Gir Somnath,22.2 km seaward operational buffer,2026-08-31T05:45,1.16,234,6.55,0.74,226,7.3,1.3,236,26.0,33.2,260,0.0,True,No hazard,veraval_nodes_REAL_data_20260831_0025.csv
GJ-VER-0126,20.72519917,71.27963113,Gir Somnath,22.2 km seaward operational buffer,2026-08-31T05:45,1.16,234,6.55,0.74,226,7.3,1.3,236,26.0,33.2,260,0.0,True,No hazard,veraval_nodes_REAL_data_20260831_0025.csv
GJ-VER-0127,20.77028301,71.27852692,Gir Somnath,22.2 km seaward operational buffer,2026-08-31T05:45,0.86,226,5.95,0.52,215,6.1,1.5,234,26.5,18.5,255,0.0,True,No hazard,veraval_nodes_REAL_data_20260831_0025.csv
GJ-VER-0128,20.81536657,71.27741976,Gir Somnath,22.2 km seaward operational buffer,2026-08-31T05:45,0.86,226,5.95,0.52,215,6.1,1.5,234,26.5,18.5,255,0.0,True,No hazard,veraval_nodes_REAL_data_20260831_0025.csv
GJ-VER-0129,20.63605653,71.32972479,Gir Somnath,22.2 km seaward operational buffer,2026-08-31T05:45,1.58,240,7.05,1.06,237,7.45,1.2,231,26.0,33.4,259,0.0,True,No hazard,veraval_nodes_REAL_data_20260831_0025.csv
GJ-VER-0130,20.6811434,71.32864054,Gir Somnath,22.2 km seaward operational buffer,2026-08-31T05:45,1.16,234,6.55,0.74,226,7.3,1.3,236,26.0,35.4,259,0.0,True,No hazard,veraval_nodes_REAL_data_20260831_0025.csv
GJ-VER-0131,20.72622998,71.32755338,Gir Somnath,22.2 km seaward operational buffer,2026-08-31T05:45,1.16,234,6.55,0.74,226,7.3,1.3,236,26.0,35.4,259,0.0,True,No hazard,veraval_nodes_REAL_data_20260831_0025.csv
GJ-VER-0132,20.77131627,71.32646331,Gir Somnath,22.2 km seaward operational buffer,2026-08-31T05:45,0.86,226,5.95,0.52,215,6.1,1.5,234,26.5,18.5,255,0.0,True,No hazard,veraval_nodes_REAL_data_20260831_0025.csv
GJ-VER-0133,20.81640226,71.32537034,Gir Somnath,22.2 km seaward operational buffer,2026-08-31T05:45,0.86,226,5.95,0.52,215,6.1,1.5,234,26.5,18.5,255,0.0,True,No hazard,veraval_nodes_REAL_data_20260831_0025.csv
GJ-VER-0134,20.6821585,71.37655158,Gir Somnath,22.2 km seaward operational buffer,2026-08-31T05:45,1.24,235,6.4,0.72,230,7.45,1.5,234,26.2,35.4,259,0.0,True,No hazard,veraval_nodes_REAL_data_20260831_0025.csv
GJ-VER-0135,20.72724749,71.37547854,Gir Somnath,22.2 km seaward operational buffer,2026-08-31T05:45,1.24,235,6.4,0.72,230,7.45,1.5,234,26.2,35.4,259,0.0,True,No hazard,veraval_nodes_REAL_data_20260831_0025.csv
GJ-VER-0136,20.77233619,71.37440262,Gir Somnath,22.2 km seaward operational buffer,2026-08-31T05:45,0.94,229,5.85,0.52,216,6.65,1.7,238,26.6,31.7,260,0.0,True,No hazard,veraval_nodes_REAL_data_20260831_0025.csv
GJ-VER-0137,20.8174246,71.37332383,Gir Somnath,22.2 km seaward operational buffer,2026-08-31T05:45,0.94,229,5.85,0.52,216,6.65,1.7,238,26.6,16.9,253,0.0,True,No hazard,veraval_nodes_REAL_data_20260831_0025.csv
GJ-VER-0138,20.77334278,71.4223448,Gir Somnath,22.2 km seaward operational buffer,2026-08-31T05:45,1.1,230,5.95,0.56,223,7.15,1.6,243,26.6,34.1,259,0.0,True,No hazard,veraval_nodes_REAL_data_20260831_0025.csv
GJ-VER-0139,20.81843357,71.4212802,Gir Somnath,22.2 km seaward operational buffer,2026-08-31T05:45,1.1,230,5.95,0.56,223,7.15,1.6,243,26.6,16.9,253,0.0,True,No hazard,veraval_nodes_REAL_data_20260831_0025.csv
GJ-VER-0140,20.86352407,71.42021276,Gir Somnath,22.2 km seaward operational buffer,2026-08-31T05:45,0.78,230,5.5,0.4,223,6.7,1.9,248,27.5,16.9,253,0.0,True,No hazard,veraval_nodes_REAL_data_20260831_0025.csv
GJ-VER-0001,20.87516585,70.07678103,Gir Somnath,22.2 km seaward operational buffer,2026-08-31T03:15,2.28,243,7.9,1.8,243,7.15,1.7,139,26.9,32.6,252,0.0,True,No hazard,veraval_nodes_REAL_data_20260830_2153.csv
GJ-VER-0002,20.92017704,70.07530903,Gir Somnath,22.2 km seaward operational buffer,2026-08-31T03:15,2.16,244,7.95,1.76,245,7.15,1.8,135,26.5,32.4,252,0.0,True,No hazard,veraval_nodes_REAL_data_20260830_2153.csv
GJ-VER-0003,20.9651879,70.07383312,Gir Somnath,22.2 km seaward operational buffer,2026-08-31T03:15,2.16,244,7.95,1.76,245,7.15,1.8,135,26.5,20.6,252,0.0,True,No hazard,veraval_nodes_REAL_data_20260830_2153.csv
GJ-VER-0004,21.01019843,70.0723533,Gir Somnath,22.2 km seaward operational buffer,2026-08-31T03:15,1.74,244,8.25,1.5,245,7.25,1.7,139,26.2,20.6,252,0.0,True,No hazard,veraval_nodes_REAL_data_20260830_2153.csv
GJ-VER-0005,21.05520861,70.07086956,Gir Somnath,22.2 km seaward operational buffer,2026-08-31T03:15,1.74,244,8.25,1.5,245,7.25,1.7,139,26.2,20.6,252,0.0,True,No hazard,veraval_nodes_REAL_data_20260830_2153.csv
GJ-VER-0006,21.10021846,70.06938189,Gir Somnath,22.2 km seaward operational buffer,2026-08-31T03:15,1.5,245,8.15,1.34,246,7.15,1.5,135,26.0,18.7,251,0.0,True,No hazard,veraval_nodes_REAL_data_20260830_2153.csv
GJ-VER-0007,20.83152605,70.12612866,Gir Somnath,22.2 km seaward operational buffer,2026-08-31T03:15,2.4,242,7.95,1.92,241,7.15,1.9,131,27.0,32.3,253,0.0,True,No hazard,veraval_nodes_REAL_data_20260830_2153.csv
GJ-VER-0008,20.87654082,70.12467471,Gir Somnath,22.2 km seaward operational buffer,2026-08-31T03:15,2.28,242,7.9,1.82,241,7.05,1.8,135,26.7,32.3,253,0.0,True,No hazard,veraval_nodes_REAL_data_20260830_2153.csv
GJ-VER-0009,20.92155525,70.12321689,Gir Somnath,22.2 km seaward operational buffer,2026-08-31T03:15,2.12,242,8.0,1.74,242,7.05,1.9,139,26.3,31.1,253,0.0,True,No hazard,veraval_nodes_REAL_data_20260830_2153.csv
GJ-VER-0010,20.96656935,70.1217552,Gir Somnath,22.2 km seaward operational buffer,2026-08-31T03:15,2.12,242,8.0,1.74,242,7.05,1.9,139,26.3,20.6,252,0.0,True,No hazard,veraval_nodes_REAL_data_20260830_2153.csv
GJ-VER-0011,21.01158311,70.12028964,Gir Somnath,22.2 km seaward operational buffer,2026-08-31T03:15,1.68,237,8.25,1.46,239,7.0,1.7,139,26.1,20.6,252,0.0,True,No hazard,veraval_nodes_REAL_data_20260830_2153.csv
GJ-VER-0012,21.05659653,70.11882019,Gir Somnath,22.2 km seaward operational buffer,2026-08-31T03:15,1.68,237,8.25,1.46,239,7.0,1.7,139,26.1,20.6,252,0.0,True,No hazard,veraval_nodes_REAL_data_20260830_2153.csv
GJ-VER-0013,20.7878662,70.17544804,Gir Somnath,22.2 km seaward operational buffer,2026-08-31T03:15,2.38,241,7.9,1.88,239,7.15,2.1,128,26.7,32.4,253,0.0,True,No hazard,veraval_nodes_REAL_data_20260830_2153.csv
GJ-VER-0014,20.8328845,70.17401206,Gir Somnath,22.2 km seaward operational buffer,2026-08-31T03:15,2.38,241,7.9,1.88,239,7.15,2.1,128,26.7,32.3,253,0.0,True,No hazard,veraval_nodes_REAL_data_20260830_2153.csv
GJ-VER-0015,20.87790246,70.17257226,Gir Somnath,22.2 km seaward operational buffer,2026-08-31T03:15,2.28,241,7.9,1.84,239,7.05,1.9,131,26.2,32.3,253,0.0,True,No hazard,veraval_nodes_REAL_data_20260830_2153.csv
GJ-VER-0016,20.9229201,70.17112863,Gir Somnath,22.2 km seaward operational buffer,2026-08-31T03:15,2.12,240,8.0,1.8,240,6.9,1.7,131,26.0,20.7,253,0.0,True,No hazard,veraval_nodes_REAL_data_20260830_2153.csv
GJ-VER-0017,20.9679374,70.16968116,Gir Somnath,22.2 km seaward operational buffer,2026-08-31T03:15,2.12,240,8.0,1.8,240,6.9,1.7,131,26.0,20.6,252,0.0,True,No hazard,veraval_nodes_REAL_data_20260830_2153.csv
GJ-VER-0018,21.01295437,70.16822986,Gir Somnath,22.2 km seaward operational buffer,2026-08-31T03:15,1.68,237,8.25,1.46,239,7.0,1.2,141,26.3,20.6,252,0.0,True,No hazard,veraval_nodes_REAL_data_20260830_2153.csv
GJ-VER-0019,20.78920817,70.22332115,Gir Somnath,22.2 km seaward operational buffer,2026-08-31T03:15,2.38,241,7.9,1.88,239,7.15,2.1,128,26.7,33.4,255,0.0,True,No hazard,veraval_nodes_REAL_data_20260830_2153.csv
GJ-VER-0020,20.83422964,70.22189929,Gir Somnath,22.2 km seaward operational buffer,2026-08-31T03:15,2.28,241,7.9,1.84,239,7.05,1.9,131,26.2,32.2,255,0.0,True,No hazard,veraval_nodes_REAL_data_20260830_2153.csv
GJ-VER-0021,20.87925078,70.22047364,Gir Somnath,22.2 km seaward operational buffer,2026-08-31T03:15,2.28,241,7.9,1.84,239,7.05,1.9,131,26.2,20.7,253,0.0,True,No hazard,veraval_nodes_REAL_data_20260830_2153.csv
GJ-VER-0022,20.92427159,70.2190442,Gir Somnath,22.2 km seaward operational buffer,2026-08-31T03:15,2.12,240,8.0,1.8,240,6.9,1.7,131,26.0,20.7,253,0.0,True,No hazard,veraval_nodes_REAL_data_20260830_2153.csv
GJ-VER-0023,20.96929207,70.21761096,Gir Somnath,22.2 km seaward operational buffer,2026-08-31T03:15,2.12,240,8.0,1.8,240,6.9,1.7,131,26.0,20.7,253,0.0,True,No hazard,veraval_nodes_REAL_data_20260830_2153.csv
GJ-VER-0024,20.74551194,70.27260204,Gir Somnath,22.2 km seaward operational buffer,2026-08-31T03:15,2.44,244,7.9,1.92,242,7.15,1.9,124,26.6,33.4,255,0.0,True,No hazard,veraval_nodes_REAL_data_20260830_2153.csv
GJ-VER-0025,20.79053688,70.27119804,Gir Somnath,22.2 km seaward operational buffer,2026-08-31T03:15,2.34,241,7.9,1.86,239,7.1,2.1,121,26.1,33.4,255,0.0,True,No hazard,veraval_nodes_REAL_data_20260830_2153.csv
GJ-VER-0026,20.83556148,70.2697903,Gir Somnath,22.2 km seaward operational buffer,2026-08-31T03:15,2.24,241,7.9,1.84,239,7.0,1.9,124,25.8,20.5,257,0.0,True,No hazard,veraval_nodes_REAL_data_20260830_2153.csv
GJ-VER-0027,20.88058576,70.26837881,Gir Somnath,22.2 km seaward operational buffer,2026-08-31T03:15,2.24,241,7.9,1.84,239,7.0,1.9,124,25.8,20.7,253,0.0,True,No hazard,veraval_nodes_REAL_data_20260830_2153.csv
GJ-VER-0028,20.92560971,70.26696356,Gir Somnath,22.2 km seaward operational buffer,2026-08-31T03:15,2.24,241,7.9,1.84,239,7.0,1.2,141,25.7,20.7,253,0.0,True,No hazard,veraval_nodes_REAL_data_20260830_2153.csv
GJ-VER-0029,20.7017959,70.32185479,Gir Somnath,22.2 km seaward operational buffer,2026-08-31T03:15,2.44,244,7.9,1.92,242,7.15,1.9,124,26.6,32.3,255,0.0,True,No hazard,veraval_nodes_REAL_data_20260830_2153.csv
GJ-VER-0030,20.74682427,70.32046858,Gir Somnath,22.2 km seaward operational buffer,2026-08-31T03:15,2.44,244,7.9,1.92,242,7.15,1.9,124,26.6,32.2,256,0.0,True,No hazard,veraval_nodes_REAL_data_20260830_2153.csv
GJ-VER-0031,20.7918523,70.31907867,Gir Somnath,22.2 km seaward operational buffer,2026-08-31T03:15,2.34,241,7.9,1.86,239,7.1,2.1,121,26.1,32.2,256,0.0,True,No hazard,veraval_nodes_REAL_data_20260830_2153.csv
GJ-VER-0032,20.83688002,70.31768506,Gir Somnath,22.2 km seaward operational buffer,2026-08-31T03:15,2.24,241,7.9,1.84,239,7.0,1.9,124,25.8,20.5,257,0.0,True,No hazard,veraval_nodes_REAL_data_20260830_2153.csv
GJ-VER-0033,20.8819074,70.31628773,Gir Somnath,22.2 km seaward operational buffer,2026-08-31T03:15,2.24,241,7.9,1.84,239,7.0,1.9,124,25.8,20.5,257,0.0,True,No hazard,veraval_nodes_REAL_data_20260830_2153.csv
GJ-VER-0034,20.92693447,70.31488669,Gir Somnath,22.2 km seaward operational buffer,2026-08-31T03:15,2.24,241,7.9,1.84,239,7.0,1.2,141,25.7,20.7,253,0.0,True,No hazard,veraval_nodes_REAL_data_20260830_2153.csv
GJ-VER-0035,20.70309191,70.36971098,Gir Somnath,22.2 km seaward operational buffer,2026-08-31T03:15,2.36,243,7.85,1.86,242,7.15,2.2,125,26.3,32.3,255,0.0,True,No hazard,veraval_nodes_REAL_data_20260830_2153.csv
GJ-VER-0036,20.74812334,70.36833883,Gir Somnath,22.2 km seaward operational buffer,2026-08-31T03:15,2.36,243,7.85,1.86,242,7.15,2.2,125,26.3,32.2,256,0.0,True,No hazard,veraval_nodes_REAL_data_20260830_2153.csv
GJ-VER-0037,20.79315445,70.36696301,Gir Somnath,22.2 km seaward operational buffer,2026-08-31T03:15,2.26,241,7.85,1.82,238,7.1,2.1,121,25.9,32.2,256,0.0,True,No hazard,veraval_nodes_REAL_data_20260830_2153.csv
GJ-VER-0038,20.83818524,70.36558353,Gir Somnath,22.2 km seaward operational buffer,2026-08-31T03:15,2.14,241,7.9,1.84,238,6.95,1.7,131,25.7,20.5,257,0.0,True,No hazard,veraval_nodes_REAL_data_20260830_2153.csv
GJ-VER-0039,20.88321571,70.36420037,Gir Somnath,22.2 km seaward operational buffer,2026-08-31T03:15,2.14,241,7.9,1.84,238,6.95,1.7,131,25.7,20.5,257,0.0,True,No hazard,veraval_nodes_REAL_data_20260830_2153.csv
GJ-VER-0040,20.65933989,70.4189253,Gir Somnath,22.2 km seaward operational buffer,2026-08-31T03:15,2.36,245,7.8,1.86,244,7.15,2.1,121,26.3,31.8,253,0.0,True,No hazard,veraval_nodes_REAL_data_20260830_2153.csv
GJ-VER-0041,20.70437469,70.41757083,Gir Somnath,22.2 km seaward operational buffer,2026-08-31T03:15,2.28,243,7.8,1.8,241,7.1,2.2,125,25.8,31.4,255,0.0,True,No hazard,veraval_nodes_REAL_data_20260830_2153.csv
GJ-VER-0042,20.74940916,70.41621274,Gir Somnath,22.2 km seaward operational buffer,2026-08-31T03:15,2.36,243,7.85,1.86,242,7.15,2.2,125,26.3,20.7,257,0.0,True,No hazard,veraval_nodes_REAL_data_20260830_2153.csv
GJ-VER-0043,20.79444332,70.41485102,Gir Somnath,22.2 km seaward operational buffer,2026-08-31T03:15,2.26,241,7.85,1.82,238,7.1,2.1,121,25.9,20.7,257,0.0,True,No hazard,veraval_nodes_REAL_data_20260830_2153.csv
GJ-VER-0044,20.83947715,70.41348568,Gir Somnath,22.2 km seaward operational buffer,2026-08-31T03:15,2.14,241,7.9,1.84,238,6.95,1.7,131,25.7,20.5,257,0.0,True,No hazard,veraval_nodes_REAL_data_20260830_2153.csv
GJ-VER-0045,20.61556832,70.4681116,Gir Somnath,22.2 km seaward operational buffer,2026-08-31T03:15,2.36,245,7.8,1.86,244,7.15,2.1,121,26.3,31.7,253,0.0,True,No hazard,veraval_nodes_REAL_data_20260830_2153.csv
GJ-VER-0046,20.66060644,70.46677474,Gir Somnath,22.2 km seaward operational buffer,2026-08-31T03:15,2.36,245,7.8,1.86,244,7.15,2.1,121,26.3,31.7,253,0.0,True,No hazard,veraval_nodes_REAL_data_20260830_2153.csv
GJ-VER-0047,20.70564424,70.4654343,Gir Somnath,22.2 km seaward operational buffer,2026-08-31T03:15,2.28,243,7.8,1.8,241,7.1,2.2,125,25.8,31.4,255,0.0,True,No hazard,veraval_nodes_REAL_data_20260830_2153.csv
GJ-VER-0048,20.75068172,70.46409028,Gir Somnath,22.2 km seaward operational buffer,2026-08-31T03:15,2.14,240,7.9,1.78,239,7.05,1.9,124,25.3,20.7,257,0.0,True,No hazard,veraval_nodes_REAL_data_20260830_2153.csv
GJ-VER-0049,20.79571889,70.46274267,Gir Somnath,22.2 km seaward operational buffer,2026-08-31T03:15,2.14,240,7.9,1.78,239,7.05,1.9,124,25.3,20.7,257,0.0,True,No hazard,veraval_nodes_REAL_data_20260830_2153.csv
GJ-VER-0050,20.84075574,70.46139146,Gir Somnath,22.2 km seaward operational buffer,2026-08-31T03:15,2.14,240,7.9,1.78,239,7.05,1.4,140,25.0,20.7,257,0.0,True,No hazard,veraval_nodes_REAL_data_20260830_2153.csv
GJ-VER-0051,20.61681869,70.51595063,Gir Somnath,22.2 km seaward operational buffer,2026-08-31T03:15,2.28,244,7.75,1.78,242,7.1,2.1,121,26.0,31.7,253,0.0,True,No hazard,veraval_nodes_REAL_data_20260830_2153.csv
GJ-VER-0052,20.66185978,70.51462777,Gir Somnath,22.2 km seaward operational buffer,2026-08-31T03:15,2.28,244,7.75,1.78,242,7.1,2.1,121,26.0,31.7,253,0.0,True,No hazard,veraval_nodes_REAL_data_20260830_2153.csv
GJ-VER-0053,20.70690056,70.51330136,Gir Somnath,22.2 km seaward operational buffer,2026-08-31T03:15,2.14,242,7.85,1.74,241,7.1,2.3,119,25.5,31.0,255,0.0,True,No hazard,veraval_nodes_REAL_data_20260830_2153.csv
GJ-VER-0054,20.75194103,70.51197141,Gir Somnath,22.2 km seaward operational buffer,2026-08-31T03:15,1.96,240,7.9,1.66,240,6.95,1.9,119,25.3,20.7,257,0.0,True,No hazard,veraval_nodes_REAL_data_20260830_2153.csv
GJ-VER-0055,20.79698117,70.5106379,Gir Somnath,22.2 km seaward operational buffer,2026-08-31T03:15,1.96,240,7.9,1.66,240,6.95,1.9,119,25.3,20.7,257,0.0,True,No hazard,veraval_nodes_REAL_data_20260830_2153.csv
GJ-VER-0056,20.61805589,70.5637932,Gir Somnath,22.2 km seaward operational buffer,2026-08-31T03:15,2.28,244,7.75,1.78,242,7.1,2.1,121,26.0,32.7,253,0.0,True,No hazard,veraval_nodes_REAL_data_20260830_2153.csv
GJ-VER-0057,20.66309993,70.56248433,Gir Somnath,22.2 km seaward operational buffer,2026-08-31T03:15,2.28,244,7.75,1.78,242,7.1,2.1,121,26.0,32.7,253,0.0,True,No hazard,veraval_nodes_REAL_data_20260830_2153.csv
GJ-VER-0058,20.70814365,70.56117196,Gir Somnath,22.2 km seaward operational buffer,2026-08-31T03:15,2.14,242,7.85,1.74,241,7.1,2.3,119,25.5,31.0,255,0.0,True,No hazard,veraval_nodes_REAL_data_20260830_2153.csv
GJ-VER-0059,20.75318706,70.55985608,Gir Somnath,22.2 km seaward operational buffer,2026-08-31T03:15,1.96,240,7.9,1.66,240,6.95,1.9,119,25.3,18.8,255,0.0,True,No hazard,veraval_nodes_REAL_data_20260830_2153.csv
GJ-VER-0060,20.57423265,70.61293066,Gir Somnath,22.2 km seaward operational buffer,2026-08-31T03:15,2.3,245,7.7,1.82,244,7.1,2.1,110,26.4,32.2,253,0.0,True,No hazard,veraval_nodes_REAL_data_20260830_2153.csv
GJ-VER-0061,20.61927992,70.61163926,Gir Somnath,22.2 km seaward operational buffer,2026-08-31T03:15,2.2,243,7.7,1.7,240,7.15,2.2,114,25.7,32.5,255,0.0,True,No hazard,veraval_nodes_REAL_data_20260830_2153.csv
GJ-VER-0062,20.66432687,70.6103444,Gir Somnath,22.2 km seaward operational buffer,2026-08-31T03:15,2.2,243,7.7,1.7,240,7.15,2.2,114,25.7,29.6,256,0.0,True,No hazard,veraval_nodes_REAL_data_20260830_2153.csv
GJ-VER-0063,20.7093735,70.60904607,Gir Somnath,22.2 km seaward operational buffer,2026-08-31T03:15,1.96,240,7.85,1.58,240,7.05,2.0,117,25.1,20.3,256,0.0,True,No hazard,veraval_nodes_REAL_data_20260830_2153.csv
GJ-VER-0064,20.75441983,70.60774428,Gir Somnath,22.2 km seaward operational buffer,2026-08-31T03:15,1.62,239,7.85,1.4,239,6.85,1.6,117,24.9,18.8,255,0.0,True,No hazard,veraval_nodes_REAL_data_20260830_2153.csv
GJ-VER-0065,20.57544062,70.66076621,Gir Somnath,22.2 km seaward operational buffer,2026-08-31T03:15,2.3,245,7.7,1.82,244,7.1,2.1,110,26.4,32.8,254,0.0,True,No hazard,veraval_nodes_REAL_data_20260830_2153.csv
GJ-VER-0066,20.62049076,70.65948879,Gir Somnath,22.2 km seaward operational buffer,2026-08-31T03:15,2.2,243,7.7,1.7,240,7.15,2.2,114,25.7,32.5,255,0.0,True,No hazard,veraval_nodes_REAL_data_20260830_2153.csv
GJ-VER-0067,20.66554059,70.65820794,Gir Somnath,22.2 km seaward operational buffer,2026-08-31T03:15,2.2,243,7.7,1.7,240,7.15,2.2,114,25.7,32.5,255,0.0,True,No hazard,veraval_nodes_REAL_data_20260830_2153.csv
GJ-VER-0068,20.71059011,70.65692366,Gir Somnath,22.2 km seaward operational buffer,2026-08-31T03:15,1.96,240,7.85,1.58,240,7.05,2.0,117,25.1,20.3,256,0.0,True,No hazard,veraval_nodes_REAL_data_20260830_2153.csv
GJ-VER-0069,20.75563932,70.65563594,Gir Somnath,22.2 km seaward operational buffer,2026-08-31T03:15,1.62,239,7.85,1.4,239,6.85,1.6,117,24.9,20.3,256,0.0,True,No hazard,veraval_nodes_REAL_data_20260830_2153.csv
GJ-VER-0070,20.53158213,70.70986525,Gir Somnath,22.2 km seaward operational buffer,2026-08-31T03:15,2.28,245,7.65,1.8,243,7.1,2.2,104,26.2,32.8,254,0.0,True,No hazard,veraval_nodes_REAL_data_20260830_2153.csv
GJ-VER-0071,20.57663543,70.70860519,Gir Somnath,22.2 km seaward operational buffer,2026-08-31T03:15,2.28,245,7.65,1.8,243,7.1,2.2,104,26.2,32.8,254,0.0,True,No hazard,veraval_nodes_REAL_data_20260830_2153.csv
GJ-VER-0072,20.62168842,70.70734174,Gir Somnath,22.2 km seaward operational buffer,2026-08-31T03:15,2.12,242,7.65,1.68,239,7.1,2.5,111,25.5,29.9,256,0.1,True,No hazard,veraval_nodes_REAL_data_20260830_2153.csv
GJ-VER-0073,20.6667411,70.7060749,Gir Somnath,22.2 km seaward operational buffer,2026-08-31T03:15,1.78,238,7.75,1.44,237,6.9,2.0,117,25.1,25.2,256,0.0,True,No hazard,veraval_nodes_REAL_data_20260830_2153.csv
GJ-VER-0074,20.71179348,70.70480468,Gir Somnath,22.2 km seaward operational buffer,2026-08-31T03:15,1.78,238,7.75,1.44,237,6.9,2.0,117,25.1,20.3,256,0.0,True,No hazard,veraval_nodes_REAL_data_20260830_2153.csv
GJ-VER-0075,20.53276097,70.75769366,Gir Somnath,22.2 km seaward operational buffer,2026-08-31T03:15,2.28,245,7.6,1.78,243,7.15,2.4,103,26.2,32.2,255,0.1,True,No hazard,veraval_nodes_REAL_data_20260830_2153.csv
GJ-VER-0076,20.57781709,70.75644754,Gir Somnath,22.2 km seaward operational buffer,2026-08-31T03:15,2.28,245,7.6,1.78,243,7.15,2.4,103,26.2,32.2,255,0.1,True,No hazard,veraval_nodes_REAL_data_20260830_2153.csv
GJ-VER-0077,20.6228729,70.75519808,Gir Somnath,22.2 km seaward operational buffer,2026-08-31T03:15,2.1,242,7.65,1.68,239,7.05,2.4,103,25.4,29.9,256,0.1,True,No hazard,veraval_nodes_REAL_data_20260830_2153.csv
GJ-VER-0078,20.66792839,70.75394526,Gir Somnath,22.2 km seaward operational buffer,2026-08-31T03:15,1.64,238,7.65,1.36,237,6.75,1.5,111,25.0,20.3,256,0.0,True,No hazard,veraval_nodes_REAL_data_20260830_2153.csv
GJ-VER-0079,20.71298359,70.75268909,Gir Somnath,22.2 km seaward operational buffer,2026-08-31T03:15,1.64,238,7.65,1.36,237,6.75,1.5,111,25.0,20.3,256,0.0,True,No hazard,veraval_nodes_REAL_data_20260830_2153.csv
GJ-VER-0080,20.53392669,70.80552542,Gir Somnath,22.2 km seaward operational buffer,2026-08-31T03:15,2.28,245,7.6,1.78,243,7.15,2.4,103,26.2,32.9,254,0.0,True,No hazard,veraval_nodes_REAL_data_20260830_2153.csv
GJ-VER-0081,20.57898558,70.80429325,Gir Somnath,22.2 km seaward operational buffer,2026-08-31T03:15,2.28,245,7.6,1.78,243,7.15,2.4,103,26.2,32.2,255,0.1,True,No hazard,veraval_nodes_REAL_data_20260830_2153.csv
GJ-VER-0082,20.62404418,70.80305777,Gir Somnath,22.2 km seaward operational buffer,2026-08-31T03:15,2.1,242,7.65,1.68,239,7.05,2.4,103,25.4,27.7,257,0.0,True,No hazard,veraval_nodes_REAL_data_20260830_2153.csv
GJ-VER-0083,20.66910246,70.80181898,Gir Somnath,22.2 km seaward operational buffer,2026-08-31T03:15,1.64,238,7.65,1.36,237,6.75,1.5,111,25.0,17.7,255,0.0,True,No hazard,veraval_nodes_REAL_data_20260830_2153.csv
GJ-VER-0084,20.53507927,70.85336048,Gir Somnath,22.2 km seaward operational buffer,2026-08-31T03:15,2.26,245,7.6,1.76,241,7.25,2.5,98,26.1,31.9,256,0.0,True,No hazard,veraval_nodes_REAL_data_20260830_2153.csv
GJ-VER-0085,20.58014092,70.85214226,Gir Somnath,22.2 km seaward operational buffer,2026-08-31T03:15,2.26,245,7.6,1.76,241,7.25,2.5,98,26.1,31.9,256,0.0,True,No hazard,veraval_nodes_REAL_data_20260830_2153.csv
GJ-VER-0086,20.62520226,70.85092077,Gir Somnath,22.2 km seaward operational buffer,2026-08-31T03:15,2.1,241,7.7,1.7,238,7.1,2.5,98,25.3,27.7,257,0.0,True,No hazard,veraval_nodes_REAL_data_20260830_2153.csv
GJ-VER-0087,20.6702633,70.84969601,Gir Somnath,22.2 km seaward operational buffer,2026-08-31T03:15,1.54,234,7.6,1.28,234,6.7,1.3,98,25.1,16.6,255,0.0,True,No hazard,veraval_nodes_REAL_data_20260830_2153.csv
GJ-VER-0088,20.53621871,70.9011988,Gir Somnath,22.2 km seaward operational buffer,2026-08-31T03:15,2.26,245,7.6,1.76,241,7.25,2.5,98,26.1,33.1,255,0.0,True,No hazard,veraval_nodes_REAL_data_20260830_2153.csv
GJ-VER-0089,20.58128308,70.89999455,Gir Somnath,22.2 km seaward operational buffer,2026-08-31T03:15,2.26,245,7.6,1.76,241,7.25,2.5,98,26.1,31.9,256,0.0,True,No hazard,veraval_nodes_REAL_data_20260830_2153.csv
GJ-VER-0090,20.62634715,70.89878705,Gir Somnath,22.2 km seaward operational buffer,2026-08-31T03:15,2.1,241,7.7,1.7,238,7.1,2.5,98,25.3,29.0,257,0.0,True,No hazard,veraval_nodes_REAL_data_20260830_2153.csv
GJ-VER-0091,20.67141091,70.89757632,Gir Somnath,22.2 km seaward operational buffer,2026-08-31T03:15,1.54,234,7.6,1.28,234,6.7,1.3,98,25.1,16.6,255,0.0,True,No hazard,veraval_nodes_REAL_data_20260830_2153.csv
GJ-VER-0092,20.53734501,70.94904036,Gir Somnath,22.2 km seaward operational buffer,2026-08-31T03:15,2.22,246,7.55,1.72,240,7.25,2.7,94,26.1,32.6,257,0.0,True,No hazard,veraval_nodes_REAL_data_20260830_2153.csv
GJ-VER-0093,20.58241207,70.94785006,Gir Somnath,22.2 km seaward operational buffer,2026-08-31T03:15,2.22,246,7.55,1.72,240,7.25,2.7,94,26.1,32.6,257,0.0,True,No hazard,veraval_nodes_REAL_data_20260830_2153.csv
GJ-VER-0094,20.62747883,70.94665657,Gir Somnath,22.2 km seaward operational buffer,2026-08-31T03:15,2.08,241,7.7,1.66,237,7.25,2.5,90,25.3,29.0,257,0.0,True,No hazard,veraval_nodes_REAL_data_20260830_2153.csv
GJ-VER-0095,20.67254529,70.94545987,Gir Somnath,22.2 km seaward operational buffer,2026-08-31T03:15,1.46,232,7.6,1.22,231,6.75,1.3,90,25.4,17.3,256,0.0,True,No hazard,veraval_nodes_REAL_data_20260830_2153.csv
GJ-VER-0096,20.53845817,70.99688511,Gir Somnath,22.2 km seaward operational buffer,2026-08-31T03:15,2.22,246,7.55,1.72,240,7.25,2.7,94,26.1,33.2,257,0.0,True,No hazard,veraval_nodes_REAL_data_20260830_2153.csv
GJ-VER-0097,20.58352789,70.99570878,Gir Somnath,22.2 km seaward operational buffer,2026-08-31T03:15,2.08,241,7.7,1.66,237,7.25,2.5,90,25.3,33.2,257,0.0,True,No hazard,veraval_nodes_REAL_data_20260830_2153.csv
GJ-VER-0098,20.62859731,70.99452929,Gir Somnath,22.2 km seaward operational buffer,2026-08-31T03:15,2.08,241,7.7,1.66,237,7.25,2.5,90,25.3,31.3,258,0.1,True,No hazard,veraval_nodes_REAL_data_20260830_2153.csv
GJ-VER-0099,20.67366643,70.99334663,Gir Somnath,22.2 km seaward operational buffer,2026-08-31T03:15,1.46,232,7.6,1.22,231,6.75,1.3,90,25.4,17.3,256,0.0,True,No hazard,veraval_nodes_REAL_data_20260830_2153.csv
GJ-VER-0100,20.53955818,71.04473301,Gir Somnath,22.2 km seaward operational buffer,2026-08-31T03:15,2.18,245,7.55,1.7,240,7.35,2.7,90,26.1,33.2,257,0.0,True,No hazard,veraval_nodes_REAL_data_20260830_2153.csv
GJ-VER-0101,20.58463052,71.04357065,Gir Somnath,22.2 km seaward operational buffer,2026-08-31T03:15,1.96,241,7.65,1.54,236,7.35,2.4,77,25.4,33.2,257,0.0,True,No hazard,veraval_nodes_REAL_data_20260830_2153.csv
GJ-VER-0102,20.62970257,71.04240517,Gir Somnath,22.2 km seaward operational buffer,2026-08-31T03:15,1.96,241,7.65,1.54,236,7.35,2.4,77,25.4,31.3,258,0.1,True,No hazard,veraval_nodes_REAL_data_20260830_2153.csv
GJ-VER-0103,20.67477432,71.04123656,Gir Somnath,22.2 km seaward operational buffer,2026-08-31T03:15,1.38,232,7.5,1.12,229,6.9,1.3,74,25.6,18.1,255,0.0,True,No hazard,veraval_nodes_REAL_data_20260830_2153.csv
GJ-VER-0104,20.71984577,71.04006482,Gir Somnath,22.2 km seaward operational buffer,2026-08-31T03:15,1.38,232,7.5,1.12,229,6.9,1.3,74,25.6,18.1,255,0.0,True,No hazard,veraval_nodes_REAL_data_20260830_2153.csv
GJ-VER-0105,20.54064504,71.09258403,Gir Somnath,22.2 km seaward operational buffer,2026-08-31T03:15,2.12,245,7.5,1.62,240,7.4,2.7,82,26.0,32.4,258,0.0,True,No hazard,veraval_nodes_REAL_data_20260830_2153.csv
GJ-VER-0106,20.58571998,71.09143565,Gir Somnath,22.2 km seaward operational buffer,2026-08-31T03:15,1.82,241,7.55,1.4,235,7.45,2.4,73,25.6,32.4,258,0.0,True,No hazard,veraval_nodes_REAL_data_20260830_2153.csv
GJ-VER-0107,20.63079462,71.09028418,Gir Somnath,22.2 km seaward operational buffer,2026-08-31T03:15,1.82,241,7.55,1.4,235,7.45,2.4,73,25.6,32.7,257,0.1,True,No hazard,veraval_nodes_REAL_data_20260830_2153.csv
GJ-VER-0108,20.67586897,71.08912962,Gir Somnath,22.2 km seaward operational buffer,2026-08-31T03:15,1.3,233,7.3,1.02,228,7.05,1.9,61,25.7,18.1,255,0.0,True,No hazard,veraval_nodes_REAL_data_20260830_2153.csv
GJ-VER-0109,20.72094302,71.08797196,Gir Somnath,22.2 km seaward operational buffer,2026-08-31T03:15,1.3,233,7.3,1.02,228,7.05,1.9,61,25.7,18.1,255,0.0,True,No hazard,veraval_nodes_REAL_data_20260830_2153.csv
GJ-VER-0110,20.58679624,71.13930373,Gir Somnath,22.2 km seaward operational buffer,2026-08-31T03:15,1.82,241,7.55,1.4,235,7.45,2.4,73,25.6,32.4,258,0.0,True,No hazard,veraval_nodes_REAL_data_20260830_2153.csv
GJ-VER-0111,20.63187345,71.13816627,Gir Somnath,22.2 km seaward operational buffer,2026-08-31T03:15,1.82,241,7.55,1.4,235,7.45,2.4,73,25.6,32.7,257,0.1,True,No hazard,veraval_nodes_REAL_data_20260830_2153.csv
GJ-VER-0112,20.67695037,71.13702577,Gir Somnath,22.2 km seaward operational buffer,2026-08-31T03:15,1.3,233,7.3,1.02,228,7.05,1.9,61,25.7,18.1,255,0.0,True,No hazard,veraval_nodes_REAL_data_20260830_2153.csv
GJ-VER-0113,20.72202699,71.13588221,Gir Somnath,22.2 km seaward operational buffer,2026-08-31T03:15,1.3,233,7.3,1.02,228,7.05,1.9,61,25.7,18.1,255,0.0,True,No hazard,veraval_nodes_REAL_data_20260830_2153.csv
GJ-VER-0114,20.58785932,71.18717485,Gir Somnath,22.2 km seaward operational buffer,2026-08-31T03:15,1.72,241,7.35,1.28,234,7.45,2.3,72,25.8,31.8,257,0.0,True,No hazard,veraval_nodes_REAL_data_20260830_2153.csv
GJ-VER-0115,20.63293906,71.18605142,Gir Somnath,22.2 km seaward operational buffer,2026-08-31T03:15,1.72,241,7.35,1.28,234,7.45,2.3,72,25.8,33.3,256,0.1,True,No hazard,veraval_nodes_REAL_data_20260830_2153.csv
GJ-VER-0116,20.67801851,71.18492497,Gir Somnath,22.2 km seaward operational buffer,2026-08-31T03:15,1.24,235,7.0,0.94,227,7.15,2.2,66,25.8,18.1,255,0.0,True,No hazard,veraval_nodes_REAL_data_20260830_2153.csv
GJ-VER-0117,20.72309767,71.1837955,Gir Somnath,22.2 km seaward operational buffer,2026-08-31T03:15,1.24,235,7.0,0.94,227,7.15,2.2,66,25.8,18.1,255,0.0,True,No hazard,veraval_nodes_REAL_data_20260830_2153.csv
GJ-VER-0118,20.76817653,71.18266302,Gir Somnath,22.2 km seaward operational buffer,2026-08-31T03:15,0.82,227,6.45,0.62,222,6.9,1.6,63,26.4,14.2,252,0.0,True,No hazard,veraval_nodes_REAL_data_20260830_2153.csv
GJ-VER-0119,20.5889092,71.23504899,Gir Somnath,22.2 km seaward operational buffer,2026-08-31T03:15,1.72,241,7.35,1.28,234,7.45,2.3,72,25.8,31.8,257,0.0,True,No hazard,veraval_nodes_REAL_data_20260830_2153.csv
GJ-VER-0120,20.63399145,71.23393958,Gir Somnath,22.2 km seaward operational buffer,2026-08-31T03:15,1.72,241,7.35,1.28,234,7.45,2.3,72,25.8,33.3,256,0.1,True,No hazard,veraval_nodes_REAL_data_20260830_2153.csv
GJ-VER-0121,20.6790734,71.23282719,Gir Somnath,22.2 km seaward operational buffer,2026-08-31T03:15,1.24,235,7.0,0.94,227,7.15,2.2,66,25.8,32.8,254,0.0,True,No hazard,veraval_nodes_REAL_data_20260830_2153.csv
GJ-VER-0122,20.72415507,71.23171182,Gir Somnath,22.2 km seaward operational buffer,2026-08-31T03:15,1.24,235,7.0,0.94,227,7.15,2.2,66,25.8,32.8,254,0.0,True,No hazard,veraval_nodes_REAL_data_20260830_2153.csv
GJ-VER-0123,20.76923643,71.23059347,Gir Somnath,22.2 km seaward operational buffer,2026-08-31T03:15,0.82,227,6.45,0.62,222,6.9,1.6,63,26.4,16.6,253,0.0,True,No hazard,veraval_nodes_REAL_data_20260830_2153.csv
GJ-VER-0124,20.63503061,71.28183071,Gir Somnath,22.2 km seaward operational buffer,2026-08-31T03:15,1.68,241,7.2,1.2,234,7.4,2.4,77,26.1,33.9,254,0.0,True,No hazard,veraval_nodes_REAL_data_20260830_2153.csv
GJ-VER-0125,20.68011503,71.28073239,Gir Somnath,22.2 km seaward operational buffer,2026-08-31T03:15,1.2,235,6.7,0.86,227,7.15,2.3,72,26.0,32.8,254,0.0,True,No hazard,veraval_nodes_REAL_data_20260830_2153.csv
GJ-VER-0126,20.72519917,71.27963113,Gir Somnath,22.2 km seaward operational buffer,2026-08-31T03:15,1.2,235,6.7,0.86,227,7.15,2.3,72,26.0,32.8,254,0.0,True,No hazard,veraval_nodes_REAL_data_20260830_2153.csv
GJ-VER-0127,20.77028301,71.27852692,Gir Somnath,22.2 km seaward operational buffer,2026-08-31T03:15,0.86,227,6.25,0.58,222,7.0,2.1,70,26.6,16.6,253,0.0,True,No hazard,veraval_nodes_REAL_data_20260830_2153.csv
GJ-VER-0128,20.81536657,71.27741976,Gir Somnath,22.2 km seaward operational buffer,2026-08-31T03:15,0.86,227,6.25,0.58,222,7.0,2.1,70,26.6,16.6,253,0.0,True,No hazard,veraval_nodes_REAL_data_20260830_2153.csv
GJ-VER-0129,20.63605653,71.32972479,Gir Somnath,22.2 km seaward operational buffer,2026-08-31T03:15,1.68,241,7.2,1.2,234,7.4,2.4,77,26.1,33.9,254,0.0,True,No hazard,veraval_nodes_REAL_data_20260830_2153.csv
GJ-VER-0130,20.6811434,71.32864054,Gir Somnath,22.2 km seaward operational buffer,2026-08-31T03:15,1.2,235,6.7,0.86,227,7.15,2.3,72,26.0,35.4,253,0.0,True,No hazard,veraval_nodes_REAL_data_20260830_2153.csv
GJ-VER-0131,20.72622998,71.32755338,Gir Somnath,22.2 km seaward operational buffer,2026-08-31T03:15,1.2,235,6.7,0.86,227,7.15,2.3,72,26.0,35.4,253,0.0,True,No hazard,veraval_nodes_REAL_data_20260830_2153.csv
GJ-VER-0132,20.77131627,71.32646331,Gir Somnath,22.2 km seaward operational buffer,2026-08-31T03:15,0.86,227,6.25,0.58,222,7.0,2.1,70,26.6,16.6,253,0.0,True,No hazard,veraval_nodes_REAL_data_20260830_2153.csv
GJ-VER-0133,20.81640226,71.32537034,Gir Somnath,22.2 km seaward operational buffer,2026-08-31T03:15,0.86,227,6.25,0.58,222,7.0,2.1,70,26.6,16.6,253,0.0,True,No hazard,veraval_nodes_REAL_data_20260830_2153.csv
GJ-VER-0134,20.6821585,71.37655158,Gir Somnath,22.2 km seaward operational buffer,2026-08-31T03:15,1.28,236,6.55,0.86,225,7.1,2.4,73,26.2,35.4,253,0.0,True,No hazard,veraval_nodes_REAL_data_20260830_2153.csv
GJ-VER-0135,20.72724749,71.37547854,Gir Somnath,22.2 km seaward operational buffer,2026-08-31T03:15,1.28,236,6.55,0.86,225,7.1,2.4,73,26.2,35.4,253,0.0,True,No hazard,veraval_nodes_REAL_data_20260830_2153.csv
GJ-VER-0136,20.77233619,71.37440262,Gir Somnath,22.2 km seaward operational buffer,2026-08-31T03:15,0.94,230,6.1,0.62,221,6.75,2.3,72,26.6,30.5,254,0.0,True,No hazard,veraval_nodes_REAL_data_20260830_2153.csv
GJ-VER-0137,20.8174246,71.37332383,Gir Somnath,22.2 km seaward operational buffer,2026-08-31T03:15,0.94,230,6.1,0.62,221,6.75,2.3,72,26.6,15.0,252,0.0,True,No hazard,veraval_nodes_REAL_data_20260830_2153.csv
GJ-VER-0138,20.77334278,71.4223448,Gir Somnath,22.2 km seaward operational buffer,2026-08-31T03:15,1.1,231,6.15,0.7,220,6.6,2.6,65,26.6,33.0,254,0.0,True,No hazard,veraval_nodes_REAL_data_20260830_2153.csv
GJ-VER-0139,20.81843357,71.4212802,Gir Somnath,22.2 km seaward operational buffer,2026-08-31T03:15,1.1,231,6.15,0.7,220,6.6,2.6,65,26.6,15.0,252,0.0,True,No hazard,veraval_nodes_REAL_data_20260830_2153.csv
GJ-VER-0140,20.86352407,71.42021276,Gir Somnath,22.2 km seaward operational buffer,2026-08-31T03:15,0.78,231,5.8,0.52,220,6.0,2.0,63,27.5,15.0,252,0.0,True,No hazard,veraval_nodes_REAL_data_20260830_2153.csv
GJ-VER-0001,20.87516585,70.07678103,Gir Somnath,22.2 km seaward operational buffer,2026-08-30T06:30,2.24,241,7.65,1.66,239,6.95,0.7,104,27.0,32.8,256,0.0,True,No hazard,veraval_nodes_REAL_data_20260830_0112.csv
GJ-VER-0002,20.92017704,70.07530903,Gir Somnath,22.2 km seaward operational buffer,2026-08-30T06:30,2.12,242,7.75,1.66,240,7.0,1.0,112,26.6,32.5,256,0.0,True,No hazard,veraval_nodes_REAL_data_20260830_0112.csv
GJ-VER-0003,20.9651879,70.07383312,Gir Somnath,22.2 km seaward operational buffer,2026-08-30T06:30,2.12,242,7.75,1.66,240,7.0,1.0,112,26.6,23.0,258,0.0,True,No hazard,veraval_nodes_REAL_data_20260830_0112.csv
GJ-VER-0004,21.01019843,70.0723533,Gir Somnath,22.2 km seaward operational buffer,2026-08-30T06:30,1.7,241,8.05,1.42,242,7.05,0.8,117,26.4,23.0,258,0.0,True,No hazard,veraval_nodes_REAL_data_20260830_0112.csv
GJ-VER-0005,21.05520861,70.07086956,Gir Somnath,22.2 km seaward operational buffer,2026-08-30T06:30,1.7,241,8.05,1.42,242,7.05,0.8,117,26.4,23.0,258,0.0,True,No hazard,veraval_nodes_REAL_data_20260830_0112.csv
GJ-VER-0006,21.10021846,70.06938189,Gir Somnath,22.2 km seaward operational buffer,2026-08-30T06:30,1.46,242,7.9,1.26,243,6.9,0.8,117,26.2,20.7,255,0.0,True,No hazard,veraval_nodes_REAL_data_20260830_0112.csv
GJ-VER-0007,20.83152605,70.12612866,Gir Somnath,22.2 km seaward operational buffer,2026-08-30T06:30,2.38,240,7.65,1.72,237,7.05,0.8,117,27.1,33.5,258,0.0,True,No hazard,veraval_nodes_REAL_data_20260830_0112.csv
GJ-VER-0008,20.87654082,70.12467471,Gir Somnath,22.2 km seaward operational buffer,2026-08-30T06:30,2.26,240,7.65,1.66,237,6.95,1.0,112,26.7,33.5,258,0.0,True,No hazard,veraval_nodes_REAL_data_20260830_0112.csv
GJ-VER-0009,20.92155525,70.12321689,Gir Somnath,22.2 km seaward operational buffer,2026-08-30T06:30,2.1,239,7.75,1.64,238,6.85,1.0,121,26.4,32.1,258,0.0,True,No hazard,veraval_nodes_REAL_data_20260830_0112.csv
GJ-VER-0010,20.96656935,70.1217552,Gir Somnath,22.2 km seaward operational buffer,2026-08-30T06:30,2.1,239,7.75,1.64,238,6.85,1.0,121,26.4,23.0,258,0.0,True,No hazard,veraval_nodes_REAL_data_20260830_0112.csv
GJ-VER-0011,21.01158311,70.12028964,Gir Somnath,22.2 km seaward operational buffer,2026-08-30T06:30,1.66,234,8.0,1.4,236,6.75,0.9,127,26.2,23.0,258,0.0,True,No hazard,veraval_nodes_REAL_data_20260830_0112.csv
GJ-VER-0012,21.05659653,70.11882019,Gir Somnath,22.2 km seaward operational buffer,2026-08-30T06:30,1.66,234,8.0,1.4,236,6.75,0.9,127,26.2,23.0,258,0.0,True,No hazard,veraval_nodes_REAL_data_20260830_0112.csv
GJ-VER-0013,20.7878662,70.17544804,Gir Somnath,22.2 km seaward operational buffer,2026-08-30T06:30,2.36,239,7.6,1.68,234,7.1,1.0,112,26.5,34.5,259,0.0,True,No hazard,veraval_nodes_REAL_data_20260830_0112.csv
GJ-VER-0014,20.8328845,70.17401206,Gir Somnath,22.2 km seaward operational buffer,2026-08-30T06:30,2.36,239,7.6,1.68,234,7.1,1.0,112,26.5,33.5,258,0.0,True,No hazard,veraval_nodes_REAL_data_20260830_0112.csv
GJ-VER-0015,20.87790246,70.17257226,Gir Somnath,22.2 km seaward operational buffer,2026-08-30T06:30,2.26,239,7.6,1.68,234,6.95,1.0,112,26.1,33.5,258,0.0,True,No hazard,veraval_nodes_REAL_data_20260830_0112.csv
GJ-VER-0016,20.9229201,70.17112863,Gir Somnath,22.2 km seaward operational buffer,2026-08-30T06:30,2.12,238,7.7,1.7,237,6.75,1.0,112,25.9,22.5,260,0.0,True,No hazard,veraval_nodes_REAL_data_20260830_0112.csv
GJ-VER-0017,20.9679374,70.16968116,Gir Somnath,22.2 km seaward operational buffer,2026-08-30T06:30,2.12,238,7.7,1.7,237,6.75,1.0,112,25.9,23.0,258,0.0,True,No hazard,veraval_nodes_REAL_data_20260830_0112.csv
GJ-VER-0018,21.01295437,70.16822986,Gir Somnath,22.2 km seaward operational buffer,2026-08-30T06:30,1.66,234,8.0,1.4,236,6.75,0.5,135,26.2,23.0,258,0.0,True,No hazard,veraval_nodes_REAL_data_20260830_0112.csv
GJ-VER-0019,20.78920817,70.22332115,Gir Somnath,22.2 km seaward operational buffer,2026-08-30T06:30,2.36,239,7.6,1.68,234,7.1,1.0,112,26.5,35.6,260,0.0,True,No hazard,veraval_nodes_REAL_data_20260830_0112.csv
GJ-VER-0020,20.83422964,70.22189929,Gir Somnath,22.2 km seaward operational buffer,2026-08-30T06:30,2.26,239,7.6,1.68,234,6.95,1.0,112,26.1,34.2,260,0.0,True,No hazard,veraval_nodes_REAL_data_20260830_0112.csv
GJ-VER-0021,20.87925078,70.22047364,Gir Somnath,22.2 km seaward operational buffer,2026-08-30T06:30,2.26,239,7.6,1.68,234,6.95,1.0,112,26.1,22.5,260,0.0,True,No hazard,veraval_nodes_REAL_data_20260830_0112.csv
GJ-VER-0022,20.92427159,70.2190442,Gir Somnath,22.2 km seaward operational buffer,2026-08-30T06:30,2.12,238,7.7,1.7,237,6.75,1.0,112,25.9,22.5,260,0.0,True,No hazard,veraval_nodes_REAL_data_20260830_0112.csv
GJ-VER-0023,20.96929207,70.21761096,Gir Somnath,22.2 km seaward operational buffer,2026-08-30T06:30,2.12,238,7.7,1.7,237,6.75,1.0,112,25.9,22.5,260,0.0,True,No hazard,veraval_nodes_REAL_data_20260830_0112.csv
GJ-VER-0024,20.74551194,70.27260204,Gir Somnath,22.2 km seaward operational buffer,2026-08-30T06:30,2.42,242,7.55,1.68,235,7.15,0.7,104,26.5,35.6,260,0.0,True,No hazard,veraval_nodes_REAL_data_20260830_0112.csv
GJ-VER-0025,20.79053688,70.27119804,Gir Somnath,22.2 km seaward operational buffer,2026-08-30T06:30,2.34,239,7.55,1.64,234,7.05,1.0,112,26.0,35.6,260,0.0,True,No hazard,veraval_nodes_REAL_data_20260830_0112.csv
GJ-VER-0026,20.83556148,70.2697903,Gir Somnath,22.2 km seaward operational buffer,2026-08-30T06:30,2.24,239,7.55,1.68,234,6.9,1.0,112,25.7,21.6,262,0.0,True,No hazard,veraval_nodes_REAL_data_20260830_0112.csv
GJ-VER-0027,20.88058576,70.26837881,Gir Somnath,22.2 km seaward operational buffer,2026-08-30T06:30,2.24,239,7.55,1.68,234,6.9,1.0,112,25.7,22.5,260,0.0,True,No hazard,veraval_nodes_REAL_data_20260830_0112.csv
GJ-VER-0028,20.92560971,70.26696356,Gir Somnath,22.2 km seaward operational buffer,2026-08-30T06:30,2.24,239,7.55,1.68,234,6.9,0.5,135,25.7,22.5,260,0.0,True,No hazard,veraval_nodes_REAL_data_20260830_0112.csv
GJ-VER-0029,20.7017959,70.32185479,Gir Somnath,22.2 km seaward operational buffer,2026-08-30T06:30,2.42,242,7.55,1.68,235,7.15,0.7,104,26.5,35.0,261,0.0,True,No hazard,veraval_nodes_REAL_data_20260830_0112.csv
GJ-VER-0030,20.74682427,70.32046858,Gir Somnath,22.2 km seaward operational buffer,2026-08-30T06:30,2.42,242,7.55,1.68,235,7.15,0.7,104,26.5,34.2,261,0.0,True,No hazard,veraval_nodes_REAL_data_20260830_0112.csv
GJ-VER-0031,20.7918523,70.31907867,Gir Somnath,22.2 km seaward operational buffer,2026-08-30T06:30,2.34,239,7.55,1.64,234,7.05,1.0,112,26.0,34.2,261,0.0,True,No hazard,veraval_nodes_REAL_data_20260830_0112.csv
GJ-VER-0032,20.83688002,70.31768506,Gir Somnath,22.2 km seaward operational buffer,2026-08-30T06:30,2.24,239,7.55,1.68,234,6.9,1.0,112,25.7,21.6,262,0.0,True,No hazard,veraval_nodes_REAL_data_20260830_0112.csv
GJ-VER-0033,20.8819074,70.31628773,Gir Somnath,22.2 km seaward operational buffer,2026-08-30T06:30,2.24,239,7.55,1.68,234,6.9,1.0,112,25.7,21.6,262,0.0,True,No hazard,veraval_nodes_REAL_data_20260830_0112.csv
GJ-VER-0034,20.92693447,70.31488669,Gir Somnath,22.2 km seaward operational buffer,2026-08-30T06:30,2.24,239,7.55,1.68,234,6.9,0.5,135,25.7,22.5,260,0.0,True,No hazard,veraval_nodes_REAL_data_20260830_0112.csv
GJ-VER-0035,20.70309191,70.36971098,Gir Somnath,22.2 km seaward operational buffer,2026-08-30T06:30,2.34,242,7.5,1.66,236,7.05,0.8,117,26.2,35.0,261,0.0,True,No hazard,veraval_nodes_REAL_data_20260830_0112.csv
GJ-VER-0036,20.74812334,70.36833883,Gir Somnath,22.2 km seaward operational buffer,2026-08-30T06:30,2.34,242,7.5,1.66,236,7.05,0.8,117,26.2,34.2,261,0.0,True,No hazard,veraval_nodes_REAL_data_20260830_0112.csv
GJ-VER-0037,20.79315445,70.36696301,Gir Somnath,22.2 km seaward operational buffer,2026-08-30T06:30,2.26,239,7.55,1.66,233,7.0,1.0,112,25.8,34.2,261,0.0,True,No hazard,veraval_nodes_REAL_data_20260830_0112.csv
GJ-VER-0038,20.83818524,70.36558353,Gir Somnath,22.2 km seaward operational buffer,2026-08-30T06:30,2.14,239,7.55,1.7,233,6.75,0.8,117,25.6,21.6,262,0.0,True,No hazard,veraval_nodes_REAL_data_20260830_0112.csv
GJ-VER-0039,20.88321571,70.36420037,Gir Somnath,22.2 km seaward operational buffer,2026-08-30T06:30,2.14,239,7.55,1.7,233,6.75,0.8,117,25.6,21.6,262,0.0,True,No hazard,veraval_nodes_REAL_data_20260830_0112.csv
GJ-VER-0040,20.65933989,70.4189253,Gir Somnath,22.2 km seaward operational buffer,2026-08-30T06:30,2.32,243,7.5,1.68,238,7.0,0.6,108,26.3,35.1,259,0.0,True,No hazard,veraval_nodes_REAL_data_20260830_0112.csv
GJ-VER-0041,20.70437469,70.41757083,Gir Somnath,22.2 km seaward operational buffer,2026-08-30T06:30,2.24,241,7.5,1.66,237,6.95,0.8,117,25.7,33.5,261,0.0,True,No hazard,veraval_nodes_REAL_data_20260830_0112.csv
GJ-VER-0042,20.74940916,70.41621274,Gir Somnath,22.2 km seaward operational buffer,2026-08-30T06:30,2.34,242,7.5,1.66,236,7.05,0.8,117,26.2,20.7,262,0.0,True,No hazard,veraval_nodes_REAL_data_20260830_0112.csv
GJ-VER-0043,20.79444332,70.41485102,Gir Somnath,22.2 km seaward operational buffer,2026-08-30T06:30,2.26,239,7.55,1.66,233,7.0,1.0,112,25.8,20.7,262,0.0,True,No hazard,veraval_nodes_REAL_data_20260830_0112.csv
GJ-VER-0044,20.83947715,70.41348568,Gir Somnath,22.2 km seaward operational buffer,2026-08-30T06:30,2.14,239,7.55,1.7,233,6.75,0.8,117,25.6,21.6,262,0.0,True,No hazard,veraval_nodes_REAL_data_20260830_0112.csv
GJ-VER-0045,20.61556832,70.4681116,Gir Somnath,22.2 km seaward operational buffer,2026-08-30T06:30,2.32,243,7.5,1.68,238,7.0,0.6,108,26.3,34.5,260,0.0,True,No hazard,veraval_nodes_REAL_data_20260830_0112.csv
GJ-VER-0046,20.66060644,70.46677474,Gir Somnath,22.2 km seaward operational buffer,2026-08-30T06:30,2.32,243,7.5,1.68,238,7.0,0.6,108,26.3,34.5,260,0.0,True,No hazard,veraval_nodes_REAL_data_20260830_0112.csv
GJ-VER-0047,20.70564424,70.4654343,Gir Somnath,22.2 km seaward operational buffer,2026-08-30T06:30,2.24,241,7.5,1.66,237,6.95,0.8,117,25.7,33.5,261,0.0,True,No hazard,veraval_nodes_REAL_data_20260830_0112.csv
GJ-VER-0048,20.75068172,70.46409028,Gir Somnath,22.2 km seaward operational buffer,2026-08-30T06:30,2.12,239,7.55,1.66,237,6.8,0.8,117,25.3,20.7,262,0.0,True,No hazard,veraval_nodes_REAL_data_20260830_0112.csv
GJ-VER-0049,20.79571889,70.46274267,Gir Somnath,22.2 km seaward operational buffer,2026-08-30T06:30,2.12,239,7.55,1.66,237,6.8,0.8,117,25.3,20.7,262,0.0,True,No hazard,veraval_nodes_REAL_data_20260830_0112.csv
GJ-VER-0050,20.84075574,70.46139146,Gir Somnath,22.2 km seaward operational buffer,2026-08-30T06:30,2.12,239,7.55,1.66,237,6.8,0.6,162,25.0,20.7,262,0.0,True,No hazard,veraval_nodes_REAL_data_20260830_0112.csv
GJ-VER-0051,20.61681869,70.51595063,Gir Somnath,22.2 km seaward operational buffer,2026-08-30T06:30,2.24,243,7.45,1.68,239,6.9,0.5,90,26.0,34.5,260,0.0,True,No hazard,veraval_nodes_REAL_data_20260830_0112.csv
GJ-VER-0052,20.66185978,70.51462777,Gir Somnath,22.2 km seaward operational buffer,2026-08-30T06:30,2.24,243,7.45,1.68,239,6.9,0.5,90,26.0,34.5,260,0.0,True,No hazard,veraval_nodes_REAL_data_20260830_0112.csv
GJ-VER-0053,20.70690056,70.51330136,Gir Somnath,22.2 km seaward operational buffer,2026-08-30T06:30,2.1,241,7.55,1.64,238,6.85,0.7,104,25.5,32.2,262,0.0,True,No hazard,veraval_nodes_REAL_data_20260830_0112.csv
GJ-VER-0054,20.75194103,70.51197141,Gir Somnath,22.2 km seaward operational buffer,2026-08-30T06:30,1.92,238,7.6,1.58,238,6.7,0.6,108,25.2,20.7,262,0.0,True,No hazard,veraval_nodes_REAL_data_20260830_0112.csv
GJ-VER-0055,20.79698117,70.5106379,Gir Somnath,22.2 km seaward operational buffer,2026-08-30T06:30,1.92,238,7.6,1.58,238,6.7,0.6,108,25.2,20.7,262,0.0,True,No hazard,veraval_nodes_REAL_data_20260830_0112.csv
GJ-VER-0056,20.61805589,70.5637932,Gir Somnath,22.2 km seaward operational buffer,2026-08-30T06:30,2.24,243,7.45,1.68,239,6.9,0.5,90,26.0,34.0,261,0.0,True,No hazard,veraval_nodes_REAL_data_20260830_0112.csv
GJ-VER-0057,20.66309993,70.56248433,Gir Somnath,22.2 km seaward operational buffer,2026-08-30T06:30,2.24,243,7.45,1.68,239,6.9,0.5,90,26.0,34.0,261,0.0,True,No hazard,veraval_nodes_REAL_data_20260830_0112.csv
GJ-VER-0058,20.70814365,70.56117196,Gir Somnath,22.2 km seaward operational buffer,2026-08-30T06:30,2.1,241,7.55,1.64,238,6.85,0.7,104,25.5,32.2,262,0.0,True,No hazard,veraval_nodes_REAL_data_20260830_0112.csv
GJ-VER-0059,20.75318706,70.55985608,Gir Somnath,22.2 km seaward operational buffer,2026-08-30T06:30,1.92,238,7.6,1.58,238,6.7,0.6,108,25.2,19.2,260,0.0,True,No hazard,veraval_nodes_REAL_data_20260830_0112.csv
GJ-VER-0060,20.57423265,70.61293066,Gir Somnath,22.2 km seaward operational buffer,2026-08-30T06:30,2.28,244,7.4,1.74,242,6.85,0.5,90,26.6,33.7,259,0.0,True,No hazard,veraval_nodes_REAL_data_20260830_0112.csv
GJ-VER-0061,20.61927992,70.61163926,Gir Somnath,22.2 km seaward operational buffer,2026-08-30T06:30,2.16,241,7.45,1.64,239,6.85,0.7,104,25.9,33.1,262,0.0,True,No hazard,veraval_nodes_REAL_data_20260830_0112.csv
GJ-VER-0062,20.66432687,70.6103444,Gir Somnath,22.2 km seaward operational buffer,2026-08-30T06:30,2.16,241,7.45,1.64,239,6.85,0.7,104,25.9,30.5,262,0.0,True,No hazard,veraval_nodes_REAL_data_20260830_0112.csv
GJ-VER-0063,20.7093735,70.60904607,Gir Somnath,22.2 km seaward operational buffer,2026-08-30T06:30,1.92,239,7.6,1.54,238,6.75,0.6,108,25.2,22.0,261,0.0,True,No hazard,veraval_nodes_REAL_data_20260830_0112.csv
GJ-VER-0064,20.75441983,70.60774428,Gir Somnath,22.2 km seaward operational buffer,2026-08-30T06:30,1.6,237,7.6,1.36,237,6.6,0.6,108,25.0,19.2,260,0.0,True,No hazard,veraval_nodes_REAL_data_20260830_0112.csv
GJ-VER-0065,20.57544062,70.66076621,Gir Somnath,22.2 km seaward operational buffer,2026-08-30T06:30,2.28,244,7.4,1.74,242,6.85,0.5,90,26.6,33.3,260,0.0,True,No hazard,veraval_nodes_REAL_data_20260830_0112.csv
GJ-VER-0066,20.62049076,70.65948879,Gir Somnath,22.2 km seaward operational buffer,2026-08-30T06:30,2.16,241,7.45,1.64,239,6.85,0.7,104,25.9,33.1,262,0.0,True,No hazard,veraval_nodes_REAL_data_20260830_0112.csv
GJ-VER-0067,20.66554059,70.65820794,Gir Somnath,22.2 km seaward operational buffer,2026-08-30T06:30,2.16,241,7.45,1.64,239,6.85,0.7,104,25.9,33.1,262,0.0,True,No hazard,veraval_nodes_REAL_data_20260830_0112.csv
GJ-VER-0068,20.71059011,70.65692366,Gir Somnath,22.2 km seaward operational buffer,2026-08-30T06:30,1.92,239,7.6,1.54,238,6.75,0.6,108,25.2,22.0,261,0.0,True,No hazard,veraval_nodes_REAL_data_20260830_0112.csv
GJ-VER-0069,20.75563932,70.65563594,Gir Somnath,22.2 km seaward operational buffer,2026-08-30T06:30,1.6,237,7.6,1.36,237,6.6,0.6,108,25.0,22.0,261,0.0,True,No hazard,veraval_nodes_REAL_data_20260830_0112.csv
GJ-VER-0070,20.53158213,70.70986525,Gir Somnath,22.2 km seaward operational buffer,2026-08-30T06:30,2.26,243,7.4,1.76,242,6.85,0.5,90,26.6,34.0,257,0.0,True,No hazard,veraval_nodes_REAL_data_20260830_0112.csv
GJ-VER-0071,20.57663543,70.70860519,Gir Somnath,22.2 km seaward operational buffer,2026-08-30T06:30,2.26,243,7.4,1.76,242,6.85,0.5,90,26.6,33.3,260,0.0,True,No hazard,veraval_nodes_REAL_data_20260830_0112.csv
GJ-VER-0072,20.62168842,70.70734174,Gir Somnath,22.2 km seaward operational buffer,2026-08-30T06:30,2.12,240,7.45,1.62,237,6.85,0.6,108,25.7,31.4,261,0.0,True,No hazard,veraval_nodes_REAL_data_20260830_0112.csv
GJ-VER-0073,20.6667411,70.7060749,Gir Somnath,22.2 km seaward operational buffer,2026-08-30T06:30,1.76,235,7.6,1.42,235,6.65,0.2,90,25.2,27.2,261,0.0,True,No hazard,veraval_nodes_REAL_data_20260830_0112.csv
GJ-VER-0074,20.71179348,70.70480468,Gir Somnath,22.2 km seaward operational buffer,2026-08-30T06:30,1.76,235,7.6,1.42,235,6.65,0.2,90,25.2,22.0,261,0.0,True,No hazard,veraval_nodes_REAL_data_20260830_0112.csv
GJ-VER-0075,20.53276097,70.75769366,Gir Somnath,22.2 km seaward operational buffer,2026-08-30T06:30,2.26,243,7.45,1.74,242,6.85,0.6,108,26.5,33.4,260,0.0,True,No hazard,veraval_nodes_REAL_data_20260830_0112.csv
GJ-VER-0076,20.57781709,70.75644754,Gir Somnath,22.2 km seaward operational buffer,2026-08-30T06:30,2.26,243,7.45,1.74,242,6.85,0.6,108,26.5,33.4,260,0.0,True,No hazard,veraval_nodes_REAL_data_20260830_0112.csv
GJ-VER-0077,20.6228729,70.75519808,Gir Somnath,22.2 km seaward operational buffer,2026-08-30T06:30,2.1,240,7.5,1.62,237,6.8,0.4,117,25.6,31.4,261,0.0,True,No hazard,veraval_nodes_REAL_data_20260830_0112.csv
GJ-VER-0078,20.66792839,70.75394526,Gir Somnath,22.2 km seaward operational buffer,2026-08-30T06:30,1.64,235,7.5,1.32,235,6.5,0.2,270,25.1,22.0,261,0.0,True,No hazard,veraval_nodes_REAL_data_20260830_0112.csv
GJ-VER-0079,20.71298359,70.75268909,Gir Somnath,22.2 km seaward operational buffer,2026-08-30T06:30,1.64,235,7.5,1.32,235,6.5,0.2,270,25.1,22.0,261,0.0,True,No hazard,veraval_nodes_REAL_data_20260830_0112.csv
GJ-VER-0080,20.53392669,70.80552542,Gir Somnath,22.2 km seaward operational buffer,2026-08-30T06:30,2.26,243,7.45,1.74,242,6.85,0.6,108,26.5,34.7,259,0.0,True,No hazard,veraval_nodes_REAL_data_20260830_0112.csv
GJ-VER-0081,20.57898558,70.80429325,Gir Somnath,22.2 km seaward operational buffer,2026-08-30T06:30,2.26,243,7.45,1.74,242,6.85,0.6,108,26.5,33.4,260,0.0,True,No hazard,veraval_nodes_REAL_data_20260830_0112.csv
GJ-VER-0082,20.62404418,70.80305777,Gir Somnath,22.2 km seaward operational buffer,2026-08-30T06:30,2.1,240,7.5,1.62,237,6.8,0.4,117,25.6,30.3,260,0.0,True,No hazard,veraval_nodes_REAL_data_20260830_0112.csv
GJ-VER-0083,20.66910246,70.80181898,Gir Somnath,22.2 km seaward operational buffer,2026-08-30T06:30,1.64,235,7.5,1.32,235,6.5,0.2,270,25.1,19.9,260,0.0,True,No hazard,veraval_nodes_REAL_data_20260830_0112.csv
GJ-VER-0084,20.53507927,70.85336048,Gir Somnath,22.2 km seaward operational buffer,2026-08-30T06:30,2.24,243,7.45,1.7,241,6.95,0.5,135,26.4,34.3,260,0.0,True,No hazard,veraval_nodes_REAL_data_20260830_0112.csv
GJ-VER-0085,20.58014092,70.85214226,Gir Somnath,22.2 km seaward operational buffer,2026-08-30T06:30,2.24,243,7.45,1.7,241,6.95,0.5,135,26.4,34.3,260,0.0,True,No hazard,veraval_nodes_REAL_data_20260830_0112.csv
GJ-VER-0086,20.62520226,70.85092077,Gir Somnath,22.2 km seaward operational buffer,2026-08-30T06:30,2.1,239,7.5,1.64,236,6.85,0.4,153,25.5,30.3,260,0.0,True,No hazard,veraval_nodes_REAL_data_20260830_0112.csv
GJ-VER-0087,20.6702633,70.84969601,Gir Somnath,22.2 km seaward operational buffer,2026-08-30T06:30,1.56,232,7.5,1.26,231,6.45,0.6,252,25.3,18.5,259,0.0,True,No hazard,veraval_nodes_REAL_data_20260830_0112.csv
GJ-VER-0088,20.53621871,70.9011988,Gir Somnath,22.2 km seaward operational buffer,2026-08-30T06:30,2.24,243,7.45,1.7,241,6.95,0.5,135,26.4,34.9,260,0.0,True,No hazard,veraval_nodes_REAL_data_20260830_0112.csv
GJ-VER-0089,20.58128308,70.89999455,Gir Somnath,22.2 km seaward operational buffer,2026-08-30T06:30,2.24,243,7.45,1.7,241,6.95,0.5,135,26.4,34.3,260,0.0,True,No hazard,veraval_nodes_REAL_data_20260830_0112.csv
GJ-VER-0090,20.62634715,70.89878705,Gir Somnath,22.2 km seaward operational buffer,2026-08-30T06:30,2.1,239,7.5,1.64,236,6.85,0.4,153,25.5,31.6,260,0.0,True,No hazard,veraval_nodes_REAL_data_20260830_0112.csv
GJ-VER-0091,20.67141091,70.89757632,Gir Somnath,22.2 km seaward operational buffer,2026-08-30T06:30,1.56,232,7.5,1.26,231,6.45,0.6,252,25.3,18.5,259,0.0,True,No hazard,veraval_nodes_REAL_data_20260830_0112.csv
GJ-VER-0092,20.53734501,70.94904036,Gir Somnath,22.2 km seaward operational buffer,2026-08-30T06:30,2.22,243,7.4,1.62,239,7.05,0.6,146,26.4,35.4,260,0.0,True,No hazard,veraval_nodes_REAL_data_20260830_0112.csv
GJ-VER-0093,20.58241207,70.94785006,Gir Somnath,22.2 km seaward operational buffer,2026-08-30T06:30,2.22,243,7.4,1.62,239,7.05,0.6,146,26.4,35.4,260,0.0,True,No hazard,veraval_nodes_REAL_data_20260830_0112.csv
GJ-VER-0094,20.62747883,70.94665657,Gir Somnath,22.2 km seaward operational buffer,2026-08-30T06:30,2.06,238,7.5,1.6,235,6.9,0.6,198,25.5,31.6,260,0.0,True,No hazard,veraval_nodes_REAL_data_20260830_0112.csv
GJ-VER-0095,20.67254529,70.94545987,Gir Somnath,22.2 km seaward operational buffer,2026-08-30T06:30,1.48,230,7.45,1.18,229,6.5,1.1,252,25.6,19.1,259,0.0,True,No hazard,veraval_nodes_REAL_data_20260830_0112.csv
GJ-VER-0096,20.53845817,70.99688511,Gir Somnath,22.2 km seaward operational buffer,2026-08-30T06:30,2.22,243,7.4,1.62,239,7.05,0.6,146,26.4,36.6,260,0.0,True,No hazard,veraval_nodes_REAL_data_20260830_0112.csv
GJ-VER-0097,20.58352789,70.99570878,Gir Somnath,22.2 km seaward operational buffer,2026-08-30T06:30,2.06,238,7.5,1.6,235,6.9,0.6,198,25.5,36.6,260,0.0,True,No hazard,veraval_nodes_REAL_data_20260830_0112.csv
GJ-VER-0098,20.62859731,70.99452929,Gir Somnath,22.2 km seaward operational buffer,2026-08-30T06:30,2.06,238,7.5,1.6,235,6.9,0.6,198,25.5,34.2,260,0.0,True,No hazard,veraval_nodes_REAL_data_20260830_0112.csv
GJ-VER-0099,20.67366643,70.99334663,Gir Somnath,22.2 km seaward operational buffer,2026-08-30T06:30,1.48,230,7.45,1.18,229,6.5,1.1,252,25.6,19.1,259,0.0,True,No hazard,veraval_nodes_REAL_data_20260830_0112.csv
GJ-VER-0100,20.53955818,71.04473301,Gir Somnath,22.2 km seaward operational buffer,2026-08-30T06:30,2.18,243,7.35,1.56,238,7.2,0.9,180,26.4,36.6,260,0.0,True,No hazard,veraval_nodes_REAL_data_20260830_0112.csv
GJ-VER-0101,20.58463052,71.04357065,Gir Somnath,22.2 km seaward operational buffer,2026-08-30T06:30,1.94,239,7.5,1.46,234,7.05,0.8,225,25.7,36.6,260,0.0,True,No hazard,veraval_nodes_REAL_data_20260830_0112.csv
GJ-VER-0102,20.62970257,71.04240517,Gir Somnath,22.2 km seaward operational buffer,2026-08-30T06:30,1.94,239,7.5,1.46,234,7.05,0.8,225,25.7,34.2,260,0.0,True,No hazard,veraval_nodes_REAL_data_20260830_0112.csv
GJ-VER-0103,20.67477432,71.04123656,Gir Somnath,22.2 km seaward operational buffer,2026-08-30T06:30,1.4,230,7.4,1.1,227,6.6,1.3,254,25.8,20.1,260,0.0,True,No hazard,veraval_nodes_REAL_data_20260830_0112.csv
GJ-VER-0104,20.71984577,71.04006482,Gir Somnath,22.2 km seaward operational buffer,2026-08-30T06:30,1.4,230,7.4,1.1,227,6.6,1.3,254,25.8,20.1,260,0.0,True,No hazard,veraval_nodes_REAL_data_20260830_0112.csv
GJ-VER-0105,20.54064504,71.09258403,Gir Somnath,22.2 km seaward operational buffer,2026-08-30T06:30,2.12,243,7.35,1.54,237,7.15,1.0,202,26.4,36.9,259,0.0,True,No hazard,veraval_nodes_REAL_data_20260830_0112.csv
GJ-VER-0106,20.58571998,71.09143565,Gir Somnath,22.2 km seaward operational buffer,2026-08-30T06:30,1.82,239,7.35,1.34,233,7.1,1.2,231,25.8,36.9,259,0.0,True,No hazard,veraval_nodes_REAL_data_20260830_0112.csv
GJ-VER-0107,20.63079462,71.09028418,Gir Somnath,22.2 km seaward operational buffer,2026-08-30T06:30,1.82,239,7.35,1.34,233,7.1,1.2,231,25.8,36.1,259,0.1,True,No hazard,veraval_nodes_REAL_data_20260830_0112.csv
GJ-VER-0108,20.67586897,71.08912962,Gir Somnath,22.2 km seaward operational buffer,2026-08-30T06:30,1.34,231,7.25,1.0,227,6.7,1.5,249,25.8,20.1,260,0.0,True,No hazard,veraval_nodes_REAL_data_20260830_0112.csv
GJ-VER-0109,20.72094302,71.08797196,Gir Somnath,22.2 km seaward operational buffer,2026-08-30T06:30,1.34,231,7.25,1.0,227,6.7,1.5,249,25.8,20.1,260,0.0,True,No hazard,veraval_nodes_REAL_data_20260830_0112.csv
GJ-VER-0110,20.58679624,71.13930373,Gir Somnath,22.2 km seaward operational buffer,2026-08-30T06:30,1.82,239,7.35,1.34,233,7.1,1.2,231,25.8,36.9,259,0.0,True,No hazard,veraval_nodes_REAL_data_20260830_0112.csv
GJ-VER-0111,20.63187345,71.13816627,Gir Somnath,22.2 km seaward operational buffer,2026-08-30T06:30,1.82,239,7.35,1.34,233,7.1,1.2,231,25.8,36.1,259,0.1,True,No hazard,veraval_nodes_REAL_data_20260830_0112.csv
GJ-VER-0112,20.67695037,71.13702577,Gir Somnath,22.2 km seaward operational buffer,2026-08-30T06:30,1.34,231,7.25,1.0,227,6.7,1.5,249,25.8,20.1,260,0.0,True,No hazard,veraval_nodes_REAL_data_20260830_0112.csv
GJ-VER-0113,20.72202699,71.13588221,Gir Somnath,22.2 km seaward operational buffer,2026-08-30T06:30,1.34,231,7.25,1.0,227,6.7,1.5,249,25.8,20.1,260,0.0,True,No hazard,veraval_nodes_REAL_data_20260830_0112.csv
GJ-VER-0114,20.58785932,71.18717485,Gir Somnath,22.2 km seaward operational buffer,2026-08-30T06:30,1.72,239,7.25,1.24,232,7.05,1.5,240,26.0,35.6,259,0.1,True,No hazard,veraval_nodes_REAL_data_20260830_0112.csv
GJ-VER-0115,20.63293906,71.18605142,Gir Somnath,22.2 km seaward operational buffer,2026-08-30T06:30,1.72,239,7.25,1.24,232,7.05,1.5,240,26.0,36.0,259,0.1,True,No hazard,veraval_nodes_REAL_data_20260830_0112.csv
GJ-VER-0116,20.67801851,71.18492497,Gir Somnath,22.2 km seaward operational buffer,2026-08-30T06:30,1.28,233,7.0,0.92,226,6.75,1.8,246,26.0,20.1,260,0.0,True,No hazard,veraval_nodes_REAL_data_20260830_0112.csv
GJ-VER-0117,20.72309767,71.1837955,Gir Somnath,22.2 km seaward operational buffer,2026-08-30T06:30,1.28,233,7.0,0.92,226,6.75,1.8,246,26.0,20.1,260,0.0,True,No hazard,veraval_nodes_REAL_data_20260830_0112.csv
GJ-VER-0118,20.76817653,71.18266302,Gir Somnath,22.2 km seaward operational buffer,2026-08-30T06:30,0.88,226,6.35,0.6,222,6.55,1.9,248,26.6,17.7,258,0.0,True,No hazard,veraval_nodes_REAL_data_20260830_0112.csv
GJ-VER-0119,20.5889092,71.23504899,Gir Somnath,22.2 km seaward operational buffer,2026-08-30T06:30,1.72,239,7.25,1.24,232,7.05,1.5,240,26.0,35.6,259,0.1,True,No hazard,veraval_nodes_REAL_data_20260830_0112.csv
GJ-VER-0120,20.63399145,71.23393958,Gir Somnath,22.2 km seaward operational buffer,2026-08-30T06:30,1.72,239,7.25,1.24,232,7.05,1.5,240,26.0,36.0,259,0.1,True,No hazard,veraval_nodes_REAL_data_20260830_0112.csv
GJ-VER-0121,20.6790734,71.23282719,Gir Somnath,22.2 km seaward operational buffer,2026-08-30T06:30,1.28,233,7.0,0.92,226,6.75,1.8,246,26.0,33.7,258,0.1,True,No hazard,veraval_nodes_REAL_data_20260830_0112.csv
GJ-VER-0122,20.72415507,71.23171182,Gir Somnath,22.2 km seaward operational buffer,2026-08-30T06:30,1.28,233,7.0,0.92,226,6.75,1.8,246,26.0,33.7,258,0.1,True,No hazard,veraval_nodes_REAL_data_20260830_0112.csv
GJ-VER-0123,20.76923643,71.23059347,Gir Somnath,22.2 km seaward operational buffer,2026-08-30T06:30,0.88,226,6.35,0.6,222,6.55,1.9,248,26.6,19.6,257,0.0,True,No hazard,veraval_nodes_REAL_data_20260830_0112.csv
GJ-VER-0124,20.63503061,71.28183071,Gir Somnath,22.2 km seaward operational buffer,2026-08-30T06:30,1.68,239,7.15,1.2,232,7.0,1.9,241,26.3,34.9,258,0.1,True,No hazard,veraval_nodes_REAL_data_20260830_0112.csv
GJ-VER-0125,20.68011503,71.28073239,Gir Somnath,22.2 km seaward operational buffer,2026-08-30T06:30,1.24,233,6.75,0.86,226,6.75,2.0,243,26.2,33.7,258,0.1,True,No hazard,veraval_nodes_REAL_data_20260830_0112.csv
GJ-VER-0126,20.72519917,71.27963113,Gir Somnath,22.2 km seaward operational buffer,2026-08-30T06:30,1.24,233,6.75,0.86,226,6.75,2.0,243,26.2,33.7,258,0.1,True,No hazard,veraval_nodes_REAL_data_20260830_0112.csv
GJ-VER-0127,20.77028301,71.27852692,Gir Somnath,22.2 km seaward operational buffer,2026-08-30T06:30,0.92,226,6.2,0.6,222,6.65,2.1,239,26.6,19.6,257,0.0,True,No hazard,veraval_nodes_REAL_data_20260830_0112.csv
GJ-VER-0128,20.81536657,71.27741976,Gir Somnath,22.2 km seaward operational buffer,2026-08-30T06:30,0.92,226,6.2,0.6,222,6.65,2.1,239,26.6,19.6,257,0.0,True,No hazard,veraval_nodes_REAL_data_20260830_0112.csv
GJ-VER-0129,20.63605653,71.32972479,Gir Somnath,22.2 km seaward operational buffer,2026-08-30T06:30,1.68,239,7.15,1.2,232,7.0,1.9,241,26.3,34.9,258,0.1,True,No hazard,veraval_nodes_REAL_data_20260830_0112.csv
GJ-VER-0130,20.6811434,71.32864054,Gir Somnath,22.2 km seaward operational buffer,2026-08-30T06:30,1.24,233,6.75,0.86,226,6.75,2.0,243,26.2,36.1,256,0.0,True,No hazard,veraval_nodes_REAL_data_20260830_0112.csv
GJ-VER-0131,20.72622998,71.32755338,Gir Somnath,22.2 km seaward operational buffer,2026-08-30T06:30,1.24,233,6.75,0.86,226,6.75,2.0,243,26.2,36.1,256,0.0,True,No hazard,veraval_nodes_REAL_data_20260830_0112.csv
GJ-VER-0132,20.77131627,71.32646331,Gir Somnath,22.2 km seaward operational buffer,2026-08-30T06:30,0.92,226,6.2,0.6,222,6.65,2.1,239,26.6,19.6,257,0.0,True,No hazard,veraval_nodes_REAL_data_20260830_0112.csv
GJ-VER-0133,20.81640226,71.32537034,Gir Somnath,22.2 km seaward operational buffer,2026-08-30T06:30,0.92,226,6.2,0.6,222,6.65,2.1,239,26.6,19.6,257,0.0,True,No hazard,veraval_nodes_REAL_data_20260830_0112.csv
GJ-VER-0134,20.6821585,71.37655158,Gir Somnath,22.2 km seaward operational buffer,2026-08-30T06:30,1.32,234,6.6,0.88,225,6.75,2.1,239,26.4,36.1,256,0.0,True,No hazard,veraval_nodes_REAL_data_20260830_0112.csv
GJ-VER-0135,20.72724749,71.37547854,Gir Somnath,22.2 km seaward operational buffer,2026-08-30T06:30,1.32,234,6.6,0.88,225,6.75,2.1,239,26.4,36.1,256,0.0,True,No hazard,veraval_nodes_REAL_data_20260830_0112.csv
GJ-VER-0136,20.77233619,71.37440262,Gir Somnath,22.2 km seaward operational buffer,2026-08-30T06:30,1.0,229,6.15,0.64,220,6.55,2.3,241,26.7,32.7,255,0.0,True,No hazard,veraval_nodes_REAL_data_20260830_0112.csv
GJ-VER-0137,20.8174246,71.37332383,Gir Somnath,22.2 km seaward operational buffer,2026-08-30T06:30,1.0,229,6.15,0.64,220,6.55,2.3,241,26.7,18.3,255,0.0,True,No hazard,veraval_nodes_REAL_data_20260830_0112.csv
GJ-VER-0138,20.77334278,71.4223448,Gir Somnath,22.2 km seaward operational buffer,2026-08-30T06:30,1.18,229,6.25,0.74,218,6.55,2.3,238,26.8,36.3,253,0.0,True,No hazard,veraval_nodes_REAL_data_20260830_0112.csv
GJ-VER-0139,20.81843357,71.4212802,Gir Somnath,22.2 km seaward operational buffer,2026-08-30T06:30,1.18,229,6.25,0.74,218,6.55,2.3,238,26.8,18.3,255,0.0,True,No hazard,veraval_nodes_REAL_data_20260830_0112.csv
GJ-VER-0140,20.86352407,71.42021276,Gir Somnath,22.2 km seaward operational buffer,2026-08-30T06:30,0.86,229,5.9,0.52,218,6.3,2.7,247,27.6,18.3,255,0.0,True,No hazard,veraval_nodes_REAL_data_20260830_0112.csv
GJ-VER-0001,20.87516585,70.07678103,Gir Somnath,22.2 km seaward operational buffer,2026-08-30T01:00,2.28,243,7.9,1.68,244,7.0,2.1,128,27.2,32.4,252,0.0,True,No hazard,veraval_nodes_REAL_data_20260829_1940.csv
GJ-VER-0002,20.92017704,70.07530903,Gir Somnath,22.2 km seaward operational buffer,2026-08-30T01:00,2.16,244,7.95,1.64,245,7.05,2.2,132,26.8,32.4,251,0.0,True,No hazard,veraval_nodes_REAL_data_20260829_1940.csv
GJ-VER-0003,20.9651879,70.07383312,Gir Somnath,22.2 km seaward operational buffer,2026-08-30T01:00,2.16,244,7.95,1.64,245,7.05,2.2,132,26.8,21.8,249,0.0,True,No hazard,veraval_nodes_REAL_data_20260829_1940.csv
GJ-VER-0004,21.01019843,70.0723533,Gir Somnath,22.2 km seaward operational buffer,2026-08-30T01:00,1.7,243,8.25,1.4,244,7.05,2.0,135,26.6,21.8,249,0.0,True,No hazard,veraval_nodes_REAL_data_20260829_1940.csv
GJ-VER-0005,21.05520861,70.07086956,Gir Somnath,22.2 km seaward operational buffer,2026-08-30T01:00,1.7,243,8.25,1.4,244,7.05,2.0,135,26.6,21.8,249,0.0,True,No hazard,veraval_nodes_REAL_data_20260829_1940.csv
GJ-VER-0006,21.10021846,70.06938189,Gir Somnath,22.2 km seaward operational buffer,2026-08-30T01:00,1.46,244,8.1,1.3,246,6.9,2.0,135,26.4,19.3,248,0.0,True,No hazard,veraval_nodes_REAL_data_20260829_1940.csv
GJ-VER-0007,20.83152605,70.12612866,Gir Somnath,22.2 km seaward operational buffer,2026-08-30T01:00,2.4,242,7.9,1.8,243,6.95,2.1,128,27.2,33.7,253,0.0,True,No hazard,veraval_nodes_REAL_data_20260829_1940.csv
GJ-VER-0008,20.87654082,70.12467471,Gir Somnath,22.2 km seaward operational buffer,2026-08-30T01:00,2.28,242,7.85,1.7,243,6.95,2.3,129,26.8,33.7,253,0.0,True,No hazard,veraval_nodes_REAL_data_20260829_1940.csv
GJ-VER-0009,20.92155525,70.12321689,Gir Somnath,22.2 km seaward operational buffer,2026-08-30T01:00,2.12,242,7.95,1.64,242,6.95,2.3,135,26.6,32.0,251,0.0,True,No hazard,veraval_nodes_REAL_data_20260829_1940.csv
GJ-VER-0010,20.96656935,70.1217552,Gir Somnath,22.2 km seaward operational buffer,2026-08-30T01:00,2.12,242,7.95,1.64,242,6.95,2.3,135,26.6,21.8,249,0.0,True,No hazard,veraval_nodes_REAL_data_20260829_1940.csv
GJ-VER-0011,21.01158311,70.12028964,Gir Somnath,22.2 km seaward operational buffer,2026-08-30T01:00,1.68,236,8.3,1.4,239,6.85,2.0,135,26.4,21.8,249,0.0,True,No hazard,veraval_nodes_REAL_data_20260829_1940.csv
GJ-VER-0012,21.05659653,70.11882019,Gir Somnath,22.2 km seaward operational buffer,2026-08-30T01:00,1.68,236,8.3,1.4,239,6.85,2.0,135,26.4,21.8,249,0.0,True,No hazard,veraval_nodes_REAL_data_20260829_1940.csv
GJ-VER-0013,20.7878662,70.17544804,Gir Somnath,22.2 km seaward operational buffer,2026-08-30T01:00,2.36,242,7.8,1.8,241,6.95,2.2,125,26.7,34.4,255,0.0,True,No hazard,veraval_nodes_REAL_data_20260829_1940.csv
GJ-VER-0014,20.8328845,70.17401206,Gir Somnath,22.2 km seaward operational buffer,2026-08-30T01:00,2.36,242,7.8,1.8,241,6.95,2.2,125,26.7,33.7,253,0.0,True,No hazard,veraval_nodes_REAL_data_20260829_1940.csv
GJ-VER-0015,20.87790246,70.17257226,Gir Somnath,22.2 km seaward operational buffer,2026-08-30T01:00,2.28,242,7.85,1.76,241,6.9,2.3,129,26.3,33.7,253,0.0,True,No hazard,veraval_nodes_REAL_data_20260829_1940.csv
GJ-VER-0016,20.9229201,70.17112863,Gir Somnath,22.2 km seaward operational buffer,2026-08-30T01:00,2.12,240,7.95,1.7,241,6.8,2.2,125,26.0,21.2,250,0.0,True,No hazard,veraval_nodes_REAL_data_20260829_1940.csv
GJ-VER-0017,20.9679374,70.16968116,Gir Somnath,22.2 km seaward operational buffer,2026-08-30T01:00,2.12,240,7.95,1.7,241,6.8,2.2,125,26.0,21.8,249,0.0,True,No hazard,veraval_nodes_REAL_data_20260829_1940.csv
GJ-VER-0018,21.01295437,70.16822986,Gir Somnath,22.2 km seaward operational buffer,2026-08-30T01:00,1.68,236,8.3,1.4,239,6.85,1.7,139,26.4,21.8,249,0.0,True,No hazard,veraval_nodes_REAL_data_20260829_1940.csv
GJ-VER-0019,20.78920817,70.22332115,Gir Somnath,22.2 km seaward operational buffer,2026-08-30T01:00,2.36,242,7.8,1.8,241,6.95,2.2,125,26.7,35.8,256,0.0,True,No hazard,veraval_nodes_REAL_data_20260829_1940.csv
GJ-VER-0020,20.83422964,70.22189929,Gir Somnath,22.2 km seaward operational buffer,2026-08-30T01:00,2.28,242,7.85,1.76,241,6.9,2.3,129,26.3,34.1,255,0.0,True,No hazard,veraval_nodes_REAL_data_20260829_1940.csv
GJ-VER-0021,20.87925078,70.22047364,Gir Somnath,22.2 km seaward operational buffer,2026-08-30T01:00,2.28,242,7.85,1.76,241,6.9,2.3,129,26.3,21.2,250,0.0,True,No hazard,veraval_nodes_REAL_data_20260829_1940.csv
GJ-VER-0022,20.92427159,70.2190442,Gir Somnath,22.2 km seaward operational buffer,2026-08-30T01:00,2.12,240,7.95,1.7,241,6.8,2.2,125,26.0,21.2,250,0.0,True,No hazard,veraval_nodes_REAL_data_20260829_1940.csv
GJ-VER-0023,20.96929207,70.21761096,Gir Somnath,22.2 km seaward operational buffer,2026-08-30T01:00,2.12,240,7.95,1.7,241,6.8,2.2,125,26.0,21.2,250,0.0,True,No hazard,veraval_nodes_REAL_data_20260829_1940.csv
GJ-VER-0024,20.74551194,70.27260204,Gir Somnath,22.2 km seaward operational buffer,2026-08-30T01:00,2.42,244,7.8,1.86,244,6.95,2.1,121,26.6,35.8,256,0.0,True,No hazard,veraval_nodes_REAL_data_20260829_1940.csv
GJ-VER-0025,20.79053688,70.27119804,Gir Somnath,22.2 km seaward operational buffer,2026-08-30T01:00,2.32,242,7.75,1.8,241,6.9,2.4,126,26.2,35.8,256,0.0,True,No hazard,veraval_nodes_REAL_data_20260829_1940.csv
GJ-VER-0026,20.83556148,70.2697903,Gir Somnath,22.2 km seaward operational buffer,2026-08-30T01:00,2.22,242,7.8,1.78,241,6.8,2.3,129,25.9,21.3,255,0.0,True,No hazard,veraval_nodes_REAL_data_20260829_1940.csv
GJ-VER-0027,20.88058576,70.26837881,Gir Somnath,22.2 km seaward operational buffer,2026-08-30T01:00,2.22,242,7.8,1.78,241,6.8,2.3,129,25.9,21.2,250,0.0,True,No hazard,veraval_nodes_REAL_data_20260829_1940.csv
GJ-VER-0028,20.92560971,70.26696356,Gir Somnath,22.2 km seaward operational buffer,2026-08-30T01:00,2.22,242,7.8,1.78,241,6.8,1.9,139,25.9,21.2,250,0.0,True,No hazard,veraval_nodes_REAL_data_20260829_1940.csv
GJ-VER-0029,20.7017959,70.32185479,Gir Somnath,22.2 km seaward operational buffer,2026-08-30T01:00,2.42,244,7.8,1.86,244,6.95,2.1,121,26.6,34.5,256,0.0,True,No hazard,veraval_nodes_REAL_data_20260829_1940.csv
GJ-VER-0030,20.74682427,70.32046858,Gir Somnath,22.2 km seaward operational buffer,2026-08-30T01:00,2.42,244,7.8,1.86,244,6.95,2.1,121,26.6,34.6,256,0.0,True,No hazard,veraval_nodes_REAL_data_20260829_1940.csv
GJ-VER-0031,20.7918523,70.31907867,Gir Somnath,22.2 km seaward operational buffer,2026-08-30T01:00,2.32,242,7.75,1.8,241,6.9,2.4,126,26.2,34.6,256,0.0,True,No hazard,veraval_nodes_REAL_data_20260829_1940.csv
GJ-VER-0032,20.83688002,70.31768506,Gir Somnath,22.2 km seaward operational buffer,2026-08-30T01:00,2.22,242,7.8,1.78,241,6.8,2.3,129,25.9,21.3,255,0.0,True,No hazard,veraval_nodes_REAL_data_20260829_1940.csv
GJ-VER-0033,20.8819074,70.31628773,Gir Somnath,22.2 km seaward operational buffer,2026-08-30T01:00,2.22,242,7.8,1.78,241,6.8,2.3,129,25.9,21.3,255,0.0,True,No hazard,veraval_nodes_REAL_data_20260829_1940.csv
GJ-VER-0034,20.92693447,70.31488669,Gir Somnath,22.2 km seaward operational buffer,2026-08-30T01:00,2.22,242,7.8,1.78,241,6.8,1.9,139,25.9,21.2,250,0.0,True,No hazard,veraval_nodes_REAL_data_20260829_1940.csv
GJ-VER-0035,20.70309191,70.36971098,Gir Somnath,22.2 km seaward operational buffer,2026-08-30T01:00,2.34,244,7.75,1.8,243,6.9,2.3,122,26.3,34.5,256,0.0,True,No hazard,veraval_nodes_REAL_data_20260829_1940.csv
GJ-VER-0036,20.74812334,70.36833883,Gir Somnath,22.2 km seaward operational buffer,2026-08-30T01:00,2.34,244,7.75,1.8,243,6.9,2.3,122,26.3,34.6,256,0.0,True,No hazard,veraval_nodes_REAL_data_20260829_1940.csv
GJ-VER-0037,20.79315445,70.36696301,Gir Somnath,22.2 km seaward operational buffer,2026-08-30T01:00,2.24,241,7.75,1.78,240,6.85,2.4,126,26.0,34.6,256,0.0,True,No hazard,veraval_nodes_REAL_data_20260829_1940.csv
GJ-VER-0038,20.83818524,70.36558353,Gir Somnath,22.2 km seaward operational buffer,2026-08-30T01:00,2.12,241,7.8,1.76,240,6.65,2.3,129,25.8,21.3,255,0.0,True,No hazard,veraval_nodes_REAL_data_20260829_1940.csv
GJ-VER-0039,20.88321571,70.36420037,Gir Somnath,22.2 km seaward operational buffer,2026-08-30T01:00,2.12,241,7.8,1.76,240,6.65,2.3,129,25.8,21.3,255,0.0,True,No hazard,veraval_nodes_REAL_data_20260829_1940.csv
GJ-VER-0040,20.65933989,70.4189253,Gir Somnath,22.2 km seaward operational buffer,2026-08-30T01:00,2.34,245,7.7,1.78,245,6.9,2.2,114,26.4,33.3,255,0.0,True,No hazard,veraval_nodes_REAL_data_20260829_1940.csv
GJ-VER-0041,20.70437469,70.41757083,Gir Somnath,22.2 km seaward operational buffer,2026-08-30T01:00,2.24,243,7.7,1.74,242,6.85,2.5,120,25.9,33.4,257,0.0,True,No hazard,veraval_nodes_REAL_data_20260829_1940.csv
GJ-VER-0042,20.74940916,70.41621274,Gir Somnath,22.2 km seaward operational buffer,2026-08-30T01:00,2.34,244,7.75,1.8,243,6.9,2.3,122,26.3,21.7,258,0.0,True,No hazard,veraval_nodes_REAL_data_20260829_1940.csv
GJ-VER-0043,20.79444332,70.41485102,Gir Somnath,22.2 km seaward operational buffer,2026-08-30T01:00,2.24,241,7.75,1.78,240,6.85,2.4,126,26.0,21.7,258,0.0,True,No hazard,veraval_nodes_REAL_data_20260829_1940.csv
GJ-VER-0044,20.83947715,70.41348568,Gir Somnath,22.2 km seaward operational buffer,2026-08-30T01:00,2.12,241,7.8,1.76,240,6.65,2.3,129,25.8,21.3,255,0.0,True,No hazard,veraval_nodes_REAL_data_20260829_1940.csv
GJ-VER-0045,20.61556832,70.4681116,Gir Somnath,22.2 km seaward operational buffer,2026-08-30T01:00,2.34,245,7.7,1.78,245,6.9,2.2,114,26.4,33.9,256,0.0,True,No hazard,veraval_nodes_REAL_data_20260829_1940.csv
GJ-VER-0046,20.66060644,70.46677474,Gir Somnath,22.2 km seaward operational buffer,2026-08-30T01:00,2.34,245,7.7,1.78,245,6.9,2.2,114,26.4,33.9,256,0.0,True,No hazard,veraval_nodes_REAL_data_20260829_1940.csv
GJ-VER-0047,20.70564424,70.4654343,Gir Somnath,22.2 km seaward operational buffer,2026-08-30T01:00,2.24,243,7.7,1.74,242,6.85,2.5,120,25.9,33.4,257,0.0,True,No hazard,veraval_nodes_REAL_data_20260829_1940.csv
GJ-VER-0048,20.75068172,70.46409028,Gir Somnath,22.2 km seaward operational buffer,2026-08-30T01:00,2.1,240,7.75,1.72,241,6.75,2.5,120,25.4,21.7,258,0.0,True,No hazard,veraval_nodes_REAL_data_20260829_1940.csv
GJ-VER-0049,20.79571889,70.46274267,Gir Somnath,22.2 km seaward operational buffer,2026-08-30T01:00,2.1,240,7.75,1.72,241,6.75,2.5,120,25.4,21.7,258,0.0,True,No hazard,veraval_nodes_REAL_data_20260829_1940.csv
GJ-VER-0050,20.84075574,70.46139146,Gir Somnath,22.2 km seaward operational buffer,2026-08-30T01:00,2.1,240,7.75,1.72,241,6.75,2.0,135,25.1,21.7,258,0.0,True,No hazard,veraval_nodes_REAL_data_20260829_1940.csv
GJ-VER-0051,20.61681869,70.51595063,Gir Somnath,22.2 km seaward operational buffer,2026-08-30T01:00,2.24,244,7.65,1.72,243,6.85,2.5,111,26.2,33.9,256,0.0,True,No hazard,veraval_nodes_REAL_data_20260829_1940.csv
GJ-VER-0052,20.66185978,70.51462777,Gir Somnath,22.2 km seaward operational buffer,2026-08-30T01:00,2.24,244,7.65,1.72,243,6.85,2.5,111,26.2,33.9,256,0.0,True,No hazard,veraval_nodes_REAL_data_20260829_1940.csv
GJ-VER-0053,20.70690056,70.51330136,Gir Somnath,22.2 km seaward operational buffer,2026-08-30T01:00,2.1,242,7.75,1.66,242,6.85,2.7,113,25.6,32.9,258,0.0,True,No hazard,veraval_nodes_REAL_data_20260829_1940.csv
GJ-VER-0054,20.75194103,70.51197141,Gir Somnath,22.2 km seaward operational buffer,2026-08-30T01:00,1.92,240,7.8,1.58,241,6.7,2.4,117,25.4,21.7,258,0.0,True,No hazard,veraval_nodes_REAL_data_20260829_1940.csv
GJ-VER-0055,20.79698117,70.5106379,Gir Somnath,22.2 km seaward operational buffer,2026-08-30T01:00,1.92,240,7.8,1.58,241,6.7,2.4,117,25.4,21.7,258,0.0,True,No hazard,veraval_nodes_REAL_data_20260829_1940.csv
GJ-VER-0056,20.61805589,70.5637932,Gir Somnath,22.2 km seaward operational buffer,2026-08-30T01:00,2.24,244,7.65,1.72,243,6.85,2.5,111,26.2,35.1,258,0.0,True,No hazard,veraval_nodes_REAL_data_20260829_1940.csv
GJ-VER-0057,20.66309993,70.56248433,Gir Somnath,22.2 km seaward operational buffer,2026-08-30T01:00,2.24,244,7.65,1.72,243,6.85,2.5,111,26.2,35.1,258,0.0,True,No hazard,veraval_nodes_REAL_data_20260829_1940.csv
GJ-VER-0058,20.70814365,70.56117196,Gir Somnath,22.2 km seaward operational buffer,2026-08-30T01:00,2.1,242,7.75,1.66,242,6.85,2.7,113,25.6,32.9,258,0.0,True,No hazard,veraval_nodes_REAL_data_20260829_1940.csv
GJ-VER-0059,20.75318706,70.55985608,Gir Somnath,22.2 km seaward operational buffer,2026-08-30T01:00,1.92,240,7.8,1.58,241,6.7,2.4,117,25.4,20.0,256,0.0,True,No hazard,veraval_nodes_REAL_data_20260829_1940.csv
GJ-VER-0060,20.57423265,70.61293066,Gir Somnath,22.2 km seaward operational buffer,2026-08-30T01:00,2.3,246,7.6,1.76,246,6.85,2.6,102,26.8,34.9,256,0.0,True,No hazard,veraval_nodes_REAL_data_20260829_1940.csv
GJ-VER-0061,20.61927992,70.61163926,Gir Somnath,22.2 km seaward operational buffer,2026-08-30T01:00,2.18,243,7.65,1.64,241,6.9,2.8,108,26.0,34.8,259,0.0,True,No hazard,veraval_nodes_REAL_data_20260829_1940.csv
GJ-VER-0062,20.66432687,70.6103444,Gir Somnath,22.2 km seaward operational buffer,2026-08-30T01:00,2.18,243,7.65,1.64,241,6.9,2.8,108,26.0,31.5,259,0.0,True,No hazard,veraval_nodes_REAL_data_20260829_1940.csv
GJ-VER-0063,20.7093735,70.60904607,Gir Somnath,22.2 km seaward operational buffer,2026-08-30T01:00,1.92,240,7.8,1.52,240,6.8,2.7,113,25.4,22.0,257,0.0,True,No hazard,veraval_nodes_REAL_data_20260829_1940.csv
GJ-VER-0064,20.75441983,70.60774428,Gir Somnath,22.2 km seaward operational buffer,2026-08-30T01:00,1.6,239,7.8,1.34,240,6.65,2.6,115,25.1,20.0,256,0.0,True,No hazard,veraval_nodes_REAL_data_20260829_1940.csv
GJ-VER-0065,20.57544062,70.66076621,Gir Somnath,22.2 km seaward operational buffer,2026-08-30T01:00,2.3,246,7.6,1.76,246,6.85,2.6,102,26.8,35.1,257,0.1,True,No hazard,veraval_nodes_REAL_data_20260829_1940.csv
GJ-VER-0066,20.62049076,70.65948879,Gir Somnath,22.2 km seaward operational buffer,2026-08-30T01:00,2.18,243,7.65,1.64,241,6.9,2.8,108,26.0,34.8,259,0.0,True,No hazard,veraval_nodes_REAL_data_20260829_1940.csv
GJ-VER-0067,20.66554059,70.65820794,Gir Somnath,22.2 km seaward operational buffer,2026-08-30T01:00,2.18,243,7.65,1.64,241,6.9,2.8,108,26.0,34.8,259,0.0,True,No hazard,veraval_nodes_REAL_data_20260829_1940.csv
GJ-VER-0068,20.71059011,70.65692366,Gir Somnath,22.2 km seaward operational buffer,2026-08-30T01:00,1.92,240,7.8,1.52,240,6.8,2.7,113,25.4,22.0,257,0.0,True,No hazard,veraval_nodes_REAL_data_20260829_1940.csv
GJ-VER-0069,20.75563932,70.65563594,Gir Somnath,22.2 km seaward operational buffer,2026-08-30T01:00,1.6,239,7.8,1.34,240,6.65,2.6,115,25.1,22.0,257,0.0,True,No hazard,veraval_nodes_REAL_data_20260829_1940.csv
GJ-VER-0070,20.53158213,70.70986525,Gir Somnath,22.2 km seaward operational buffer,2026-08-30T01:00,2.28,246,7.55,1.76,245,6.85,2.9,97,26.7,34.4,253,0.0,True,No hazard,veraval_nodes_REAL_data_20260829_1940.csv
GJ-VER-0071,20.57663543,70.70860519,Gir Somnath,22.2 km seaward operational buffer,2026-08-30T01:00,2.28,246,7.55,1.76,245,6.85,2.9,97,26.7,35.1,257,0.1,True,No hazard,veraval_nodes_REAL_data_20260829_1940.csv
GJ-VER-0072,20.62168842,70.70734174,Gir Somnath,22.2 km seaward operational buffer,2026-08-30T01:00,2.12,242,7.6,1.6,240,6.85,3.3,103,25.9,32.4,260,0.0,True,No hazard,veraval_nodes_REAL_data_20260829_1940.csv
GJ-VER-0073,20.6667411,70.7060749,Gir Somnath,22.2 km seaward operational buffer,2026-08-30T01:00,1.76,237,7.75,1.4,238,6.7,3.2,106,25.4,27.3,260,0.0,True,No hazard,veraval_nodes_REAL_data_20260829_1940.csv
GJ-VER-0074,20.71179348,70.70480468,Gir Somnath,22.2 km seaward operational buffer,2026-08-30T01:00,1.76,237,7.75,1.4,238,6.7,3.2,106,25.4,22.0,257,0.0,True,No hazard,veraval_nodes_REAL_data_20260829_1940.csv
GJ-VER-0075,20.53276097,70.75769366,Gir Somnath,22.2 km seaward operational buffer,2026-08-30T01:00,2.28,246,7.55,1.74,245,6.9,3.3,96,26.7,34.5,257,0.0,True,No hazard,veraval_nodes_REAL_data_20260829_1940.csv
GJ-VER-0076,20.57781709,70.75644754,Gir Somnath,22.2 km seaward operational buffer,2026-08-30T01:00,2.28,246,7.55,1.74,245,6.9,3.3,96,26.7,34.5,257,0.0,True,No hazard,veraval_nodes_REAL_data_20260829_1940.csv
GJ-VER-0077,20.6228729,70.75519808,Gir Somnath,22.2 km seaward operational buffer,2026-08-30T01:00,2.1,242,7.6,1.62,240,6.85,3.5,99,25.8,32.4,260,0.0,True,No hazard,veraval_nodes_REAL_data_20260829_1940.csv
GJ-VER-0078,20.66792839,70.75394526,Gir Somnath,22.2 km seaward operational buffer,2026-08-30T01:00,1.62,237,7.7,1.3,238,6.55,3.3,103,25.3,22.0,257,0.0,True,No hazard,veraval_nodes_REAL_data_20260829_1940.csv
GJ-VER-0079,20.71298359,70.75268909,Gir Somnath,22.2 km seaward operational buffer,2026-08-30T01:00,1.62,237,7.7,1.3,238,6.55,3.3,103,25.3,22.0,257,0.0,True,No hazard,veraval_nodes_REAL_data_20260829_1940.csv
GJ-VER-0080,20.53392669,70.80552542,Gir Somnath,22.2 km seaward operational buffer,2026-08-30T01:00,2.28,246,7.55,1.74,245,6.9,3.3,96,26.7,34.6,253,0.0,True,No hazard,veraval_nodes_REAL_data_20260829_1940.csv
GJ-VER-0081,20.57898558,70.80429325,Gir Somnath,22.2 km seaward operational buffer,2026-08-30T01:00,2.28,246,7.55,1.74,245,6.9,3.3,96,26.7,34.5,257,0.0,True,No hazard,veraval_nodes_REAL_data_20260829_1940.csv
GJ-VER-0082,20.62404418,70.80305777,Gir Somnath,22.2 km seaward operational buffer,2026-08-30T01:00,2.1,242,7.6,1.62,240,6.85,3.5,99,25.8,30.3,260,0.0,True,No hazard,veraval_nodes_REAL_data_20260829_1940.csv
GJ-VER-0083,20.66910246,70.80181898,Gir Somnath,22.2 km seaward operational buffer,2026-08-30T01:00,1.62,237,7.7,1.3,238,6.55,3.3,103,25.3,19.3,256,0.0,True,No hazard,veraval_nodes_REAL_data_20260829_1940.csv
GJ-VER-0084,20.53507927,70.85336048,Gir Somnath,22.2 km seaward operational buffer,2026-08-30T01:00,2.28,246,7.5,1.7,243,7.0,3.4,90,26.6,34.3,257,0.0,True,No hazard,veraval_nodes_REAL_data_20260829_1940.csv
GJ-VER-0085,20.58014092,70.85214226,Gir Somnath,22.2 km seaward operational buffer,2026-08-30T01:00,2.28,246,7.5,1.7,243,7.0,3.4,90,26.6,34.3,257,0.0,True,No hazard,veraval_nodes_REAL_data_20260829_1940.csv
GJ-VER-0086,20.62520226,70.85092077,Gir Somnath,22.2 km seaward operational buffer,2026-08-30T01:00,2.1,241,7.6,1.62,239,6.85,3.8,93,25.7,30.3,260,0.0,True,No hazard,veraval_nodes_REAL_data_20260829_1940.csv
GJ-VER-0087,20.6702633,70.84969601,Gir Somnath,22.2 km seaward operational buffer,2026-08-30T01:00,1.54,233,7.65,1.24,234,6.5,2.9,94,25.5,18.5,255,0.0,True,No hazard,veraval_nodes_REAL_data_20260829_1940.csv
GJ-VER-0088,20.53621871,70.9011988,Gir Somnath,22.2 km seaward operational buffer,2026-08-30T01:00,2.28,246,7.5,1.7,243,7.0,3.4,90,26.6,34.6,254,0.0,True,No hazard,veraval_nodes_REAL_data_20260829_1940.csv
GJ-VER-0089,20.58128308,70.89999455,Gir Somnath,22.2 km seaward operational buffer,2026-08-30T01:00,2.28,246,7.5,1.7,243,7.0,3.4,90,26.6,34.3,257,0.0,True,No hazard,veraval_nodes_REAL_data_20260829_1940.csv
GJ-VER-0090,20.62634715,70.89878705,Gir Somnath,22.2 km seaward operational buffer,2026-08-30T01:00,2.1,241,7.6,1.62,239,6.85,3.8,93,25.7,31.5,260,0.0,True,No hazard,veraval_nodes_REAL_data_20260829_1940.csv
GJ-VER-0091,20.67141091,70.89757632,Gir Somnath,22.2 km seaward operational buffer,2026-08-30T01:00,1.54,233,7.65,1.24,234,6.5,2.9,94,25.5,18.5,255,0.0,True,No hazard,veraval_nodes_REAL_data_20260829_1940.csv
GJ-VER-0092,20.53734501,70.94904036,Gir Somnath,22.2 km seaward operational buffer,2026-08-30T01:00,2.24,246,7.45,1.64,242,7.05,3.8,87,26.6,35.2,258,0.0,True,No hazard,veraval_nodes_REAL_data_20260829_1940.csv
GJ-VER-0093,20.58241207,70.94785006,Gir Somnath,22.2 km seaward operational buffer,2026-08-30T01:00,2.24,246,7.45,1.64,242,7.05,3.8,87,26.6,35.2,258,0.0,True,No hazard,veraval_nodes_REAL_data_20260829_1940.csv
GJ-VER-0094,20.62747883,70.94665657,Gir Somnath,22.2 km seaward operational buffer,2026-08-30T01:00,2.08,240,7.6,1.56,238,6.9,4.0,87,25.8,31.5,260,0.0,True,No hazard,veraval_nodes_REAL_data_20260829_1940.csv
GJ-VER-0095,20.67254529,70.94545987,Gir Somnath,22.2 km seaward operational buffer,2026-08-30T01:00,1.48,231,7.6,1.16,232,6.5,3.1,87,25.7,19.2,255,0.0,True,No hazard,veraval_nodes_REAL_data_20260829_1940.csv
GJ-VER-0096,20.53845817,70.99688511,Gir Somnath,22.2 km seaward operational buffer,2026-08-30T01:00,2.24,246,7.45,1.64,242,7.05,3.8,87,26.6,36.7,258,0.0,True,No hazard,veraval_nodes_REAL_data_20260829_1940.csv
GJ-VER-0097,20.58352789,70.99570878,Gir Somnath,22.2 km seaward operational buffer,2026-08-30T01:00,2.08,240,7.6,1.56,238,6.9,4.0,87,25.8,36.7,258,0.0,True,No hazard,veraval_nodes_REAL_data_20260829_1940.csv
GJ-VER-0098,20.62859731,70.99452929,Gir Somnath,22.2 km seaward operational buffer,2026-08-30T01:00,2.08,240,7.6,1.56,238,6.9,4.0,87,25.8,34.1,259,0.0,True,No hazard,veraval_nodes_REAL_data_20260829_1940.csv
GJ-VER-0099,20.67366643,70.99334663,Gir Somnath,22.2 km seaward operational buffer,2026-08-30T01:00,1.48,231,7.6,1.16,232,6.5,3.1,87,25.7,19.2,255,0.0,True,No hazard,veraval_nodes_REAL_data_20260829_1940.csv
GJ-VER-0100,20.53955818,71.04473301,Gir Somnath,22.2 km seaward operational buffer,2026-08-30T01:00,2.2,246,7.4,1.6,242,7.1,4.0,82,26.6,36.7,258,0.0,True,No hazard,veraval_nodes_REAL_data_20260829_1940.csv
GJ-VER-0101,20.58463052,71.04357065,Gir Somnath,22.2 km seaward operational buffer,2026-08-30T01:00,1.96,240,7.55,1.46,237,7.0,4.0,82,25.8,36.7,258,0.0,True,No hazard,veraval_nodes_REAL_data_20260829_1940.csv
GJ-VER-0102,20.62970257,71.04240517,Gir Somnath,22.2 km seaward operational buffer,2026-08-30T01:00,1.96,240,7.55,1.46,237,7.0,4.0,82,25.8,34.1,259,0.0,True,No hazard,veraval_nodes_REAL_data_20260829_1940.csv
GJ-VER-0103,20.67477432,71.04123656,Gir Somnath,22.2 km seaward operational buffer,2026-08-30T01:00,1.4,232,7.45,1.08,230,6.6,3.1,77,25.9,20.5,255,0.0,True,No hazard,veraval_nodes_REAL_data_20260829_1940.csv
GJ-VER-0104,20.71984577,71.04006482,Gir Somnath,22.2 km seaward operational buffer,2026-08-30T01:00,1.4,232,7.45,1.08,230,6.6,3.1,77,25.9,20.5,255,0.0,True,No hazard,veraval_nodes_REAL_data_20260829_1940.csv
GJ-VER-0105,20.54064504,71.09258403,Gir Somnath,22.2 km seaward operational buffer,2026-08-30T01:00,2.14,246,7.35,1.54,241,7.05,4.2,83,26.5,36.5,258,0.0,True,No hazard,veraval_nodes_REAL_data_20260829_1940.csv
GJ-VER-0106,20.58571998,71.09143565,Gir Somnath,22.2 km seaward operational buffer,2026-08-30T01:00,1.84,241,7.45,1.32,236,7.05,3.9,74,25.9,36.5,258,0.0,True,No hazard,veraval_nodes_REAL_data_20260829_1940.csv
GJ-VER-0107,20.63079462,71.09028418,Gir Somnath,22.2 km seaward operational buffer,2026-08-30T01:00,1.84,241,7.45,1.32,236,7.05,3.9,74,25.9,35.4,259,0.0,True,No hazard,veraval_nodes_REAL_data_20260829_1940.csv
GJ-VER-0108,20.67586897,71.08912962,Gir Somnath,22.2 km seaward operational buffer,2026-08-30T01:00,1.32,233,7.3,0.98,229,6.7,3.6,70,25.9,20.5,255,0.0,True,No hazard,veraval_nodes_REAL_data_20260829_1940.csv
GJ-VER-0109,20.72094302,71.08797196,Gir Somnath,22.2 km seaward operational buffer,2026-08-30T01:00,1.32,233,7.3,0.98,229,6.7,3.6,70,25.9,20.5,255,0.0,True,No hazard,veraval_nodes_REAL_data_20260829_1940.csv
GJ-VER-0110,20.58679624,71.13930373,Gir Somnath,22.2 km seaward operational buffer,2026-08-30T01:00,1.84,241,7.45,1.32,236,7.05,3.9,74,25.9,36.5,258,0.0,True,No hazard,veraval_nodes_REAL_data_20260829_1940.csv
GJ-VER-0111,20.63187345,71.13816627,Gir Somnath,22.2 km seaward operational buffer,2026-08-30T01:00,1.84,241,7.45,1.32,236,7.05,3.9,74,25.9,35.4,259,0.0,True,No hazard,veraval_nodes_REAL_data_20260829_1940.csv
GJ-VER-0112,20.67695037,71.13702577,Gir Somnath,22.2 km seaward operational buffer,2026-08-30T01:00,1.32,233,7.3,0.98,229,6.7,3.6,70,25.9,20.5,255,0.0,True,No hazard,veraval_nodes_REAL_data_20260829_1940.csv
GJ-VER-0113,20.72202699,71.13588221,Gir Somnath,22.2 km seaward operational buffer,2026-08-30T01:00,1.32,233,7.3,0.98,229,6.7,3.6,70,25.9,20.5,255,0.0,True,No hazard,veraval_nodes_REAL_data_20260829_1940.csv
GJ-VER-0114,20.58785932,71.18717485,Gir Somnath,22.2 km seaward operational buffer,2026-08-30T01:00,1.74,240,7.3,1.22,235,7.05,4.0,72,26.1,34.4,258,0.0,True,No hazard,veraval_nodes_REAL_data_20260829_1940.csv
GJ-VER-0115,20.63293906,71.18605142,Gir Somnath,22.2 km seaward operational buffer,2026-08-30T01:00,1.74,240,7.3,1.22,235,7.05,4.0,72,26.1,35.1,258,0.0,True,No hazard,veraval_nodes_REAL_data_20260829_1940.csv
GJ-VER-0116,20.67801851,71.18492497,Gir Somnath,22.2 km seaward operational buffer,2026-08-30T01:00,1.26,235,7.0,0.9,229,6.75,3.9,68,26.1,20.5,255,0.0,True,No hazard,veraval_nodes_REAL_data_20260829_1940.csv
GJ-VER-0117,20.72309767,71.1837955,Gir Somnath,22.2 km seaward operational buffer,2026-08-30T01:00,1.26,235,7.0,0.9,229,6.75,3.9,68,26.1,20.5,255,0.0,True,No hazard,veraval_nodes_REAL_data_20260829_1940.csv
GJ-VER-0118,20.76817653,71.18266302,Gir Somnath,22.2 km seaward operational buffer,2026-08-30T01:00,0.86,228,6.4,0.6,224,6.35,3.5,69,26.7,17.8,250,0.0,True,No hazard,veraval_nodes_REAL_data_20260829_1940.csv
GJ-VER-0119,20.5889092,71.23504899,Gir Somnath,22.2 km seaward operational buffer,2026-08-30T01:00,1.74,240,7.3,1.22,235,7.05,4.0,72,26.1,34.4,258,0.0,True,No hazard,veraval_nodes_REAL_data_20260829_1940.csv
GJ-VER-0120,20.63399145,71.23393958,Gir Somnath,22.2 km seaward operational buffer,2026-08-30T01:00,1.74,240,7.3,1.22,235,7.05,4.0,72,26.1,35.1,258,0.0,True,No hazard,veraval_nodes_REAL_data_20260829_1940.csv
GJ-VER-0121,20.6790734,71.23282719,Gir Somnath,22.2 km seaward operational buffer,2026-08-30T01:00,1.26,235,7.0,0.9,229,6.75,3.9,68,26.1,33.6,256,0.0,True,No hazard,veraval_nodes_REAL_data_20260829_1940.csv
GJ-VER-0122,20.72415507,71.23171182,Gir Somnath,22.2 km seaward operational buffer,2026-08-30T01:00,1.26,235,7.0,0.9,229,6.75,3.9,68,26.1,33.6,256,0.0,True,No hazard,veraval_nodes_REAL_data_20260829_1940.csv
GJ-VER-0123,20.76923643,71.23059347,Gir Somnath,22.2 km seaward operational buffer,2026-08-30T01:00,0.86,228,6.4,0.6,224,6.35,3.5,69,26.7,19.5,251,0.0,True,No hazard,veraval_nodes_REAL_data_20260829_1940.csv
GJ-VER-0124,20.63503061,71.28183071,Gir Somnath,22.2 km seaward operational buffer,2026-08-30T01:00,1.7,240,7.2,1.16,235,7.05,4.2,70,26.4,34.6,258,0.0,True,No hazard,veraval_nodes_REAL_data_20260829_1940.csv
GJ-VER-0125,20.68011503,71.28073239,Gir Somnath,22.2 km seaward operational buffer,2026-08-30T01:00,1.24,235,6.75,0.84,229,6.8,4.2,70,26.3,33.6,256,0.0,True,No hazard,veraval_nodes_REAL_data_20260829_1940.csv
GJ-VER-0126,20.72519917,71.27963113,Gir Somnath,22.2 km seaward operational buffer,2026-08-30T01:00,1.24,235,6.75,0.84,229,6.8,4.2,70,26.3,33.6,256,0.0,True,No hazard,veraval_nodes_REAL_data_20260829_1940.csv
GJ-VER-0127,20.77028301,71.27852692,Gir Somnath,22.2 km seaward operational buffer,2026-08-30T01:00,0.9,228,6.25,0.6,224,6.4,3.9,66,26.7,19.5,251,0.0,True,No hazard,veraval_nodes_REAL_data_20260829_1940.csv
GJ-VER-0128,20.81536657,71.27741976,Gir Somnath,22.2 km seaward operational buffer,2026-08-30T01:00,0.9,228,6.25,0.6,224,6.4,3.9,66,26.7,19.5,251,0.0,True,No hazard,veraval_nodes_REAL_data_20260829_1940.csv
GJ-VER-0129,20.63605653,71.32972479,Gir Somnath,22.2 km seaward operational buffer,2026-08-30T01:00,1.7,240,7.2,1.16,235,7.05,4.2,70,26.4,34.6,258,0.0,True,No hazard,veraval_nodes_REAL_data_20260829_1940.csv
GJ-VER-0130,20.6811434,71.32864054,Gir Somnath,22.2 km seaward operational buffer,2026-08-30T01:00,1.24,235,6.75,0.84,229,6.8,4.2,70,26.3,36.1,255,0.0,True,No hazard,veraval_nodes_REAL_data_20260829_1940.csv
GJ-VER-0131,20.72622998,71.32755338,Gir Somnath,22.2 km seaward operational buffer,2026-08-30T01:00,1.24,235,6.75,0.84,229,6.8,4.2,70,26.3,36.1,255,0.0,True,No hazard,veraval_nodes_REAL_data_20260829_1940.csv
GJ-VER-0132,20.77131627,71.32646331,Gir Somnath,22.2 km seaward operational buffer,2026-08-30T01:00,0.9,228,6.25,0.6,224,6.4,3.9,66,26.7,19.5,251,0.0,True,No hazard,veraval_nodes_REAL_data_20260829_1940.csv
GJ-VER-0133,20.81640226,71.32537034,Gir Somnath,22.2 km seaward operational buffer,2026-08-30T01:00,0.9,228,6.25,0.6,224,6.4,3.9,66,26.7,19.5,251,0.0,True,No hazard,veraval_nodes_REAL_data_20260829_1940.csv
GJ-VER-0134,20.6821585,71.37655158,Gir Somnath,22.2 km seaward operational buffer,2026-08-30T01:00,1.32,236,6.65,0.84,227,6.8,4.4,69,26.4,36.1,255,0.0,True,No hazard,veraval_nodes_REAL_data_20260829_1940.csv
GJ-VER-0135,20.72724749,71.37547854,Gir Somnath,22.2 km seaward operational buffer,2026-08-30T01:00,1.32,236,6.65,0.84,227,6.8,4.4,69,26.4,36.1,255,0.0,True,No hazard,veraval_nodes_REAL_data_20260829_1940.csv
GJ-VER-0136,20.77233619,71.37440262,Gir Somnath,22.2 km seaward operational buffer,2026-08-30T01:00,0.98,230,6.25,0.62,223,6.45,4.3,68,26.8,31.7,254,0.0,True,No hazard,veraval_nodes_REAL_data_20260829_1940.csv
GJ-VER-0137,20.8174246,71.37332383,Gir Somnath,22.2 km seaward operational buffer,2026-08-30T01:00,0.98,230,6.25,0.62,223,6.45,4.3,68,26.8,17.1,248,0.0,True,No hazard,veraval_nodes_REAL_data_20260829_1940.csv
GJ-VER-0138,20.77334278,71.4223448,Gir Somnath,22.2 km seaward operational buffer,2026-08-30T01:00,1.16,231,6.35,0.72,220,6.45,4.5,67,26.9,34.6,253,0.0,True,No hazard,veraval_nodes_REAL_data_20260829_1940.csv
GJ-VER-0139,20.81843357,71.4212802,Gir Somnath,22.2 km seaward operational buffer,2026-08-30T01:00,1.16,231,6.35,0.72,220,6.45,4.5,67,26.9,17.1,248,0.0,True,No hazard,veraval_nodes_REAL_data_20260829_1940.csv
GJ-VER-0140,20.86352407,71.42021276,Gir Somnath,22.2 km seaward operational buffer,2026-08-30T01:00,0.82,231,6.05,0.5,220,6.1,4.1,67,27.7,17.1,248,0.0,True,No hazard,veraval_nodes_REAL_data_20260829_1940.csv
GJ-VER-0001,20.87516585,70.07678103,Gir Somnath,22.2 km seaward operational buffer,2026-09-01T06:00,2.24,237,8.4,1.76,238,7.1,1.0,135,26.8,29.4,261,0.0,True,No hazard,veraval_nodes_REAL_data_20260901_0032.csv
GJ-VER-0002,20.92017704,70.07530903,Gir Somnath,22.2 km seaward operational buffer,2026-09-01T06:00,2.12,239,8.35,1.7,239,7.15,1.3,135,26.5,30.0,260,0.0,True,No hazard,veraval_nodes_REAL_data_20260901_0032.csv
GJ-VER-0003,20.9651879,70.07383312,Gir Somnath,22.2 km seaward operational buffer,2026-09-01T06:00,2.12,239,8.35,1.7,239,7.15,1.3,135,26.5,19.7,258,0.0,True,No hazard,veraval_nodes_REAL_data_20260901_0032.csv
GJ-VER-0004,21.01019843,70.0723533,Gir Somnath,22.2 km seaward operational buffer,2026-09-01T06:00,1.7,239,8.55,1.42,239,7.2,0.9,127,26.1,19.7,258,0.0,True,No hazard,veraval_nodes_REAL_data_20260901_0032.csv
GJ-VER-0005,21.05520861,70.07086956,Gir Somnath,22.2 km seaward operational buffer,2026-09-01T06:00,1.7,239,8.55,1.42,239,7.2,0.9,127,26.1,19.7,258,0.0,True,No hazard,veraval_nodes_REAL_data_20260901_0032.csv
GJ-VER-0006,21.10021846,70.06938189,Gir Somnath,22.2 km seaward operational buffer,2026-09-01T06:00,1.46,240,8.35,1.32,241,7.05,0.8,117,25.9,18.1,257,0.0,True,No hazard,veraval_nodes_REAL_data_20260901_0032.csv
GJ-VER-0007,20.83152605,70.12612866,Gir Somnath,22.2 km seaward operational buffer,2026-09-01T06:00,2.36,236,8.5,1.88,237,7.05,1.0,135,26.8,29.6,262,0.0,True,No hazard,veraval_nodes_REAL_data_20260901_0032.csv
GJ-VER-0008,20.87654082,70.12467471,Gir Somnath,22.2 km seaward operational buffer,2026-09-01T06:00,2.26,236,8.45,1.78,237,7.05,1.2,129,26.5,29.6,262,0.0,True,No hazard,veraval_nodes_REAL_data_20260901_0032.csv
GJ-VER-0009,20.92155525,70.12321689,Gir Somnath,22.2 km seaward operational buffer,2026-09-01T06:00,2.1,237,8.45,1.7,237,7.0,1.2,129,26.2,28.8,261,0.0,True,No hazard,veraval_nodes_REAL_data_20260901_0032.csv
GJ-VER-0010,20.96656935,70.1217552,Gir Somnath,22.2 km seaward operational buffer,2026-09-01T06:00,2.1,237,8.45,1.7,237,7.0,1.2,129,26.2,19.7,258,0.0,True,No hazard,veraval_nodes_REAL_data_20260901_0032.csv
GJ-VER-0011,21.01158311,70.12028964,Gir Somnath,22.2 km seaward operational buffer,2026-09-01T06:00,1.7,232,8.7,1.42,235,6.95,0.8,135,26.0,19.7,258,0.0,True,No hazard,veraval_nodes_REAL_data_20260901_0032.csv
GJ-VER-0012,21.05659653,70.11882019,Gir Somnath,22.2 km seaward operational buffer,2026-09-01T06:00,1.7,232,8.7,1.42,235,6.95,0.8,135,26.0,19.7,258,0.0,True,No hazard,veraval_nodes_REAL_data_20260901_0032.csv
GJ-VER-0013,20.7878662,70.17544804,Gir Somnath,22.2 km seaward operational buffer,2026-09-01T06:00,2.34,236,8.45,1.86,236,7.05,1.2,129,26.6,30.1,263,0.0,True,No hazard,veraval_nodes_REAL_data_20260901_0032.csv
GJ-VER-0014,20.8328845,70.17401206,Gir Somnath,22.2 km seaward operational buffer,2026-09-01T06:00,2.34,236,8.45,1.86,236,7.05,1.2,129,26.6,29.6,262,0.0,True,No hazard,veraval_nodes_REAL_data_20260901_0032.csv
GJ-VER-0015,20.87790246,70.17257226,Gir Somnath,22.2 km seaward operational buffer,2026-09-01T06:00,2.26,236,8.4,1.82,236,7.0,1.2,129,26.2,29.6,262,0.0,True,No hazard,veraval_nodes_REAL_data_20260901_0032.csv
GJ-VER-0016,20.9229201,70.17112863,Gir Somnath,22.2 km seaward operational buffer,2026-09-01T06:00,2.12,235,8.5,1.78,236,6.85,0.9,127,26.1,19.2,260,0.0,True,No hazard,veraval_nodes_REAL_data_20260901_0032.csv
GJ-VER-0017,20.9679374,70.16968116,Gir Somnath,22.2 km seaward operational buffer,2026-09-01T06:00,2.12,235,8.5,1.78,236,6.85,0.9,127,26.1,19.7,258,0.0,True,No hazard,veraval_nodes_REAL_data_20260901_0032.csv
GJ-VER-0018,21.01295437,70.16822986,Gir Somnath,22.2 km seaward operational buffer,2026-09-01T06:00,1.7,232,8.7,1.42,235,6.95,0.4,153,26.3,19.7,258,0.0,True,No hazard,veraval_nodes_REAL_data_20260901_0032.csv
GJ-VER-0019,20.78920817,70.22332115,Gir Somnath,22.2 km seaward operational buffer,2026-09-01T06:00,2.34,236,8.45,1.86,236,7.05,1.2,129,26.6,31.3,264,0.1,True,No hazard,veraval_nodes_REAL_data_20260901_0032.csv
GJ-VER-0020,20.83422964,70.22189929,Gir Somnath,22.2 km seaward operational buffer,2026-09-01T06:00,2.26,236,8.4,1.82,236,7.0,1.2,129,26.2,30.0,264,0.0,True,No hazard,veraval_nodes_REAL_data_20260901_0032.csv
GJ-VER-0021,20.87925078,70.22047364,Gir Somnath,22.2 km seaward operational buffer,2026-09-01T06:00,2.26,236,8.4,1.82,236,7.0,1.2,129,26.2,19.2,260,0.0,True,No hazard,veraval_nodes_REAL_data_20260901_0032.csv
GJ-VER-0022,20.92427159,70.2190442,Gir Somnath,22.2 km seaward operational buffer,2026-09-01T06:00,2.12,235,8.5,1.78,236,6.85,0.9,127,26.1,19.2,260,0.0,True,No hazard,veraval_nodes_REAL_data_20260901_0032.csv
GJ-VER-0023,20.96929207,70.21761096,Gir Somnath,22.2 km seaward operational buffer,2026-09-01T06:00,2.12,235,8.5,1.78,236,6.85,0.9,127,26.1,19.2,260,0.0,True,No hazard,veraval_nodes_REAL_data_20260901_0032.csv
GJ-VER-0024,20.74551194,70.27260204,Gir Somnath,22.2 km seaward operational buffer,2026-09-01T06:00,2.36,239,8.4,1.9,239,7.05,1.3,135,26.5,31.3,264,0.1,True,No hazard,veraval_nodes_REAL_data_20260901_0032.csv
GJ-VER-0025,20.79053688,70.27119804,Gir Somnath,22.2 km seaward operational buffer,2026-09-01T06:00,2.3,236,8.4,1.86,236,7.0,1.2,129,26.1,31.3,264,0.1,True,No hazard,veraval_nodes_REAL_data_20260901_0032.csv
GJ-VER-0026,20.83556148,70.2697903,Gir Somnath,22.2 km seaward operational buffer,2026-09-01T06:00,2.22,236,8.4,1.84,236,6.9,0.9,127,25.8,19.4,263,0.0,True,No hazard,veraval_nodes_REAL_data_20260901_0032.csv
GJ-VER-0027,20.88058576,70.26837881,Gir Somnath,22.2 km seaward operational buffer,2026-09-01T06:00,2.22,236,8.4,1.84,236,6.9,0.9,127,25.8,19.2,260,0.0,True,No hazard,veraval_nodes_REAL_data_20260901_0032.csv
GJ-VER-0028,20.92560971,70.26696356,Gir Somnath,22.2 km seaward operational buffer,2026-09-01T06:00,2.22,236,8.4,1.84,236,6.9,0.4,153,25.8,19.2,260,0.0,True,No hazard,veraval_nodes_REAL_data_20260901_0032.csv
GJ-VER-0029,20.7017959,70.32185479,Gir Somnath,22.2 km seaward operational buffer,2026-09-01T06:00,2.36,239,8.4,1.9,239,7.05,1.3,135,26.5,30.2,264,0.1,True,No hazard,veraval_nodes_REAL_data_20260901_0032.csv
GJ-VER-0030,20.74682427,70.32046858,Gir Somnath,22.2 km seaward operational buffer,2026-09-01T06:00,2.36,239,8.4,1.9,239,7.05,1.3,135,26.5,30.2,265,0.1,True,No hazard,veraval_nodes_REAL_data_20260901_0032.csv
GJ-VER-0031,20.7918523,70.31907867,Gir Somnath,22.2 km seaward operational buffer,2026-09-01T06:00,2.3,236,8.4,1.86,236,7.0,1.2,129,26.1,30.2,265,0.1,True,No hazard,veraval_nodes_REAL_data_20260901_0032.csv
GJ-VER-0032,20.83688002,70.31768506,Gir Somnath,22.2 km seaward operational buffer,2026-09-01T06:00,2.22,236,8.4,1.84,236,6.9,0.9,127,25.8,19.4,263,0.0,True,No hazard,veraval_nodes_REAL_data_20260901_0032.csv
GJ-VER-0033,20.8819074,70.31628773,Gir Somnath,22.2 km seaward operational buffer,2026-09-01T06:00,2.22,236,8.4,1.84,236,6.9,0.9,127,25.8,19.4,263,0.0,True,No hazard,veraval_nodes_REAL_data_20260901_0032.csv
GJ-VER-0034,20.92693447,70.31488669,Gir Somnath,22.2 km seaward operational buffer,2026-09-01T06:00,2.22,236,8.4,1.84,236,6.9,0.4,153,25.8,19.2,260,0.0,True,No hazard,veraval_nodes_REAL_data_20260901_0032.csv
GJ-VER-0035,20.70309191,70.36971098,Gir Somnath,22.2 km seaward operational buffer,2026-09-01T06:00,2.3,239,8.35,1.84,238,7.05,1.2,129,26.3,30.2,264,0.1,True,No hazard,veraval_nodes_REAL_data_20260901_0032.csv
GJ-VER-0036,20.74812334,70.36833883,Gir Somnath,22.2 km seaward operational buffer,2026-09-01T06:00,2.3,239,8.35,1.84,238,7.05,1.2,129,26.3,30.2,265,0.1,True,No hazard,veraval_nodes_REAL_data_20260901_0032.csv
GJ-VER-0037,20.79315445,70.36696301,Gir Somnath,22.2 km seaward operational buffer,2026-09-01T06:00,2.22,236,8.35,1.82,236,6.95,0.9,127,25.9,30.2,265,0.1,True,No hazard,veraval_nodes_REAL_data_20260901_0032.csv
GJ-VER-0038,20.83818524,70.36558353,Gir Somnath,22.2 km seaward operational buffer,2026-09-01T06:00,2.12,236,8.4,1.82,236,6.8,0.6,124,25.7,19.4,263,0.0,True,No hazard,veraval_nodes_REAL_data_20260901_0032.csv
GJ-VER-0039,20.88321571,70.36420037,Gir Somnath,22.2 km seaward operational buffer,2026-09-01T06:00,2.12,236,8.4,1.82,236,6.8,0.6,124,25.7,19.4,263,0.0,True,No hazard,veraval_nodes_REAL_data_20260901_0032.csv
GJ-VER-0040,20.65933989,70.4189253,Gir Somnath,22.2 km seaward operational buffer,2026-09-01T06:00,2.3,240,8.25,1.8,240,7.1,1.0,121,26.5,29.6,262,0.1,True,No hazard,veraval_nodes_REAL_data_20260901_0032.csv
GJ-VER-0041,20.70437469,70.41757083,Gir Somnath,22.2 km seaward operational buffer,2026-09-01T06:00,2.22,239,8.3,1.78,238,7.05,1.2,129,26.0,30.0,265,0.0,True,No hazard,veraval_nodes_REAL_data_20260901_0032.csv
GJ-VER-0042,20.74940916,70.41621274,Gir Somnath,22.2 km seaward operational buffer,2026-09-01T06:00,2.3,239,8.35,1.84,238,7.05,1.2,129,26.3,20.2,265,0.0,True,No hazard,veraval_nodes_REAL_data_20260901_0032.csv
GJ-VER-0043,20.79444332,70.41485102,Gir Somnath,22.2 km seaward operational buffer,2026-09-01T06:00,2.22,236,8.35,1.82,236,6.95,0.9,127,25.9,20.2,265,0.0,True,No hazard,veraval_nodes_REAL_data_20260901_0032.csv
GJ-VER-0044,20.83947715,70.41348568,Gir Somnath,22.2 km seaward operational buffer,2026-09-01T06:00,2.12,236,8.4,1.82,236,6.8,0.6,124,25.7,19.4,263,0.0,True,No hazard,veraval_nodes_REAL_data_20260901_0032.csv
GJ-VER-0045,20.61556832,70.4681116,Gir Somnath,22.2 km seaward operational buffer,2026-09-01T06:00,2.3,240,8.25,1.8,240,7.1,1.0,121,26.5,30.3,264,0.1,True,No hazard,veraval_nodes_REAL_data_20260901_0032.csv
GJ-VER-0046,20.66060644,70.46677474,Gir Somnath,22.2 km seaward operational buffer,2026-09-01T06:00,2.3,240,8.25,1.8,240,7.1,1.0,121,26.5,30.3,264,0.1,True,No hazard,veraval_nodes_REAL_data_20260901_0032.csv
GJ-VER-0047,20.70564424,70.4654343,Gir Somnath,22.2 km seaward operational buffer,2026-09-01T06:00,2.22,239,8.3,1.78,238,7.05,1.2,129,26.0,30.0,265,0.0,True,No hazard,veraval_nodes_REAL_data_20260901_0032.csv
GJ-VER-0048,20.75068172,70.46409028,Gir Somnath,22.2 km seaward operational buffer,2026-09-01T06:00,2.1,236,8.4,1.76,236,6.9,0.9,143,25.5,20.2,265,0.0,True,No hazard,veraval_nodes_REAL_data_20260901_0032.csv
GJ-VER-0049,20.79571889,70.46274267,Gir Somnath,22.2 km seaward operational buffer,2026-09-01T06:00,2.1,236,8.4,1.76,236,6.9,0.9,143,25.5,20.2,265,0.0,True,No hazard,veraval_nodes_REAL_data_20260901_0032.csv
GJ-VER-0050,20.84075574,70.46139146,Gir Somnath,22.2 km seaward operational buffer,2026-09-01T06:00,2.1,236,8.4,1.76,236,6.9,0.5,180,25.1,20.2,265,0.0,True,No hazard,veraval_nodes_REAL_data_20260901_0032.csv
GJ-VER-0051,20.61681869,70.51595063,Gir Somnath,22.2 km seaward operational buffer,2026-09-01T06:00,2.24,240,8.2,1.72,238,7.1,1.2,129,26.1,30.3,264,0.1,True,No hazard,veraval_nodes_REAL_data_20260901_0032.csv
GJ-VER-0052,20.66185978,70.51462777,Gir Somnath,22.2 km seaward operational buffer,2026-09-01T06:00,2.24,240,8.2,1.72,238,7.1,1.2,129,26.1,30.3,264,0.1,True,No hazard,veraval_nodes_REAL_data_20260901_0032.csv
GJ-VER-0053,20.70690056,70.51330136,Gir Somnath,22.2 km seaward operational buffer,2026-09-01T06:00,2.1,238,8.35,1.7,238,7.0,1.0,121,25.6,30.5,266,0.0,True,No hazard,veraval_nodes_REAL_data_20260901_0032.csv
GJ-VER-0054,20.75194103,70.51197141,Gir Somnath,22.2 km seaward operational buffer,2026-09-01T06:00,1.92,236,8.4,1.64,238,6.85,0.4,117,25.3,20.2,265,0.0,True,No hazard,veraval_nodes_REAL_data_20260901_0032.csv
GJ-VER-0055,20.79698117,70.5106379,Gir Somnath,22.2 km seaward operational buffer,2026-09-01T06:00,1.92,236,8.4,1.64,238,6.85,0.4,117,25.3,20.2,265,0.0,True,No hazard,veraval_nodes_REAL_data_20260901_0032.csv
GJ-VER-0056,20.61805589,70.5637932,Gir Somnath,22.2 km seaward operational buffer,2026-09-01T06:00,2.24,240,8.2,1.72,238,7.1,1.2,129,26.1,31.5,265,0.1,True,No hazard,veraval_nodes_REAL_data_20260901_0032.csv
GJ-VER-0057,20.66309993,70.56248433,Gir Somnath,22.2 km seaward operational buffer,2026-09-01T06:00,2.24,240,8.2,1.72,238,7.1,1.2,129,26.1,31.5,265,0.1,True,No hazard,veraval_nodes_REAL_data_20260901_0032.csv
GJ-VER-0058,20.70814365,70.56117196,Gir Somnath,22.2 km seaward operational buffer,2026-09-01T06:00,2.1,238,8.35,1.7,238,7.0,1.0,121,25.6,30.5,266,0.0,True,No hazard,veraval_nodes_REAL_data_20260901_0032.csv
GJ-VER-0059,20.75318706,70.55985608,Gir Somnath,22.2 km seaward operational buffer,2026-09-01T06:00,1.92,236,8.4,1.64,238,6.85,0.4,117,25.3,18.8,265,0.0,True,No hazard,veraval_nodes_REAL_data_20260901_0032.csv
GJ-VER-0060,20.57423265,70.61293066,Gir Somnath,22.2 km seaward operational buffer,2026-09-01T06:00,2.26,242,8.15,1.78,240,7.1,1.0,121,26.4,30.7,263,0.1,True,No hazard,veraval_nodes_REAL_data_20260901_0032.csv
GJ-VER-0061,20.61927992,70.61163926,Gir Somnath,22.2 km seaward operational buffer,2026-09-01T06:00,2.16,239,8.2,1.68,238,7.1,1.0,121,25.8,31.1,265,0.1,True,No hazard,veraval_nodes_REAL_data_20260901_0032.csv
GJ-VER-0062,20.66432687,70.6103444,Gir Somnath,22.2 km seaward operational buffer,2026-09-01T06:00,2.16,239,8.2,1.68,238,7.1,1.0,121,25.8,29.4,266,0.0,True,No hazard,veraval_nodes_REAL_data_20260901_0032.csv
GJ-VER-0063,20.7093735,70.60904607,Gir Somnath,22.2 km seaward operational buffer,2026-09-01T06:00,1.94,237,8.4,1.56,237,6.95,0.6,124,25.2,21.0,265,0.0,True,No hazard,veraval_nodes_REAL_data_20260901_0032.csv
GJ-VER-0064,20.75441983,70.60774428,Gir Somnath,22.2 km seaward operational buffer,2026-09-01T06:00,1.62,236,8.4,1.38,237,6.75,0.3,135,24.8,18.8,265,0.0,True,No hazard,veraval_nodes_REAL_data_20260901_0032.csv
GJ-VER-0065,20.57544062,70.66076621,Gir Somnath,22.2 km seaward operational buffer,2026-09-01T06:00,2.26,242,8.15,1.78,240,7.1,1.0,121,26.4,30.7,263,0.1,True,No hazard,veraval_nodes_REAL_data_20260901_0032.csv
GJ-VER-0066,20.62049076,70.65948879,Gir Somnath,22.2 km seaward operational buffer,2026-09-01T06:00,2.16,239,8.2,1.68,238,7.1,1.0,121,25.8,31.1,265,0.1,True,No hazard,veraval_nodes_REAL_data_20260901_0032.csv
GJ-VER-0067,20.66554059,70.65820794,Gir Somnath,22.2 km seaward operational buffer,2026-09-01T06:00,2.16,239,8.2,1.68,238,7.1,1.0,121,25.8,31.1,265,0.1,True,No hazard,veraval_nodes_REAL_data_20260901_0032.csv
GJ-VER-0068,20.71059011,70.65692366,Gir Somnath,22.2 km seaward operational buffer,2026-09-01T06:00,1.94,237,8.4,1.56,237,6.95,0.6,124,25.2,21.0,265,0.0,True,No hazard,veraval_nodes_REAL_data_20260901_0032.csv
GJ-VER-0069,20.75563932,70.65563594,Gir Somnath,22.2 km seaward operational buffer,2026-09-01T06:00,1.62,236,8.4,1.38,237,6.75,0.3,135,24.8,21.0,265,0.0,True,No hazard,veraval_nodes_REAL_data_20260901_0032.csv
GJ-VER-0070,20.53158213,70.70986525,Gir Somnath,22.2 km seaward operational buffer,2026-09-01T06:00,2.24,241,8.1,1.78,240,7.1,1.0,121,26.1,30.6,259,0.0,True,No hazard,veraval_nodes_REAL_data_20260901_0032.csv
GJ-VER-0071,20.57663543,70.70860519,Gir Somnath,22.2 km seaward operational buffer,2026-09-01T06:00,2.24,241,8.1,1.78,240,7.1,1.0,121,26.1,30.7,263,0.1,True,No hazard,veraval_nodes_REAL_data_20260901_0032.csv
GJ-VER-0072,20.62168842,70.70734174,Gir Somnath,22.2 km seaward operational buffer,2026-09-01T06:00,2.12,238,8.2,1.66,237,7.05,1.0,135,25.5,28.8,264,0.0,True,No hazard,veraval_nodes_REAL_data_20260901_0032.csv
GJ-VER-0073,20.6667411,70.7060749,Gir Somnath,22.2 km seaward operational buffer,2026-09-01T06:00,1.76,234,8.4,1.46,235,6.85,0.6,162,25.1,25.3,265,0.0,True,No hazard,veraval_nodes_REAL_data_20260901_0032.csv
GJ-VER-0074,20.71179348,70.70480468,Gir Somnath,22.2 km seaward operational buffer,2026-09-01T06:00,1.76,234,8.4,1.46,235,6.85,0.6,162,25.1,21.0,265,0.0,True,No hazard,veraval_nodes_REAL_data_20260901_0032.csv
GJ-VER-0075,20.53276097,70.75769366,Gir Somnath,22.2 km seaward operational buffer,2026-09-01T06:00,2.22,241,8.1,1.78,240,7.05,0.9,127,25.9,30.4,262,0.1,True,No hazard,veraval_nodes_REAL_data_20260901_0032.csv
GJ-VER-0076,20.57781709,70.75644754,Gir Somnath,22.2 km seaward operational buffer,2026-09-01T06:00,2.22,241,8.1,1.78,240,7.05,0.9,127,25.9,30.4,262,0.1,True,No hazard,veraval_nodes_REAL_data_20260901_0032.csv
GJ-VER-0077,20.6228729,70.75519808,Gir Somnath,22.2 km seaward operational buffer,2026-09-01T06:00,2.1,238,8.25,1.68,237,6.95,0.8,135,25.3,28.8,264,0.0,True,No hazard,veraval_nodes_REAL_data_20260901_0032.csv
GJ-VER-0078,20.66792839,70.75394526,Gir Somnath,22.2 km seaward operational buffer,2026-09-01T06:00,1.64,234,8.35,1.36,235,6.75,0.3,225,25.0,21.0,265,0.0,True,No hazard,veraval_nodes_REAL_data_20260901_0032.csv
GJ-VER-0079,20.71298359,70.75268909,Gir Somnath,22.2 km seaward operational buffer,2026-09-01T06:00,1.64,234,8.35,1.36,235,6.75,0.3,225,25.0,21.0,265,0.0,True,No hazard,veraval_nodes_REAL_data_20260901_0032.csv
GJ-VER-0080,20.53392669,70.80552542,Gir Somnath,22.2 km seaward operational buffer,2026-09-01T06:00,2.22,241,8.1,1.78,240,7.05,0.9,127,25.9,31.0,259,0.1,True,No hazard,veraval_nodes_REAL_data_20260901_0032.csv
GJ-VER-0081,20.57898558,70.80429325,Gir Somnath,22.2 km seaward operational buffer,2026-09-01T06:00,2.22,241,8.1,1.78,240,7.05,0.9,127,25.9,30.4,262,0.1,True,No hazard,veraval_nodes_REAL_data_20260901_0032.csv
GJ-VER-0082,20.62404418,70.80305777,Gir Somnath,22.2 km seaward operational buffer,2026-09-01T06:00,2.1,238,8.25,1.68,237,6.95,0.8,135,25.3,26.9,262,0.0,True,No hazard,veraval_nodes_REAL_data_20260901_0032.csv
GJ-VER-0083,20.66910246,70.80181898,Gir Somnath,22.2 km seaward operational buffer,2026-09-01T06:00,1.64,234,8.35,1.36,235,6.75,0.3,225,25.0,18.4,264,0.0,True,No hazard,veraval_nodes_REAL_data_20260901_0032.csv
GJ-VER-0084,20.53507927,70.85336048,Gir Somnath,22.2 km seaward operational buffer,2026-09-01T06:00,2.2,241,8.05,1.78,240,7.05,0.9,127,25.8,30.6,262,0.0,True,No hazard,veraval_nodes_REAL_data_20260901_0032.csv
GJ-VER-0085,20.58014092,70.85214226,Gir Somnath,22.2 km seaward operational buffer,2026-09-01T06:00,2.2,241,8.05,1.78,240,7.05,0.9,127,25.8,30.6,262,0.0,True,No hazard,veraval_nodes_REAL_data_20260901_0032.csv
GJ-VER-0086,20.62520226,70.85092077,Gir Somnath,22.2 km seaward operational buffer,2026-09-01T06:00,2.08,237,8.3,1.7,236,6.9,0.6,146,25.2,26.9,262,0.0,True,No hazard,veraval_nodes_REAL_data_20260901_0032.csv
GJ-VER-0087,20.6702633,70.84969601,Gir Somnath,22.2 km seaward operational buffer,2026-09-01T06:00,1.54,231,8.35,1.28,232,6.6,0.7,256,25.0,16.7,263,0.0,True,No hazard,veraval_nodes_REAL_data_20260901_0032.csv
GJ-VER-0088,20.53621871,70.9011988,Gir Somnath,22.2 km seaward operational buffer,2026-09-01T06:00,2.2,241,8.05,1.78,240,7.05,0.9,127,25.8,31.3,259,0.1,True,No hazard,veraval_nodes_REAL_data_20260901_0032.csv
GJ-VER-0089,20.58128308,70.89999455,Gir Somnath,22.2 km seaward operational buffer,2026-09-01T06:00,2.2,241,8.05,1.78,240,7.05,0.9,127,25.8,30.6,262,0.0,True,No hazard,veraval_nodes_REAL_data_20260901_0032.csv
GJ-VER-0090,20.62634715,70.89878705,Gir Somnath,22.2 km seaward operational buffer,2026-09-01T06:00,2.08,237,8.3,1.7,236,6.9,0.6,146,25.2,27.3,261,0.0,True,No hazard,veraval_nodes_REAL_data_20260901_0032.csv
GJ-VER-0091,20.67141091,70.89757632,Gir Somnath,22.2 km seaward operational buffer,2026-09-01T06:00,1.54,231,8.35,1.28,232,6.6,0.7,256,25.0,16.7,263,0.0,True,No hazard,veraval_nodes_REAL_data_20260901_0032.csv
GJ-VER-0092,20.53734501,70.94904036,Gir Somnath,22.2 km seaward operational buffer,2026-09-01T06:00,2.16,242,8.05,1.76,240,7.05,0.9,127,25.8,31.2,261,0.0,True,No hazard,veraval_nodes_REAL_data_20260901_0032.csv
GJ-VER-0093,20.58241207,70.94785006,Gir Somnath,22.2 km seaward operational buffer,2026-09-01T06:00,2.16,242,8.05,1.76,240,7.05,0.9,127,25.8,31.2,261,0.0,True,No hazard,veraval_nodes_REAL_data_20260901_0032.csv
GJ-VER-0094,20.62747883,70.94665657,Gir Somnath,22.2 km seaward operational buffer,2026-09-01T06:00,2.06,237,8.35,1.7,237,6.9,0.6,162,25.2,27.3,261,0.0,True,No hazard,veraval_nodes_REAL_data_20260901_0032.csv
GJ-VER-0095,20.67254529,70.94545987,Gir Somnath,22.2 km seaward operational buffer,2026-09-01T06:00,1.46,228,8.4,1.22,230,6.6,1.1,252,25.3,16.7,263,0.0,True,No hazard,veraval_nodes_REAL_data_20260901_0032.csv
GJ-VER-0096,20.53845817,70.99688511,Gir Somnath,22.2 km seaward operational buffer,2026-09-01T06:00,2.16,242,8.05,1.76,240,7.05,0.9,127,25.8,31.8,260,0.0,True,No hazard,veraval_nodes_REAL_data_20260901_0032.csv
GJ-VER-0097,20.58352789,70.99570878,Gir Somnath,22.2 km seaward operational buffer,2026-09-01T06:00,2.06,237,8.35,1.7,237,6.9,0.6,162,25.2,31.8,260,0.0,True,No hazard,veraval_nodes_REAL_data_20260901_0032.csv
GJ-VER-0098,20.62859731,70.99452929,Gir Somnath,22.2 km seaward operational buffer,2026-09-01T06:00,2.06,237,8.35,1.7,237,6.9,0.6,162,25.2,29.6,261,0.0,True,No hazard,veraval_nodes_REAL_data_20260901_0032.csv
GJ-VER-0099,20.67366643,70.99334663,Gir Somnath,22.2 km seaward operational buffer,2026-09-01T06:00,1.46,228,8.4,1.22,230,6.6,1.1,252,25.3,16.7,263,0.0,True,No hazard,veraval_nodes_REAL_data_20260901_0032.csv
GJ-VER-0100,20.53955818,71.04473301,Gir Somnath,22.2 km seaward operational buffer,2026-09-01T06:00,2.1,242,8.05,1.72,240,7.0,0.9,143,25.7,31.8,260,0.0,True,No hazard,veraval_nodes_REAL_data_20260901_0032.csv
GJ-VER-0101,20.58463052,71.04357065,Gir Somnath,22.2 km seaward operational buffer,2026-09-01T06:00,1.92,237,8.35,1.58,237,6.95,0.5,180,25.3,31.8,260,0.0,True,No hazard,veraval_nodes_REAL_data_20260901_0032.csv
GJ-VER-0102,20.62970257,71.04240517,Gir Somnath,22.2 km seaward operational buffer,2026-09-01T06:00,1.92,237,8.35,1.58,237,6.95,0.5,180,25.3,29.6,261,0.0,True,No hazard,veraval_nodes_REAL_data_20260901_0032.csv
GJ-VER-0103,20.67477432,71.04123656,Gir Somnath,22.2 km seaward operational buffer,2026-09-01T06:00,1.38,229,8.35,1.14,229,6.65,1.0,248,25.6,17.8,264,0.0,True,No hazard,veraval_nodes_REAL_data_20260901_0032.csv
GJ-VER-0104,20.71984577,71.04006482,Gir Somnath,22.2 km seaward operational buffer,2026-09-01T06:00,1.38,229,8.35,1.14,229,6.65,1.0,248,25.6,17.8,264,0.0,True,No hazard,veraval_nodes_REAL_data_20260901_0032.csv
GJ-VER-0105,20.54064504,71.09258403,Gir Somnath,22.2 km seaward operational buffer,2026-09-01T06:00,2.06,241,8.05,1.66,240,7.05,0.7,166,25.7,31.5,259,0.0,True,No hazard,veraval_nodes_REAL_data_20260901_0032.csv
GJ-VER-0106,20.58571998,71.09143565,Gir Somnath,22.2 km seaward operational buffer,2026-09-01T06:00,1.78,237,8.2,1.44,236,7.05,0.3,225,25.3,31.5,259,0.0,True,No hazard,veraval_nodes_REAL_data_20260901_0032.csv
GJ-VER-0107,20.63079462,71.09028418,Gir Somnath,22.2 km seaward operational buffer,2026-09-01T06:00,1.78,237,8.2,1.44,236,7.05,0.3,225,25.3,31.0,260,0.0,True,No hazard,veraval_nodes_REAL_data_20260901_0032.csv
GJ-VER-0108,20.67586897,71.08912962,Gir Somnath,22.2 km seaward operational buffer,2026-09-01T06:00,1.3,230,8.15,1.02,229,6.75,0.7,256,25.6,17.8,264,0.0,True,No hazard,veraval_nodes_REAL_data_20260901_0032.csv
GJ-VER-0109,20.72094302,71.08797196,Gir Somnath,22.2 km seaward operational buffer,2026-09-01T06:00,1.3,230,8.15,1.02,229,6.75,0.7,256,25.6,17.8,264,0.0,True,No hazard,veraval_nodes_REAL_data_20260901_0032.csv
GJ-VER-0110,20.58679624,71.13930373,Gir Somnath,22.2 km seaward operational buffer,2026-09-01T06:00,1.78,237,8.2,1.44,236,7.05,0.3,225,25.3,31.5,259,0.0,True,No hazard,veraval_nodes_REAL_data_20260901_0032.csv
GJ-VER-0111,20.63187345,71.13816627,Gir Somnath,22.2 km seaward operational buffer,2026-09-01T06:00,1.78,237,8.2,1.44,236,7.05,0.3,225,25.3,31.0,260,0.0,True,No hazard,veraval_nodes_REAL_data_20260901_0032.csv
GJ-VER-0112,20.67695037,71.13702577,Gir Somnath,22.2 km seaward operational buffer,2026-09-01T06:00,1.3,230,8.15,1.02,229,6.75,0.7,256,25.6,17.8,264,0.0,True,No hazard,veraval_nodes_REAL_data_20260901_0032.csv
GJ-VER-0113,20.72202699,71.13588221,Gir Somnath,22.2 km seaward operational buffer,2026-09-01T06:00,1.3,230,8.15,1.02,229,6.75,0.7,256,25.6,17.8,264,0.0,True,No hazard,veraval_nodes_REAL_data_20260901_0032.csv
GJ-VER-0114,20.58785932,71.18717485,Gir Somnath,22.2 km seaward operational buffer,2026-09-01T06:00,1.68,237,8.05,1.32,234,7.05,0.6,236,25.6,30.3,259,0.0,True,No hazard,veraval_nodes_REAL_data_20260901_0032.csv
GJ-VER-0115,20.63293906,71.18605142,Gir Somnath,22.2 km seaward operational buffer,2026-09-01T06:00,1.68,237,8.05,1.32,234,7.05,0.6,236,25.6,31.1,260,0.0,True,No hazard,veraval_nodes_REAL_data_20260901_0032.csv
GJ-VER-0116,20.67801851,71.18492497,Gir Somnath,22.2 km seaward operational buffer,2026-09-01T06:00,1.22,232,7.9,0.94,228,6.75,0.8,243,25.7,17.8,264,0.0,True,No hazard,veraval_nodes_REAL_data_20260901_0032.csv
GJ-VER-0117,20.72309767,71.1837955,Gir Somnath,22.2 km seaward operational buffer,2026-09-01T06:00,1.22,232,7.9,0.94,228,6.75,0.8,243,25.7,17.8,264,0.0,True,No hazard,veraval_nodes_REAL_data_20260901_0032.csv
GJ-VER-0118,20.76817653,71.18266302,Gir Somnath,22.2 km seaward operational buffer,2026-09-01T06:00,0.82,224,7.1,0.58,224,6.7,1.1,252,26.3,14.9,263,0.0,True,No hazard,veraval_nodes_REAL_data_20260901_0032.csv
GJ-VER-0119,20.5889092,71.23504899,Gir Somnath,22.2 km seaward operational buffer,2026-09-01T06:00,1.68,237,8.05,1.32,234,7.05,0.6,236,25.6,30.3,259,0.0,True,No hazard,veraval_nodes_REAL_data_20260901_0032.csv
GJ-VER-0120,20.63399145,71.23393958,Gir Somnath,22.2 km seaward operational buffer,2026-09-01T06:00,1.68,237,8.05,1.32,234,7.05,0.6,236,25.6,31.1,260,0.0,True,No hazard,veraval_nodes_REAL_data_20260901_0032.csv
GJ-VER-0121,20.6790734,71.23282719,Gir Somnath,22.2 km seaward operational buffer,2026-09-01T06:00,1.22,232,7.9,0.94,228,6.75,0.8,243,25.7,29.8,262,0.0,True,No hazard,veraval_nodes_REAL_data_20260901_0032.csv
GJ-VER-0122,20.72415507,71.23171182,Gir Somnath,22.2 km seaward operational buffer,2026-09-01T06:00,1.22,232,7.9,0.94,228,6.75,0.8,243,25.7,29.8,262,0.0,True,No hazard,veraval_nodes_REAL_data_20260901_0032.csv
GJ-VER-0123,20.76923643,71.23059347,Gir Somnath,22.2 km seaward operational buffer,2026-09-01T06:00,0.82,224,7.1,0.58,224,6.7,1.1,252,26.3,15.7,264,0.0,True,No hazard,veraval_nodes_REAL_data_20260901_0032.csv
GJ-VER-0124,20.63503061,71.28183071,Gir Somnath,22.2 km seaward operational buffer,2026-09-01T06:00,1.62,237,7.85,1.26,234,7.05,0.8,225,25.8,31.3,260,0.0,True,No hazard,veraval_nodes_REAL_data_20260901_0032.csv
GJ-VER-0125,20.68011503,71.28073239,Gir Somnath,22.2 km seaward operational buffer,2026-09-01T06:00,1.18,232,7.55,0.88,228,6.8,0.9,233,25.9,29.8,262,0.0,True,No hazard,veraval_nodes_REAL_data_20260901_0032.csv
GJ-VER-0126,20.72519917,71.27963113,Gir Somnath,22.2 km seaward operational buffer,2026-09-01T06:00,1.18,232,7.55,0.88,228,6.8,0.9,233,25.9,29.8,262,0.0,True,No hazard,veraval_nodes_REAL_data_20260901_0032.csv
GJ-VER-0127,20.77028301,71.27852692,Gir Somnath,22.2 km seaward operational buffer,2026-09-01T06:00,0.86,224,7.0,0.58,224,6.7,1.2,231,26.4,15.7,264,0.0,True,No hazard,veraval_nodes_REAL_data_20260901_0032.csv
GJ-VER-0128,20.81536657,71.27741976,Gir Somnath,22.2 km seaward operational buffer,2026-09-01T06:00,0.86,224,7.0,0.58,224,6.7,1.2,231,26.4,15.7,264,0.0,True,No hazard,veraval_nodes_REAL_data_20260901_0032.csv
GJ-VER-0129,20.63605653,71.32972479,Gir Somnath,22.2 km seaward operational buffer,2026-09-01T06:00,1.62,237,7.85,1.26,234,7.05,0.8,225,25.8,31.3,260,0.0,True,No hazard,veraval_nodes_REAL_data_20260901_0032.csv
GJ-VER-0130,20.6811434,71.32864054,Gir Somnath,22.2 km seaward operational buffer,2026-09-01T06:00,1.18,232,7.55,0.88,228,6.8,0.9,233,25.9,31.4,262,0.1,True,No hazard,veraval_nodes_REAL_data_20260901_0032.csv
GJ-VER-0131,20.72622998,71.32755338,Gir Somnath,22.2 km seaward operational buffer,2026-09-01T06:00,1.18,232,7.55,0.88,228,6.8,0.9,233,25.9,31.4,262,0.1,True,No hazard,veraval_nodes_REAL_data_20260901_0032.csv
GJ-VER-0132,20.77131627,71.32646331,Gir Somnath,22.2 km seaward operational buffer,2026-09-01T06:00,0.86,224,7.0,0.58,224,6.7,1.2,231,26.4,15.7,264,0.0,True,No hazard,veraval_nodes_REAL_data_20260901_0032.csv
GJ-VER-0133,20.81640226,71.32537034,Gir Somnath,22.2 km seaward operational buffer,2026-09-01T06:00,0.86,224,7.0,0.58,224,6.7,1.2,231,26.4,15.7,264,0.0,True,No hazard,veraval_nodes_REAL_data_20260901_0032.csv
GJ-VER-0134,20.6821585,71.37655158,Gir Somnath,22.2 km seaward operational buffer,2026-09-01T06:00,1.24,232,7.35,0.88,227,6.9,1.0,225,26.1,31.4,262,0.1,True,No hazard,veraval_nodes_REAL_data_20260901_0032.csv
GJ-VER-0135,20.72724749,71.37547854,Gir Somnath,22.2 km seaward operational buffer,2026-09-01T06:00,1.24,232,7.35,0.88,227,6.9,1.0,225,26.1,31.4,262,0.1,True,No hazard,veraval_nodes_REAL_data_20260901_0032.csv
GJ-VER-0136,20.77233619,71.37440262,Gir Somnath,22.2 km seaward operational buffer,2026-09-01T06:00,0.92,226,7.0,0.62,221,6.6,1.2,231,26.5,26.4,265,0.0,True,No hazard,veraval_nodes_REAL_data_20260901_0032.csv
GJ-VER-0137,20.8174246,71.37332383,Gir Somnath,22.2 km seaward operational buffer,2026-09-01T06:00,0.92,226,7.0,0.62,221,6.6,1.2,231,26.5,12.0,261,0.0,True,No hazard,veraval_nodes_REAL_data_20260901_0032.csv
GJ-VER-0138,20.77334278,71.4223448,Gir Somnath,22.2 km seaward operational buffer,2026-09-01T06:00,1.08,226,7.1,0.74,218,6.65,1.0,239,26.6,27.7,264,0.0,True,No hazard,veraval_nodes_REAL_data_20260901_0032.csv
GJ-VER-0139,20.81843357,71.4212802,Gir Somnath,22.2 km seaward operational buffer,2026-09-01T06:00,1.08,226,7.1,0.74,218,6.65,1.0,239,26.6,12.0,261,0.0,True,No hazard,veraval_nodes_REAL_data_20260901_0032.csv
GJ-VER-0140,20.86352407,71.42021276,Gir Somnath,22.2 km seaward operational buffer,2026-09-01T06:00,0.76,226,6.75,0.5,218,6.35,1.5,249,27.4,12.0,261,0.0,True,No hazard,veraval_nodes_REAL_data_20260901_0032.csv
GJ-VER-0001,20.87516585,70.07678103,Gir Somnath,22.2 km seaward operational buffer,2026-08-29T18:45,2.2,242,8.05,1.68,237,6.95,1.0,135,27.4,31.4,265,0.0,True,No hazard,veraval_nodes_REAL_data_20260829_1319.csv
GJ-VER-0002,20.92017704,70.07530903,Gir Somnath,22.2 km seaward operational buffer,2026-08-29T18:45,2.08,243,8.1,1.62,240,7.0,1.0,135,27.1,30.4,264,0.0,True,No hazard,veraval_nodes_REAL_data_20260829_1319.csv
GJ-VER-0003,20.9651879,70.07383312,Gir Somnath,22.2 km seaward operational buffer,2026-08-29T18:45,2.08,243,8.1,1.62,240,7.0,1.0,135,27.1,22.5,268,0.0,True,No hazard,veraval_nodes_REAL_data_20260829_1319.csv
GJ-VER-0004,21.01019843,70.0723533,Gir Somnath,22.2 km seaward operational buffer,2026-08-29T18:45,1.68,242,8.35,1.38,242,7.05,1.0,135,26.9,22.5,268,0.0,True,No hazard,veraval_nodes_REAL_data_20260829_1319.csv
GJ-VER-0005,21.05520861,70.07086956,Gir Somnath,22.2 km seaward operational buffer,2026-08-29T18:45,1.68,242,8.35,1.38,242,7.05,1.0,135,26.9,22.5,268,0.0,True,No hazard,veraval_nodes_REAL_data_20260829_1319.csv
GJ-VER-0006,21.10021846,70.06938189,Gir Somnath,22.2 km seaward operational buffer,2026-08-29T18:45,1.44,243,8.15,1.26,244,6.9,1.0,135,26.7,20.8,265,0.0,True,No hazard,veraval_nodes_REAL_data_20260829_1319.csv
GJ-VER-0007,20.83152605,70.12612866,Gir Somnath,22.2 km seaward operational buffer,2026-08-29T18:45,2.34,241,8.05,1.82,237,6.9,0.9,143,27.5,32.5,266,0.0,True,No hazard,veraval_nodes_REAL_data_20260829_1319.csv
GJ-VER-0008,20.87654082,70.12467471,Gir Somnath,22.2 km seaward operational buffer,2026-08-29T18:45,2.2,241,8.05,1.72,237,6.8,1.2,141,27.1,32.5,266,0.0,True,No hazard,veraval_nodes_REAL_data_20260829_1319.csv
GJ-VER-0009,20.92155525,70.12321689,Gir Somnath,22.2 km seaward operational buffer,2026-08-29T18:45,2.06,240,8.15,1.66,240,6.8,1.2,141,26.8,30.3,266,0.0,True,No hazard,veraval_nodes_REAL_data_20260829_1319.csv
GJ-VER-0010,20.96656935,70.1217552,Gir Somnath,22.2 km seaward operational buffer,2026-08-29T18:45,2.06,240,8.15,1.66,240,6.8,1.2,141,26.8,22.5,268,0.0,True,No hazard,veraval_nodes_REAL_data_20260829_1319.csv
GJ-VER-0011,21.01158311,70.12028964,Gir Somnath,22.2 km seaward operational buffer,2026-08-29T18:45,1.64,235,8.45,1.36,237,6.8,1.0,135,26.6,22.5,268,0.0,True,No hazard,veraval_nodes_REAL_data_20260829_1319.csv
GJ-VER-0012,21.05659653,70.11882019,Gir Somnath,22.2 km seaward operational buffer,2026-08-29T18:45,1.64,235,8.45,1.36,237,6.8,1.0,135,26.6,22.5,268,0.0,True,No hazard,veraval_nodes_REAL_data_20260829_1319.csv
GJ-VER-0013,20.7878662,70.17544804,Gir Somnath,22.2 km seaward operational buffer,2026-08-29T18:45,2.32,241,8.0,1.82,238,6.85,1.0,135,26.9,35.0,267,0.0,True,No hazard,veraval_nodes_REAL_data_20260829_1319.csv
GJ-VER-0014,20.8328845,70.17401206,Gir Somnath,22.2 km seaward operational buffer,2026-08-29T18:45,2.32,241,8.0,1.82,238,6.85,1.0,135,26.9,32.5,266,0.0,True,No hazard,veraval_nodes_REAL_data_20260829_1319.csv
GJ-VER-0015,20.87790246,70.17257226,Gir Somnath,22.2 km seaward operational buffer,2026-08-29T18:45,2.2,241,8.0,1.78,238,6.75,1.0,135,26.5,32.5,266,0.0,True,No hazard,veraval_nodes_REAL_data_20260829_1319.csv
GJ-VER-0016,20.9229201,70.17112863,Gir Somnath,22.2 km seaward operational buffer,2026-08-29T18:45,2.06,239,8.15,1.7,239,6.65,0.9,127,26.3,21.8,266,0.0,True,No hazard,veraval_nodes_REAL_data_20260829_1319.csv
GJ-VER-0017,20.9679374,70.16968116,Gir Somnath,22.2 km seaward operational buffer,2026-08-29T18:45,2.06,239,8.15,1.7,239,6.65,0.9,127,26.3,22.5,268,0.0,True,No hazard,veraval_nodes_REAL_data_20260829_1319.csv
GJ-VER-0018,21.01295437,70.16822986,Gir Somnath,22.2 km seaward operational buffer,2026-08-29T18:45,1.64,235,8.45,1.36,237,6.8,0.6,162,26.6,22.5,268,0.0,True,No hazard,veraval_nodes_REAL_data_20260829_1319.csv
GJ-VER-0019,20.78920817,70.22332115,Gir Somnath,22.2 km seaward operational buffer,2026-08-29T18:45,2.32,241,8.0,1.82,238,6.85,1.0,135,26.9,36.2,268,0.0,True,No hazard,veraval_nodes_REAL_data_20260829_1319.csv
GJ-VER-0020,20.83422964,70.22189929,Gir Somnath,22.2 km seaward operational buffer,2026-08-29T18:45,2.2,241,8.0,1.78,238,6.75,1.0,135,26.5,33.2,268,0.0,True,No hazard,veraval_nodes_REAL_data_20260829_1319.csv
GJ-VER-0021,20.87925078,70.22047364,Gir Somnath,22.2 km seaward operational buffer,2026-08-29T18:45,2.2,241,8.0,1.78,238,6.75,1.0,135,26.5,21.8,266,0.0,True,No hazard,veraval_nodes_REAL_data_20260829_1319.csv
GJ-VER-0022,20.92427159,70.2190442,Gir Somnath,22.2 km seaward operational buffer,2026-08-29T18:45,2.06,239,8.15,1.7,239,6.65,0.9,127,26.3,21.8,266,0.0,True,No hazard,veraval_nodes_REAL_data_20260829_1319.csv
GJ-VER-0023,20.96929207,70.21761096,Gir Somnath,22.2 km seaward operational buffer,2026-08-29T18:45,2.06,239,8.15,1.7,239,6.65,0.9,127,26.3,21.8,266,0.0,True,No hazard,veraval_nodes_REAL_data_20260829_1319.csv
GJ-VER-0024,20.74551194,70.27260204,Gir Somnath,22.2 km seaward operational buffer,2026-08-29T18:45,2.34,243,7.9,1.82,238,6.95,0.9,143,26.9,36.2,268,0.0,True,No hazard,veraval_nodes_REAL_data_20260829_1319.csv
GJ-VER-0025,20.79053688,70.27119804,Gir Somnath,22.2 km seaward operational buffer,2026-08-29T18:45,2.26,241,7.9,1.8,238,6.85,1.0,135,26.5,36.2,268,0.0,True,No hazard,veraval_nodes_REAL_data_20260829_1319.csv
GJ-VER-0026,20.83556148,70.2697903,Gir Somnath,22.2 km seaward operational buffer,2026-08-29T18:45,2.16,241,7.95,1.78,238,6.7,1.0,135,26.2,21.4,268,0.0,True,No hazard,veraval_nodes_REAL_data_20260829_1319.csv
GJ-VER-0027,20.88058576,70.26837881,Gir Somnath,22.2 km seaward operational buffer,2026-08-29T18:45,2.16,241,7.95,1.78,238,6.7,1.0,135,26.2,21.8,266,0.0,True,No hazard,veraval_nodes_REAL_data_20260829_1319.csv
GJ-VER-0028,20.92560971,70.26696356,Gir Somnath,22.2 km seaward operational buffer,2026-08-29T18:45,2.16,241,7.95,1.78,238,6.7,0.6,162,26.2,21.8,266,0.0,True,No hazard,veraval_nodes_REAL_data_20260829_1319.csv
GJ-VER-0029,20.7017959,70.32185479,Gir Somnath,22.2 km seaward operational buffer,2026-08-29T18:45,2.34,243,7.9,1.82,238,6.95,0.9,143,26.9,35.1,267,0.0,True,No hazard,veraval_nodes_REAL_data_20260829_1319.csv
GJ-VER-0030,20.74682427,70.32046858,Gir Somnath,22.2 km seaward operational buffer,2026-08-29T18:45,2.34,243,7.9,1.82,238,6.95,0.9,143,26.9,34.6,269,0.0,True,No hazard,veraval_nodes_REAL_data_20260829_1319.csv
GJ-VER-0031,20.7918523,70.31907867,Gir Somnath,22.2 km seaward operational buffer,2026-08-29T18:45,2.26,241,7.9,1.8,238,6.85,1.0,135,26.5,34.6,269,0.0,True,No hazard,veraval_nodes_REAL_data_20260829_1319.csv
GJ-VER-0032,20.83688002,70.31768506,Gir Somnath,22.2 km seaward operational buffer,2026-08-29T18:45,2.16,241,7.95,1.78,238,6.7,1.0,135,26.2,21.4,268,0.0,True,No hazard,veraval_nodes_REAL_data_20260829_1319.csv
GJ-VER-0033,20.8819074,70.31628773,Gir Somnath,22.2 km seaward operational buffer,2026-08-29T18:45,2.16,241,7.95,1.78,238,6.7,1.0,135,26.2,21.4,268,0.0,True,No hazard,veraval_nodes_REAL_data_20260829_1319.csv
GJ-VER-0034,20.92693447,70.31488669,Gir Somnath,22.2 km seaward operational buffer,2026-08-29T18:45,2.16,241,7.95,1.78,238,6.7,0.6,162,26.2,21.8,266,0.0,True,No hazard,veraval_nodes_REAL_data_20260829_1319.csv
GJ-VER-0035,20.70309191,70.36971098,Gir Somnath,22.2 km seaward operational buffer,2026-08-29T18:45,2.28,243,7.85,1.76,237,6.95,0.9,143,26.5,35.1,267,0.0,True,No hazard,veraval_nodes_REAL_data_20260829_1319.csv
GJ-VER-0036,20.74812334,70.36833883,Gir Somnath,22.2 km seaward operational buffer,2026-08-29T18:45,2.28,243,7.85,1.76,237,6.95,0.9,143,26.5,34.6,269,0.0,True,No hazard,veraval_nodes_REAL_data_20260829_1319.csv
GJ-VER-0037,20.79315445,70.36696301,Gir Somnath,22.2 km seaward operational buffer,2026-08-29T18:45,2.18,240,7.9,1.76,237,6.8,1.0,135,26.2,34.6,269,0.0,True,No hazard,veraval_nodes_REAL_data_20260829_1319.csv
GJ-VER-0038,20.83818524,70.36558353,Gir Somnath,22.2 km seaward operational buffer,2026-08-29T18:45,2.08,240,7.95,1.76,237,6.6,0.9,143,26.1,21.4,268,0.0,True,No hazard,veraval_nodes_REAL_data_20260829_1319.csv
GJ-VER-0039,20.88321571,70.36420037,Gir Somnath,22.2 km seaward operational buffer,2026-08-29T18:45,2.08,240,7.95,1.76,237,6.6,0.9,143,26.1,21.4,268,0.0,True,No hazard,veraval_nodes_REAL_data_20260829_1319.csv
GJ-VER-0040,20.65933989,70.4189253,Gir Somnath,22.2 km seaward operational buffer,2026-08-29T18:45,2.28,246,7.75,1.7,239,7.0,0.6,124,26.7,33.7,268,0.0,True,No hazard,veraval_nodes_REAL_data_20260829_1319.csv
GJ-VER-0041,20.70437469,70.41757083,Gir Somnath,22.2 km seaward operational buffer,2026-08-29T18:45,2.2,243,7.8,1.7,237,6.9,0.8,135,26.1,33.5,267,0.0,True,No hazard,veraval_nodes_REAL_data_20260829_1319.csv
GJ-VER-0042,20.74940916,70.41621274,Gir Somnath,22.2 km seaward operational buffer,2026-08-29T18:45,2.28,243,7.85,1.76,237,6.95,0.9,143,26.5,22.0,269,0.0,True,No hazard,veraval_nodes_REAL_data_20260829_1319.csv
GJ-VER-0043,20.79444332,70.41485102,Gir Somnath,22.2 km seaward operational buffer,2026-08-29T18:45,2.18,240,7.9,1.76,237,6.8,1.0,135,26.2,22.0,269,0.0,True,No hazard,veraval_nodes_REAL_data_20260829_1319.csv
GJ-VER-0044,20.83947715,70.41348568,Gir Somnath,22.2 km seaward operational buffer,2026-08-29T18:45,2.08,240,7.95,1.76,237,6.6,0.9,143,26.1,21.4,268,0.0,True,No hazard,veraval_nodes_REAL_data_20260829_1319.csv
GJ-VER-0045,20.61556832,70.4681116,Gir Somnath,22.2 km seaward operational buffer,2026-08-29T18:45,2.28,246,7.75,1.7,239,7.0,0.6,124,26.7,33.7,268,0.0,True,No hazard,veraval_nodes_REAL_data_20260829_1319.csv
GJ-VER-0046,20.66060644,70.46677474,Gir Somnath,22.2 km seaward operational buffer,2026-08-29T18:45,2.28,246,7.75,1.7,239,7.0,0.6,124,26.7,33.7,268,0.0,True,No hazard,veraval_nodes_REAL_data_20260829_1319.csv
GJ-VER-0047,20.70564424,70.4654343,Gir Somnath,22.2 km seaward operational buffer,2026-08-29T18:45,2.2,243,7.8,1.7,237,6.9,0.8,135,26.1,33.5,267,0.0,True,No hazard,veraval_nodes_REAL_data_20260829_1319.csv
GJ-VER-0048,20.75068172,70.46409028,Gir Somnath,22.2 km seaward operational buffer,2026-08-29T18:45,2.08,240,7.9,1.68,237,6.75,0.8,135,25.7,22.0,269,0.0,True,No hazard,veraval_nodes_REAL_data_20260829_1319.csv
GJ-VER-0049,20.79571889,70.46274267,Gir Somnath,22.2 km seaward operational buffer,2026-08-29T18:45,2.08,240,7.9,1.68,237,6.75,0.8,135,25.7,22.0,269,0.0,True,No hazard,veraval_nodes_REAL_data_20260829_1319.csv
GJ-VER-0050,20.84075574,70.46139146,Gir Somnath,22.2 km seaward operational buffer,2026-08-29T18:45,2.08,240,7.9,1.68,237,6.75,0.7,180,25.4,22.0,269,0.0,True,No hazard,veraval_nodes_REAL_data_20260829_1319.csv
GJ-VER-0051,20.61681869,70.51595063,Gir Somnath,22.2 km seaward operational buffer,2026-08-29T18:45,2.22,245,7.7,1.62,237,7.0,0.6,124,26.5,33.7,268,0.0,True,No hazard,veraval_nodes_REAL_data_20260829_1319.csv
GJ-VER-0052,20.66185978,70.51462777,Gir Somnath,22.2 km seaward operational buffer,2026-08-29T18:45,2.22,245,7.7,1.62,237,7.0,0.6,124,26.5,33.7,268,0.0,True,No hazard,veraval_nodes_REAL_data_20260829_1319.csv
GJ-VER-0053,20.70690056,70.51330136,Gir Somnath,22.2 km seaward operational buffer,2026-08-29T18:45,2.08,242,7.8,1.6,238,6.9,0.6,124,25.9,32.6,267,0.0,True,No hazard,veraval_nodes_REAL_data_20260829_1319.csv
GJ-VER-0054,20.75194103,70.51197141,Gir Somnath,22.2 km seaward operational buffer,2026-08-29T18:45,1.88,239,7.85,1.56,238,6.7,0.6,124,25.7,22.0,269,0.0,True,No hazard,veraval_nodes_REAL_data_20260829_1319.csv
GJ-VER-0055,20.79698117,70.5106379,Gir Somnath,22.2 km seaward operational buffer,2026-08-29T18:45,1.88,239,7.85,1.56,238,6.7,0.6,124,25.7,22.0,269,0.0,True,No hazard,veraval_nodes_REAL_data_20260829_1319.csv
GJ-VER-0056,20.61805589,70.5637932,Gir Somnath,22.2 km seaward operational buffer,2026-08-29T18:45,2.22,245,7.7,1.62,237,7.0,0.6,124,26.5,34.7,269,0.0,True,No hazard,veraval_nodes_REAL_data_20260829_1319.csv
GJ-VER-0057,20.66309993,70.56248433,Gir Somnath,22.2 km seaward operational buffer,2026-08-29T18:45,2.22,245,7.7,1.62,237,7.0,0.6,124,26.5,34.7,269,0.0,True,No hazard,veraval_nodes_REAL_data_20260829_1319.csv
GJ-VER-0058,20.70814365,70.56117196,Gir Somnath,22.2 km seaward operational buffer,2026-08-29T18:45,2.08,242,7.8,1.6,238,6.9,0.6,124,25.9,32.6,267,0.0,True,No hazard,veraval_nodes_REAL_data_20260829_1319.csv
GJ-VER-0059,20.75318706,70.55985608,Gir Somnath,22.2 km seaward operational buffer,2026-08-29T18:45,1.88,239,7.85,1.56,238,6.7,0.6,124,25.7,20.4,268,0.0,True,No hazard,veraval_nodes_REAL_data_20260829_1319.csv
GJ-VER-0060,20.57423265,70.61293066,Gir Somnath,22.2 km seaward operational buffer,2026-08-29T18:45,2.28,248,7.6,1.6,236,7.05,0.6,124,27.1,33.9,272,0.0,True,No hazard,veraval_nodes_REAL_data_20260829_1319.csv
GJ-VER-0061,20.61927992,70.61163926,Gir Somnath,22.2 km seaward operational buffer,2026-08-29T18:45,2.14,245,7.65,1.54,234,7.05,0.8,117,26.3,34.6,269,0.0,True,No hazard,veraval_nodes_REAL_data_20260829_1319.csv
GJ-VER-0062,20.66432687,70.6103444,Gir Somnath,22.2 km seaward operational buffer,2026-08-29T18:45,2.14,245,7.65,1.54,234,7.05,0.8,117,26.3,31.4,266,0.0,True,No hazard,veraval_nodes_REAL_data_20260829_1319.csv
GJ-VER-0063,20.7093735,70.60904607,Gir Somnath,22.2 km seaward operational buffer,2026-08-29T18:45,1.9,240,7.85,1.46,238,6.9,0.8,117,25.6,22.4,266,0.0,True,No hazard,veraval_nodes_REAL_data_20260829_1319.csv
GJ-VER-0064,20.75441983,70.60774428,Gir Somnath,22.2 km seaward operational buffer,2026-08-29T18:45,1.58,239,7.85,1.32,238,6.65,0.6,124,25.4,20.4,268,0.0,True,No hazard,veraval_nodes_REAL_data_20260829_1319.csv
GJ-VER-0065,20.57544062,70.66076621,Gir Somnath,22.2 km seaward operational buffer,2026-08-29T18:45,2.28,248,7.6,1.6,236,7.05,0.6,124,27.1,34.2,272,0.1,True,No hazard,veraval_nodes_REAL_data_20260829_1319.csv
GJ-VER-0066,20.62049076,70.65948879,Gir Somnath,22.2 km seaward operational buffer,2026-08-29T18:45,2.14,245,7.65,1.54,234,7.05,0.8,117,26.3,34.6,269,0.0,True,No hazard,veraval_nodes_REAL_data_20260829_1319.csv
GJ-VER-0067,20.66554059,70.65820794,Gir Somnath,22.2 km seaward operational buffer,2026-08-29T18:45,2.14,245,7.65,1.54,234,7.05,0.8,117,26.3,34.6,269,0.0,True,No hazard,veraval_nodes_REAL_data_20260829_1319.csv
GJ-VER-0068,20.71059011,70.65692366,Gir Somnath,22.2 km seaward operational buffer,2026-08-29T18:45,1.9,240,7.85,1.46,238,6.9,0.8,117,25.6,22.4,266,0.0,True,No hazard,veraval_nodes_REAL_data_20260829_1319.csv
GJ-VER-0069,20.75563932,70.65563594,Gir Somnath,22.2 km seaward operational buffer,2026-08-29T18:45,1.58,239,7.85,1.32,238,6.65,0.6,124,25.4,22.4,266,0.0,True,No hazard,veraval_nodes_REAL_data_20260829_1319.csv
GJ-VER-0070,20.53158213,70.70986525,Gir Somnath,22.2 km seaward operational buffer,2026-08-29T18:45,2.28,248,7.55,1.6,236,7.05,0.6,124,27.1,33.0,273,0.0,True,No hazard,veraval_nodes_REAL_data_20260829_1319.csv
GJ-VER-0071,20.57663543,70.70860519,Gir Somnath,22.2 km seaward operational buffer,2026-08-29T18:45,2.28,248,7.55,1.6,236,7.05,0.6,124,27.1,34.2,272,0.1,True,No hazard,veraval_nodes_REAL_data_20260829_1319.csv
GJ-VER-0072,20.62168842,70.70734174,Gir Somnath,22.2 km seaward operational buffer,2026-08-29T18:45,2.1,244,7.65,1.52,235,7.0,0.6,124,26.2,32.6,268,0.0,True,No hazard,veraval_nodes_REAL_data_20260829_1319.csv
GJ-VER-0073,20.6667411,70.7060749,Gir Somnath,22.2 km seaward operational buffer,2026-08-29T18:45,1.74,238,7.8,1.34,236,6.75,0.4,117,25.7,28.2,265,0.0,True,No hazard,veraval_nodes_REAL_data_20260829_1319.csv
GJ-VER-0074,20.71179348,70.70480468,Gir Somnath,22.2 km seaward operational buffer,2026-08-29T18:45,1.74,238,7.8,1.34,236,6.75,0.4,117,25.7,22.4,266,0.0,True,No hazard,veraval_nodes_REAL_data_20260829_1319.csv
GJ-VER-0075,20.53276097,70.75769366,Gir Somnath,22.2 km seaward operational buffer,2026-08-29T18:45,2.28,248,7.55,1.62,236,7.05,0.8,135,27.0,34.2,272,0.0,True,No hazard,veraval_nodes_REAL_data_20260829_1319.csv
GJ-VER-0076,20.57781709,70.75644754,Gir Somnath,22.2 km seaward operational buffer,2026-08-29T18:45,2.28,248,7.55,1.62,236,7.05,0.8,135,27.0,34.2,272,0.0,True,No hazard,veraval_nodes_REAL_data_20260829_1319.csv
GJ-VER-0077,20.6228729,70.75519808,Gir Somnath,22.2 km seaward operational buffer,2026-08-29T18:45,2.1,244,7.65,1.52,235,6.95,0.8,135,26.1,32.6,268,0.0,True,No hazard,veraval_nodes_REAL_data_20260829_1319.csv
GJ-VER-0078,20.66792839,70.75394526,Gir Somnath,22.2 km seaward operational buffer,2026-08-29T18:45,1.62,238,7.7,1.24,236,6.7,0.3,135,25.6,22.4,266,0.0,True,No hazard,veraval_nodes_REAL_data_20260829_1319.csv
GJ-VER-0079,20.71298359,70.75268909,Gir Somnath,22.2 km seaward operational buffer,2026-08-29T18:45,1.62,238,7.7,1.24,236,6.7,0.3,135,25.6,22.4,266,0.0,True,No hazard,veraval_nodes_REAL_data_20260829_1319.csv
GJ-VER-0080,20.53392669,70.80552542,Gir Somnath,22.2 km seaward operational buffer,2026-08-29T18:45,2.28,248,7.55,1.62,236,7.05,0.8,135,27.0,33.9,274,0.0,True,No hazard,veraval_nodes_REAL_data_20260829_1319.csv
GJ-VER-0081,20.57898558,70.80429325,Gir Somnath,22.2 km seaward operational buffer,2026-08-29T18:45,2.28,248,7.55,1.62,236,7.05,0.8,135,27.0,34.2,272,0.0,True,No hazard,veraval_nodes_REAL_data_20260829_1319.csv
GJ-VER-0082,20.62404418,70.80305777,Gir Somnath,22.2 km seaward operational buffer,2026-08-29T18:45,2.1,244,7.65,1.52,235,6.95,0.8,135,26.1,31.4,266,0.0,True,No hazard,veraval_nodes_REAL_data_20260829_1319.csv
GJ-VER-0083,20.66910246,70.80181898,Gir Somnath,22.2 km seaward operational buffer,2026-08-29T18:45,1.62,238,7.7,1.24,236,6.7,0.3,135,25.6,21.2,264,0.0,True,No hazard,veraval_nodes_REAL_data_20260829_1319.csv
GJ-VER-0084,20.53507927,70.85336048,Gir Somnath,22.2 km seaward operational buffer,2026-08-29T18:45,2.28,248,7.5,1.62,236,7.05,0.7,166,26.9,34.4,271,0.0,True,No hazard,veraval_nodes_REAL_data_20260829_1319.csv
GJ-VER-0085,20.58014092,70.85214226,Gir Somnath,22.2 km seaward operational buffer,2026-08-29T18:45,2.28,248,7.5,1.62,236,7.05,0.7,166,26.9,34.4,271,0.0,True,No hazard,veraval_nodes_REAL_data_20260829_1319.csv
GJ-VER-0086,20.62520226,70.85092077,Gir Somnath,22.2 km seaward operational buffer,2026-08-29T18:45,2.12,242,7.65,1.54,234,7.0,0.7,180,26.1,31.4,266,0.0,True,No hazard,veraval_nodes_REAL_data_20260829_1319.csv
GJ-VER-0087,20.6702633,70.84969601,Gir Somnath,22.2 km seaward operational buffer,2026-08-29T18:45,1.56,235,7.65,1.16,232,6.65,0.4,207,25.8,21.5,262,0.0,True,No hazard,veraval_nodes_REAL_data_20260829_1319.csv
GJ-VER-0088,20.53621871,70.9011988,Gir Somnath,22.2 km seaward operational buffer,2026-08-29T18:45,2.28,248,7.5,1.62,236,7.05,0.7,166,26.9,34.7,274,0.0,True,No hazard,veraval_nodes_REAL_data_20260829_1319.csv
GJ-VER-0089,20.58128308,70.89999455,Gir Somnath,22.2 km seaward operational buffer,2026-08-29T18:45,2.28,248,7.5,1.62,236,7.05,0.7,166,26.9,34.4,271,0.0,True,No hazard,veraval_nodes_REAL_data_20260829_1319.csv
GJ-VER-0090,20.62634715,70.89878705,Gir Somnath,22.2 km seaward operational buffer,2026-08-29T18:45,2.12,242,7.65,1.54,234,7.0,0.7,180,26.1,32.3,266,0.0,True,No hazard,veraval_nodes_REAL_data_20260829_1319.csv
GJ-VER-0091,20.67141091,70.89757632,Gir Somnath,22.2 km seaward operational buffer,2026-08-29T18:45,1.56,235,7.65,1.16,232,6.65,0.4,207,25.8,21.5,262,0.0,True,No hazard,veraval_nodes_REAL_data_20260829_1319.csv
GJ-VER-0092,20.53734501,70.94904036,Gir Somnath,22.2 km seaward operational buffer,2026-08-29T18:45,2.24,248,7.45,1.58,236,7.05,0.9,169,26.8,35.3,271,0.0,True,No hazard,veraval_nodes_REAL_data_20260829_1319.csv
GJ-VER-0093,20.58241207,70.94785006,Gir Somnath,22.2 km seaward operational buffer,2026-08-29T18:45,2.24,248,7.45,1.58,236,7.05,0.9,169,26.8,35.3,271,0.0,True,No hazard,veraval_nodes_REAL_data_20260829_1319.csv
GJ-VER-0094,20.62747883,70.94665657,Gir Somnath,22.2 km seaward operational buffer,2026-08-29T18:45,2.08,242,7.6,1.5,234,7.0,0.7,194,26.1,32.3,266,0.0,True,No hazard,veraval_nodes_REAL_data_20260829_1319.csv
GJ-VER-0095,20.67254529,70.94545987,Gir Somnath,22.2 km seaward operational buffer,2026-08-29T18:45,1.48,233,7.55,1.12,230,6.65,1.0,225,26.0,22.5,260,0.0,True,No hazard,veraval_nodes_REAL_data_20260829_1319.csv
GJ-VER-0096,20.53845817,70.99688511,Gir Somnath,22.2 km seaward operational buffer,2026-08-29T18:45,2.24,248,7.45,1.58,236,7.05,0.9,169,26.8,35.6,269,0.0,True,No hazard,veraval_nodes_REAL_data_20260829_1319.csv
GJ-VER-0097,20.58352789,70.99570878,Gir Somnath,22.2 km seaward operational buffer,2026-08-29T18:45,2.08,242,7.6,1.5,234,7.0,0.7,194,26.1,35.6,269,0.0,True,No hazard,veraval_nodes_REAL_data_20260829_1319.csv
GJ-VER-0098,20.62859731,70.99452929,Gir Somnath,22.2 km seaward operational buffer,2026-08-29T18:45,2.08,242,7.6,1.5,234,7.0,0.7,194,26.1,34.0,264,0.0,True,No hazard,veraval_nodes_REAL_data_20260829_1319.csv
GJ-VER-0099,20.67366643,70.99334663,Gir Somnath,22.2 km seaward operational buffer,2026-08-29T18:45,1.48,233,7.55,1.12,230,6.65,1.0,225,26.0,22.5,260,0.0,True,No hazard,veraval_nodes_REAL_data_20260829_1319.csv
GJ-VER-0100,20.53955818,71.04473301,Gir Somnath,22.2 km seaward operational buffer,2026-08-29T18:45,2.22,247,7.4,1.56,236,7.1,1.1,180,26.8,35.6,269,0.0,True,No hazard,veraval_nodes_REAL_data_20260829_1319.csv
GJ-VER-0101,20.58463052,71.04357065,Gir Somnath,22.2 km seaward operational buffer,2026-08-29T18:45,1.98,242,7.5,1.38,234,7.1,1.1,198,26.1,35.6,269,0.0,True,No hazard,veraval_nodes_REAL_data_20260829_1319.csv
GJ-VER-0102,20.62970257,71.04240517,Gir Somnath,22.2 km seaward operational buffer,2026-08-29T18:45,1.98,242,7.5,1.38,234,7.1,1.1,198,26.1,34.0,264,0.0,True,No hazard,veraval_nodes_REAL_data_20260829_1319.csv
GJ-VER-0103,20.67477432,71.04123656,Gir Somnath,22.2 km seaward operational buffer,2026-08-29T18:45,1.42,235,7.4,1.02,229,6.75,1.2,231,26.1,23.3,259,0.0,True,No hazard,veraval_nodes_REAL_data_20260829_1319.csv
GJ-VER-0104,20.71984577,71.04006482,Gir Somnath,22.2 km seaward operational buffer,2026-08-29T18:45,1.42,235,7.4,1.02,229,6.75,1.2,231,26.1,23.3,259,0.0,True,No hazard,veraval_nodes_REAL_data_20260829_1319.csv
GJ-VER-0105,20.54064504,71.09258403,Gir Somnath,22.2 km seaward operational buffer,2026-08-29T18:45,2.16,247,7.35,1.52,238,7.1,1.3,196,26.8,35.3,267,0.0,True,No hazard,veraval_nodes_REAL_data_20260829_1319.csv
GJ-VER-0106,20.58571998,71.09143565,Gir Somnath,22.2 km seaward operational buffer,2026-08-29T18:45,1.86,243,7.4,1.26,233,7.15,1.3,214,26.1,35.3,267,0.0,True,No hazard,veraval_nodes_REAL_data_20260829_1319.csv
GJ-VER-0107,20.63079462,71.09028418,Gir Somnath,22.2 km seaward operational buffer,2026-08-29T18:45,1.86,243,7.4,1.26,233,7.15,1.3,214,26.1,35.1,262,0.0,True,No hazard,veraval_nodes_REAL_data_20260829_1319.csv
GJ-VER-0108,20.67586897,71.08912962,Gir Somnath,22.2 km seaward operational buffer,2026-08-29T18:45,1.36,236,7.2,0.94,228,6.85,1.5,240,26.1,23.3,259,0.0,True,No hazard,veraval_nodes_REAL_data_20260829_1319.csv
GJ-VER-0109,20.72094302,71.08797196,Gir Somnath,22.2 km seaward operational buffer,2026-08-29T18:45,1.36,236,7.2,0.94,228,6.85,1.5,240,26.1,23.3,259,0.0,True,No hazard,veraval_nodes_REAL_data_20260829_1319.csv
GJ-VER-0110,20.58679624,71.13930373,Gir Somnath,22.2 km seaward operational buffer,2026-08-29T18:45,1.86,243,7.4,1.26,233,7.15,1.3,214,26.1,35.3,267,0.0,True,No hazard,veraval_nodes_REAL_data_20260829_1319.csv
GJ-VER-0111,20.63187345,71.13816627,Gir Somnath,22.2 km seaward operational buffer,2026-08-29T18:45,1.86,243,7.4,1.26,233,7.15,1.3,214,26.1,35.1,262,0.0,True,No hazard,veraval_nodes_REAL_data_20260829_1319.csv
GJ-VER-0112,20.67695037,71.13702577,Gir Somnath,22.2 km seaward operational buffer,2026-08-29T18:45,1.36,236,7.2,0.94,228,6.85,1.5,240,26.1,23.3,259,0.0,True,No hazard,veraval_nodes_REAL_data_20260829_1319.csv
GJ-VER-0113,20.72202699,71.13588221,Gir Somnath,22.2 km seaward operational buffer,2026-08-29T18:45,1.36,236,7.2,0.94,228,6.85,1.5,240,26.1,23.3,259,0.0,True,No hazard,veraval_nodes_REAL_data_20260829_1319.csv
GJ-VER-0114,20.58785932,71.18717485,Gir Somnath,22.2 km seaward operational buffer,2026-08-29T18:45,1.76,243,7.25,1.14,232,7.2,1.7,229,26.3,33.6,265,0.0,True,No hazard,veraval_nodes_REAL_data_20260829_1319.csv
GJ-VER-0115,20.63293906,71.18605142,Gir Somnath,22.2 km seaward operational buffer,2026-08-29T18:45,1.76,243,7.25,1.14,232,7.2,1.7,229,26.3,34.9,260,0.0,True,No hazard,veraval_nodes_REAL_data_20260829_1319.csv
GJ-VER-0116,20.67801851,71.18492497,Gir Somnath,22.2 km seaward operational buffer,2026-08-29T18:45,1.3,238,6.95,0.84,228,6.95,1.9,241,26.3,23.3,259,0.0,True,No hazard,veraval_nodes_REAL_data_20260829_1319.csv
GJ-VER-0117,20.72309767,71.1837955,Gir Somnath,22.2 km seaward operational buffer,2026-08-29T18:45,1.3,238,6.95,0.84,228,6.95,1.9,241,26.3,23.3,259,0.0,True,No hazard,veraval_nodes_REAL_data_20260829_1319.csv
GJ-VER-0118,20.76817653,71.18266302,Gir Somnath,22.2 km seaward operational buffer,2026-08-29T18:45,0.9,234,6.15,0.6,221,6.45,1.9,248,26.9,21.9,256,0.0,True,No hazard,veraval_nodes_REAL_data_20260829_1319.csv
GJ-VER-0119,20.5889092,71.23504899,Gir Somnath,22.2 km seaward operational buffer,2026-08-29T18:45,1.76,243,7.25,1.14,232,7.2,1.7,229,26.3,33.6,265,0.0,True,No hazard,veraval_nodes_REAL_data_20260829_1319.csv
GJ-VER-0120,20.63399145,71.23393958,Gir Somnath,22.2 km seaward operational buffer,2026-08-29T18:45,1.76,243,7.25,1.14,232,7.2,1.7,229,26.3,34.9,260,0.0,True,No hazard,veraval_nodes_REAL_data_20260829_1319.csv
GJ-VER-0121,20.6790734,71.23282719,Gir Somnath,22.2 km seaward operational buffer,2026-08-29T18:45,1.3,238,6.95,0.84,228,6.95,1.9,241,26.3,34.4,257,0.0,True,No hazard,veraval_nodes_REAL_data_20260829_1319.csv
GJ-VER-0122,20.72415507,71.23171182,Gir Somnath,22.2 km seaward operational buffer,2026-08-29T18:45,1.3,238,6.95,0.84,228,6.95,1.9,241,26.3,34.4,257,0.0,True,No hazard,veraval_nodes_REAL_data_20260829_1319.csv
GJ-VER-0123,20.76923643,71.23059347,Gir Somnath,22.2 km seaward operational buffer,2026-08-29T18:45,0.9,234,6.15,0.6,221,6.45,1.9,248,26.9,23.7,253,0.0,True,No hazard,veraval_nodes_REAL_data_20260829_1319.csv
GJ-VER-0124,20.63503061,71.28183071,Gir Somnath,22.2 km seaward operational buffer,2026-08-29T18:45,1.74,243,7.15,1.08,232,7.25,1.9,236,26.5,35.1,259,0.0,True,No hazard,veraval_nodes_REAL_data_20260829_1319.csv
GJ-VER-0125,20.68011503,71.28073239,Gir Somnath,22.2 km seaward operational buffer,2026-08-29T18:45,1.28,238,6.7,0.78,228,7.05,2.1,239,26.4,34.4,257,0.0,True,No hazard,veraval_nodes_REAL_data_20260829_1319.csv
GJ-VER-0126,20.72519917,71.27963113,Gir Somnath,22.2 km seaward operational buffer,2026-08-29T18:45,1.28,238,6.7,0.78,228,7.05,2.1,239,26.4,34.4,257,0.0,True,No hazard,veraval_nodes_REAL_data_20260829_1319.csv
GJ-VER-0127,20.77028301,71.27852692,Gir Somnath,22.2 km seaward operational buffer,2026-08-29T18:45,0.94,234,6.1,0.58,221,6.55,2.3,241,26.9,23.7,253,0.0,True,No hazard,veraval_nodes_REAL_data_20260829_1319.csv
GJ-VER-0128,20.81536657,71.27741976,Gir Somnath,22.2 km seaward operational buffer,2026-08-29T18:45,0.94,234,6.1,0.58,221,6.55,2.3,241,26.9,23.7,253,0.0,True,No hazard,veraval_nodes_REAL_data_20260829_1319.csv
GJ-VER-0129,20.63605653,71.32972479,Gir Somnath,22.2 km seaward operational buffer,2026-08-29T18:45,1.74,243,7.15,1.08,232,7.25,1.9,236,26.5,35.1,259,0.0,True,No hazard,veraval_nodes_REAL_data_20260829_1319.csv
GJ-VER-0130,20.6811434,71.32864054,Gir Somnath,22.2 km seaward operational buffer,2026-08-29T18:45,1.28,238,6.7,0.78,228,7.05,2.1,239,26.4,37.6,255,0.0,True,No hazard,veraval_nodes_REAL_data_20260829_1319.csv
GJ-VER-0131,20.72622998,71.32755338,Gir Somnath,22.2 km seaward operational buffer,2026-08-29T18:45,1.28,238,6.7,0.78,228,7.05,2.1,239,26.4,37.6,255,0.0,True,No hazard,veraval_nodes_REAL_data_20260829_1319.csv
GJ-VER-0132,20.77131627,71.32646331,Gir Somnath,22.2 km seaward operational buffer,2026-08-29T18:45,0.94,234,6.1,0.58,221,6.55,2.3,241,26.9,23.7,253,0.0,True,No hazard,veraval_nodes_REAL_data_20260829_1319.csv
GJ-VER-0133,20.81640226,71.32537034,Gir Somnath,22.2 km seaward operational buffer,2026-08-29T18:45,0.94,234,6.1,0.58,221,6.55,2.3,241,26.9,23.7,253,0.0,True,No hazard,veraval_nodes_REAL_data_20260829_1319.csv
GJ-VER-0134,20.6821585,71.37655158,Gir Somnath,22.2 km seaward operational buffer,2026-08-29T18:45,1.38,239,6.6,0.74,226,7.25,2.4,243,26.6,37.6,255,0.0,True,No hazard,veraval_nodes_REAL_data_20260829_1319.csv
GJ-VER-0135,20.72724749,71.37547854,Gir Somnath,22.2 km seaward operational buffer,2026-08-29T18:45,1.38,239,6.6,0.74,226,7.25,2.4,243,26.6,37.6,255,0.0,True,No hazard,veraval_nodes_REAL_data_20260829_1319.csv
GJ-VER-0136,20.77233619,71.37440262,Gir Somnath,22.2 km seaward operational buffer,2026-08-29T18:45,1.06,234,6.1,0.58,221,6.75,2.6,245,27.0,34.7,254,0.0,True,No hazard,veraval_nodes_REAL_data_20260829_1319.csv
GJ-VER-0137,20.8174246,71.37332383,Gir Somnath,22.2 km seaward operational buffer,2026-08-29T18:45,1.06,234,6.1,0.58,221,6.75,2.6,245,27.0,22.3,247,0.0,True,No hazard,veraval_nodes_REAL_data_20260829_1319.csv
GJ-VER-0138,20.77334278,71.4223448,Gir Somnath,22.2 km seaward operational buffer,2026-08-29T18:45,1.26,233,6.25,0.6,220,7.1,2.7,242,27.1,38.2,253,0.0,True,No hazard,veraval_nodes_REAL_data_20260829_1319.csv
GJ-VER-0139,20.81843357,71.4212802,Gir Somnath,22.2 km seaward operational buffer,2026-08-29T18:45,1.26,233,6.25,0.6,220,7.1,2.7,242,27.1,22.3,247,0.0,True,No hazard,veraval_nodes_REAL_data_20260829_1319.csv
GJ-VER-0140,20.86352407,71.42021276,Gir Somnath,22.2 km seaward operational buffer,2026-08-29T18:45,0.92,233,5.85,0.48,220,6.55,2.7,247,27.9,22.3,247,0.0,True,No hazard,veraval_nodes_REAL_data_20260829_1319.csv
